"Region","total_DDD","total_DDD_2024","population","DDDs_per_1000","Source","region","name"
"East of England",281061.386323817,48386.4973726991,6401418,7.56,"Secondary","East Of England",NA
"London",1173080.06384219,227666.731385391,8869043,25.67,"Secondary","London",NA
"Midlands",1130304.47405777,214674.400011239,10951858,19.6,"Secondary","Midlands",NA
"North East And Yorkshire",614624.653484755,107095.950858145,8220282,13.03,"Secondary","North East And Yorkshire",NA
"North West",664240.421461986,118021.946658653,7515718,15.7,"Secondary","North West",NA
"South East",623867.513416431,109345.962388509,9387286,11.65,"Secondary","South East",NA
"South West",403734.096432776,73110.7186094113,5766937,12.68,"Secondary","South West",NA
