"Region","population","total_DDD_2024","total_DDD","DDDs_per_1000","Source","region","name"
"East of England",6401418,48386.4973726991,281061.386323817,7.56,"Secondary","East Of England",NA
"London",8869043,227666.731385391,1173080.06384219,25.67,"Secondary","London",NA
"Midlands",10951858,214674.400011239,1130304.47405777,19.6,"Secondary","Midlands",NA
"North East And Yorkshire",8220282,107095.950858145,614624.653484755,13.03,"Secondary","North East And Yorkshire",NA
"North West",7515718,118021.946658653,664240.421461986,15.7,"Secondary","North West",NA
"South East",9387286,109345.962388509,623867.513416431,11.65,"Secondary","South East",NA
"South West",5766937,73110.7186094113,403734.096432776,12.68,"Secondary","South West",NA
