"region","total_DDD_2024","name","population","DDDs_per_1000"
"East Of England",14518.5396508279,"UKH",6889610,2.11
"London",37030.0635457163,"UKF",9089736,4.07
"Midlands",49873.7446364291,"UKG",11250368,4.43
"North East And Yorkshire",54723.9587832973,"UKE",8755647,6.25
"North West",36126.7981425486,"UKD",7415407,4.87
"South East",41751.3689668826,"UKJ",9322323,4.48
"South West",17809.6882649388,"UKK",5897010,3.02
