"region","total_DDD_2024","name","population","DDDs_per_1000"
"East Of England",14518.5396508279,"UKH",6401418,2.27
"London",37030.0635457163,"UKF",8869043,4.18
"Midlands",49873.7446364291,"UKG",10951858,4.55
"North East And Yorkshire",54723.9587832973,"UKE",8220282,6.66
"North West",36126.7981425486,"UKD",7515718,4.81
"South East",41751.3689668826,"UKJ",9387286,4.45
"South West",17809.6882649388,"UKK",5766937,3.09
