"region","total_DDD_2024","name","population","DDD/population"
"East Of England",14518.5396508279,"UKH",6401418,0.00226801931241296
"London",37030.0635457163,"UKF",8869043,0.00417520397022727
"Midlands",49873.7446364291,"UKG",10951858,0.00455390716684138
"North East And Yorkshire",54723.9587832973,"UKE",8220282,0.00665718752511134
"North West",36126.7981425486,"UKD",7515718,0.00480683257974136
"South East",41751.3689668826,"UKJ",9387286,0.00444765068059955
"South West",17809.6882649388,"UKK",5766937,0.00308824047582604
