"year","total_DDD_sum"
2019,12526153.3516014
2020,12450466.8799561
2021,11818554.8267724
2022,11488620.0070373
2023,11254647.2079581
2024,11138278.4487605
