practice_code,ord_name,ord_status,country,ref_only,sub_icb_code,region_code,region,data_source,ro76_period_count
A81001,THE DENSHAM SURGERY,Active,ENGLAND,False,16C,QHM,,full,1
A81002,QUEENS PARK MEDICAL CENTRE,Active,ENGLAND,False,16C,QHM,,full,1
A81003,VICTORIA MEDICAL PRACTICE,Inactive,ENGLAND,False,00K,,,full,1
A81004,ACKLAM MEDICAL CENTRE,Active,ENGLAND,False,16C,QHM,,full,1
A81005,SPRINGWOOD SURGERY,Active,ENGLAND,False,16C,QHM,,full,1
A81006,TENNANT STREET MEDICAL PRACTICE,Active,ENGLAND,False,16C,QHM,,full,1
A81007,BANKHOUSE SURGERY,Active,ENGLAND,False,16C,QHM,,full,1
A81008,ALBERT HOUSE CLINIC,Inactive,ENGLAND,False,00M,,,full,1
A81009,VILLAGE MEDICAL CENTRE,Active,ENGLAND,False,16C,QHM,,full,1
A81010,HART LODGE,Inactive,ENGLAND,False,,,,archive,1
A81011,CHADWICK PRACTICE,Active,ENGLAND,False,16C,QHM,,full,1
A81012,WESTBOURNE MEDICAL CENTRE,Active,ENGLAND,False,16C,QHM,,full,1
A81013,BROTTON SURGERY,Active,ENGLAND,False,16C,QHM,,full,1
A81014,QUEENSTREE PRACTICE,Active,ENGLAND,False,16C,QHM,,full,1
A81015,LAGAN SURGERY,Inactive,ENGLAND,False,00M,,,full,1
A81016,PARK SURGERY,Active,ENGLAND,False,16C,QHM,,full,1
A81017,WOODBRIDGE PRACTICE,Active,ENGLAND,False,16C,QHM,,full,1
A81018,BENTLEY MEDICAL PRACTICE,Active,ENGLAND,False,16C,QHM,,full,1
A81019,CROSSFELL HEALTH CENTRE,Active,ENGLAND,False,16C,QHM,,full,1
A81020,MARTONSIDE MEDICAL CENTRE,Active,ENGLAND,False,16C,QHM,,full,1
A81021,NORMANBY MEDICAL CENTRE,Active,ENGLAND,False,16C,QHM,,full,1
A81022,HILLSIDE PRACTICE,Active,ENGLAND,False,16C,QHM,,full,1
A81023,THE ENDEAVOUR PRACTICE,Active,ENGLAND,False,16C,QHM,,full,1
A81025,THE DOVECOT SURGERY,Active,ENGLAND,False,16C,QHM,,full,1
A81026,LINTHORPE SURGERY,Active,ENGLAND,False,16C,QHM,,full,1
A81027,YARM MEDICAL PRACTICE,Active,ENGLAND,False,16C,QHM,,full,1
A81029,PROSPECT SURGERY,Active,ENGLAND,False,16C,QHM,,full,1
A81030,BOROUGH ROAD & NUNTHORPE MEDICAL GROUP,Active,ENGLAND,False,16C,QHM,,full,1
A81031,HAVELOCK GRANGE PRACTICE,Active,ENGLAND,False,16C,QHM,,full,1
A81032,THE GARTH,Active,ENGLAND,False,16C,QHM,,full,1
A81033,OAKFIELD MEDICAL PRACTICE,Inactive,ENGLAND,False,00M,,,full,1
A81034,THORNABY & BARWICK MEDICAL GROUP,Active,ENGLAND,False,16C,QHM,,full,1
A81035,NEWLANDS MEDICAL CENTRE,Active,ENGLAND,False,16C,QHM,,full,1
A81036,NORTON MEDICAL CENTRE,Active,ENGLAND,False,16C,QHM,,full,1
A81037,THE ERIMUS PRACTICE,Active,ENGLAND,False,16C,QHM,,full,1
A81038,HIRSEL MEDICAL CENTRE,Active,ENGLAND,False,16C,QHM,,full,1
A81039,EAGLESCLIFFE MEDICAL PRACTICE,Active,ENGLAND,False,16C,QHM,,full,1
A81040,MARSH HOUSE MEDICAL PRACTICE,Active,ENGLAND,False,16C,QHM,,full,1
A81041,HART MEDICAL PRACTICE,Active,ENGLAND,False,16C,QHM,,full,1
A81042,SOUTH GRANGE MEDICAL GROUP PRACTICE,Active,ENGLAND,False,16C,QHM,,full,1
A81043,THE MANOR HOUSE SURGERY,Inactive,ENGLAND,False,16C,QHM,,full,1
A81044,MCKENZIE HOUSE SURGERY,Active,ENGLAND,False,16C,QHM,,full,1
A81045,THE COATHAM ROAD SURGERY,Active,ENGLAND,False,16C,QHM,,full,1
A81046,WOODLANDS FAMILY MEDICAL CENTRE,Active,ENGLAND,False,16C,QHM,,full,1
A81047,MARSKE MEDICAL CENTRE,Inactive,ENGLAND,False,00M,,,full,1
A81048,ZETLAND MEDICAL PRACTICE,Active,ENGLAND,False,16C,QHM,,full,1
A81049,KINGS MEDICAL CENTRE,Active,ENGLAND,False,16C,QHM,,full,1
A81051,CAMBRIDGE MEDICAL GROUP,Active,ENGLAND,False,16C,QHM,,full,1
A81052,THE GREEN HOUSE SURGERY,Active,ENGLAND,False,16C,QHM,,full,1
A81053,WOODSIDE SURGERY,Active,ENGLAND,False,16C,QHM,,full,1
A81054,THE SALTSCAR SURGERY,Active,ENGLAND,False,16C,QHM,,full,1
A81056,MELROSE SURGERY,Active,ENGLAND,False,16C,QHM,,full,1
A81057,KINGSWAY MEDICAL CENTRE,Active,ENGLAND,False,16C,QHM,,full,1
A81058,COULBY MEDICAL PRACTICE,Active,ENGLAND,False,16C,QHM,,full,1
A81060,WEST QUAY MEDICAL PRACTICE,Active,ENGLAND,False,16C,QHM,,full,1
A81063,THE HEADLAND MEDICAL CENTRE,Active,ENGLAND,False,16C,QHM,,full,1
A81064,THE DISCOVERY PRACTICE,Active,ENGLAND,False,16C,QHM,,full,1
A81065,THE ESTON SURGERY,Active,ENGLAND,False,16C,QHM,,full,1
A81066,PARK LANE SURGERY,Active,ENGLAND,False,16C,QHM,,full,1
A81067,ALMA MEDICAL CENTRE,Active,ENGLAND,False,16C,QHM,,full,1
A81068,GRANGE HOUSE SURGERY,Inactive,ENGLAND,False,,,,archive,1
A81069,RAINBOW SURGERY,Inactive,ENGLAND,False,00M,,,archive,1
A81070,MCKENZIE GROUP PRACTICE,Active,ENGLAND,False,16C,QHM,,full,1
A81071,MILLENNIUM SURGERY,Inactive,ENGLAND,False,,,,archive,1
A81602,DR RASOOL,Active,ENGLAND,False,16C,QHM,,full,1
A81605,PARK AVENUE SURGERY,Inactive,ENGLAND,False,00M,,,archive,1
A81608,ELM TREE SURGERY,Active,ENGLAND,False,16C,QHM,,full,1
A81609,TENNANT STREET MEDICAL PRACTICE,Inactive,ENGLAND,False,00K,,,full,1
A81610,THE ROSEBERRY PRACTICE,Active,ENGLAND,False,16C,QHM,,full,1
A81611,PARKWAY MEDICAL CENTRE,Active,ENGLAND,False,16C,QHM,,full,1
A81612,THE PATEL PRACTICE,Active,ENGLAND,False,16C,QHM,,full,1
A81613,JOURNEE MEDICAL PRACTICE,Inactive,ENGLAND,False,00K,,,full,1
A81618,HUNTCLIFF SURGERY,Active,ENGLAND,False,16C,QHM,,full,1
A81620,DR CHOUDHURY,Inactive,ENGLAND,False,,,,archive,1
A81621,THORNTREE SURGERY,Active,ENGLAND,False,16C,QHM,,full,1
A81622,GLADSTONE HOUSE SURGERY,Active,ENGLAND,False,16C,QHM,,full,1
A81623,NORTH SHORE MEDICAL PRACTICE,Inactive,ENGLAND,False,00K,,,full,1
A81627,BARLEY FIELDS MEDICAL CENTRE,Inactive,ENGLAND,False,,,,archive,1
A81629,RIVERSIDE MEDICAL PRACTICE,Active,ENGLAND,False,16C,QHM,,full,1
A81630,FOUNDATIONS,Inactive,ENGLAND,False,,,,full,1
A81631,WEST VIEW MILLENIUM SURGERY A,Active,ENGLAND,False,16C,QHM,,full,1
A81632,LAWSON STREET PRACTICE,Inactive,ENGLAND,False,16C,QHM,,full,1
A81633,FOUNDATIONS -HARRIS STREET,Inactive,ENGLAND,False,16C,QHM,,full,1
A81634,THE ARRIVAL PRACTICE,Active,ENGLAND,False,16C,QHM,,full,1
A82003,ULVERSTON MEDICAL PRACTICE,Active,ENGLAND,False,01K,QE1,,full,1
A82004,ALSTON MEDICAL PRACTICE,Active,ENGLAND,False,01H,QHM,,full,1
A82005,AMBLESIDE HEALTH CENTRE,Active,ENGLAND,False,01K,QE1,,full,1
A82006,APPLEBY MEDICAL PRACTICE,Active,ENGLAND,False,01H,QHM,,full,1
A82007,DUKE STREET SURGERY,Active,ENGLAND,False,01K,QE1,,full,1
A82008,NORWOOD MEDICAL CENTRE,Active,ENGLAND,False,01K,QE1,,full,1
A82009,BRIDGEGATE MEDICAL CENTRE,Active,ENGLAND,False,01K,QE1,,full,1
A82010,ABBEY ROAD SURGERY,Active,ENGLAND,False,01K,QE1,,full,1
A82011,HARTINGTON STREET MEDICAL PRACTICE,Inactive,ENGLAND,False,01H,QHM,,archive,1
A82012,BRAMPTON MEDICAL PRACTICE,Active,ENGLAND,False,01H,QHM,,full,1
A82013,UPPER EDEN MEDICAL PRACTICE,Active,ENGLAND,False,01H,QHM,,full,1
A82014,CALDBECK SURGERY,Active,ENGLAND,False,01H,QHM,,full,1
A82015,CARLISLE CENTRAL PRACTICE,Active,ENGLAND,False,01H,QHM,,full,1
A82016,CARLISLE HEALTHCARE,Active,ENGLAND,False,01H,QHM,,full,1
A82017,BRUNSWICK HOUSE MEDICAL GROUP,Inactive,ENGLAND,False,01H,QHM,,full,1
A82018,SPENCER ST SURGERY,Active,ENGLAND,False,01H,QHM,,full,1
A82019,FUSEHILL MEDICAL PRACTICE,Inactive,ENGLAND,False,01H,QHM,,full,1
A82020,EDEN MEDICAL GROUP,Active,ENGLAND,False,01H,QHM,,full,1
A82021,CASTLEGATE AND DERWENT SURGERY,Active,ENGLAND,False,01H,QHM,,full,1
A82022,DALSTON MEDICAL GROUP,Active,ENGLAND,False,01H,QHM,,full,1
A82023,DISTINGTON SURGERY,Active,ENGLAND,False,01H,QHM,,full,1
A82024,SEASCALE HEALTH CENTRE,Active,ENGLAND,False,01H,QHM,,full,1
A82025,CAPTAIN FRENCH SURGERY,Active,ENGLAND,False,01K,QE1,,full,1
A82026,THE JAMES COCHRANE PRACT.,Active,ENGLAND,False,01K,QE1,,full,1
A82027,STATION HOUSE SURGERY,Active,ENGLAND,False,01K,QE1,,full,1
A82028,CASTLEHEAD MEDICAL CENTRE,Active,ENGLAND,False,01H,QHM,,full,1
A82029,THE CROFT SURGERY,Active,ENGLAND,False,01H,QHM,,full,1
A82030,LUNESDALE SURGERY,Active,ENGLAND,False,01K,QE1,,full,1
A82031,SHAP MEDICAL PRACTICE,Active,ENGLAND,False,01H,QHM,,full,1
A82032,MARYPORT HEALTH SERVICES,Active,ENGLAND,False,01H,QHM,,full,1
A82033,WATERLOO HOUSE SURGERY,Active,ENGLAND,False,01K,QE1,,full,1
A82034,STONELEIGH SURGERY,Inactive,ENGLAND,False,01K,QE1,,full,1
A82035,BIRBECK MEDICAL GROUP,Active,ENGLAND,False,01H,QHM,,full,1
A82036,THE LAKES MEDICAL PRACTICE,Active,ENGLAND,False,01H,QHM,,full,1
A82037,SILLOTH GROUP MEDICAL PRACTICE,Active,ENGLAND,False,01H,QHM,,full,1
A82038,TEMPLE SOWERBY MEDICAL PRACTICE,Active,ENGLAND,False,01H,QHM,,full,1
A82039,DALTON SURGERY,Active,ENGLAND,False,01K,QE1,,full,1
A82040,CATHERINE STREET SURGERY,Inactive,ENGLAND,False,01H,QHM,,full,1
A82041,LOWTHER MEDICAL CENTRE,Active,ENGLAND,False,01H,QHM,,full,1
A82042,FLATT WALKS SURGERY,Inactive,ENGLAND,False,,,,archive,1
A82044,FELLVIEW HEALTHCARE,Active,ENGLAND,False,01H,QHM,,full,1
A82045,WIGTON GROUP MEDICAL PRACTICE,Active,ENGLAND,False,01H,QHM,,full,1
A82046,WINDERMERE HEALTH CENTRE,Active,ENGLAND,False,01K,QE1,,full,1
A82047,JAMES STREET GROUP PRACT,Active,ENGLAND,False,01H,QHM,,full,1
A82048,BEECHWOOD GROUP PRACTICE,Inactive,ENGLAND,False,01H,QHM,,full,1
A82049,ORCHARD HOUSE SURGERY,Inactive,ENGLAND,False,01H,QHM,,full,1
A82050,OXFORD STREET SURGERY,Inactive,ENGLAND,False,01H,QHM,,full,1
A82052,NORTH CARLISLE MEDICAL PRACTICE,Inactive,ENGLAND,False,01H,QHM,,full,1
A82053,NUTWOOD MEDICAL PRACTICE,Active,ENGLAND,False,01K,QE1,,full,1
A82055,ASPATRIA MEDICAL GROUP,Active,ENGLAND,False,01H,QHM,,full,1
A82057,DERWENT HOUSE SURGERY,Inactive,ENGLAND,False,01H,QHM,,full,1
A82058,QUEEN STREET MEDICAL PRACTICE,Inactive,ENGLAND,False,01H,QHM,,full,1
A82060,WHITEHAVEN MEDICAL CENTRE,Inactive,ENGLAND,False,01H,QHM,,full,1
A82062,ATKINSON HEALTH CENTRE,Active,ENGLAND,False,01K,QE1,,full,1
A82063,BANK STREET SURGERY,Inactive,ENGLAND,False,01H,QHM,,full,1
A82064,WESTCROFT HOUSE SURGERY,Active,ENGLAND,False,01H,QHM,,full,1
A82065,PENINSULA MEDICAL PRACTICE,Inactive,ENGLAND,False,01K,QE1,,full,1
A82068,ULVERSTON COMMUNITY HEALTH CENTRE,Active,ENGLAND,False,01K,QE1,,full,1
A82070,ST. MARY'S SURGERY,Active,ENGLAND,False,01K,QE1,,full,1
A82071,BURNETT EDGAR MEDICAL CTR,Active,ENGLAND,False,01K,QE1,,full,1
A82072,RISEDALE SURGERY,Active,ENGLAND,False,01K,QE1,,full,1
A82074,ARNSIDE SURGERY,Inactive,ENGLAND,False,01K,QE1,,full,1
A82075,MANSION HOUSE SURGERY,Active,ENGLAND,False,01H,QHM,,full,1
A82077,LIVERPOOL HOUSE SURGERY,Inactive,ENGLAND,False,01K,QE1,,full,1
A82608,SEDBERGH MEDICAL PRACTICE,Active,ENGLAND,False,01K,QE1,,full,1
A82609,DR GW STITT'S PRACTICE,Inactive,ENGLAND,False,,,,archive,1
A82613,WRAYSDALE HOUSE SURGERY,Active,ENGLAND,False,01K,QE1,,full,1
A82614,SOLWAY VIEW PRACTICE,Inactive,ENGLAND,False,,,,archive,1
A82617,KIRKOSWALD SURGERY,Active,ENGLAND,False,01H,QHM,,full,1
A82619,NELSON STREET SURGERY,Inactive,ENGLAND,False,01H,QHM,,archive,1
A82620,GLENRIDDING HEALTH CENTRE,Active,ENGLAND,False,01H,QHM,,full,1
A82621,ASKAM SURGERY,Inactive,ENGLAND,False,01K,QE1,,full,1
A82622,SEDBERGH SCHOOL MED CTR,Inactive,ENGLAND,False,,,,archive,1
A82623,SOLWAY HEALTH SERVICES,Inactive,ENGLAND,False,01H,QHM,,full,1
A82625,PENNY BRIDGE SURGERY,Inactive,ENGLAND,False,,,,archive,1
A82629,THE FAMILY PRACTICE,Active,ENGLAND,False,01K,QE1,,full,1
A82631,COURT THORN SURGERY,Active,ENGLAND,False,01H,QHM,,full,1
A82632,WARWICK ROAD SURGERY,Inactive,ENGLAND,False,,,,archive,1
A82635,GROSVENOR HOUSE SURGERY (W),Inactive,ENGLAND,False,01H,QHM,,archive,1
A82641,GROSVENOR HOUSE SURGERY (F),Inactive,ENGLAND,False,01H,QHM,,archive,1
A82642,HAWKSHEAD MEDICAL PRACTICE,Inactive,ENGLAND,False,01H,QHM,,full,1
A82646,LONGTOWN MEDICAL CENTRE,Active,ENGLAND,False,01H,QHM,,full,1
A82647,CARTMEL SURGERY,Active,ENGLAND,False,01K,QE1,,full,1
A82650,HAVERTHWAITE SURGERY,Active,ENGLAND,False,01K,QE1,,full,1
A82651,DUDDON VALLEY MEDICAL PRACTICE,Active,ENGLAND,False,01K,QE1,,full,1
A82654,WARWICK SQUARE GROUP PRACTICE,Active,ENGLAND,False,01H,QHM,,full,1
A83001,ST ANDREW'S MEDICAL PRACTICE,Active,ENGLAND,False,84H,QHM,,full,1
A83003,WILLINGTON MEDICAL GROUP,Active,ENGLAND,False,84H,QHM,,full,1
A83004,AVENUE FAMILY PRACTICE,Inactive,ENGLAND,False,84H,QHM,,full,1
A83005,WHINFIELD MEDICAL PRACTICE,Active,ENGLAND,False,16C,QHM,,full,1
A83006,ORCHARD COURT SURGERY,Active,ENGLAND,False,16C,QHM,,full,1
A83007,BLACKHALL AND PETERLEE PRACTICE,Active,ENGLAND,False,84H,QHM,,full,1
A83008,HALLGARTH SURGERY,Active,ENGLAND,False,84H,QHM,,full,1
A83009,BRIDGE END SURGERY,Active,ENGLAND,False,84H,QHM,,full,1
A83010,MOORLANDS SURGERY,Active,ENGLAND,False,16C,QHM,,full,1
A83011,CLAYPATH & UNIVERSITY MEDICAL GROUP,Active,ENGLAND,False,84H,QHM,,full,1
A83012,WILLIAM BROWN CENTRE,Active,ENGLAND,False,84H,QHM,,full,1
A83013,NEASHAM ROAD SURGERY,Active,ENGLAND,False,16C,QHM,,full,1
A83014,BELMONT & SHERBURN MEDICAL GROUP,Active,ENGLAND,False,84H,QHM,,full,1
A83015,STATION VIEW MEDICAL CENTRE,Active,ENGLAND,False,84H,QHM,,full,1
A83016,TANFIELD VIEW MEDICAL GROUP,Active,ENGLAND,False,84H,QHM,,full,1
A83017,PHOENIX MEDICAL GROUP,Inactive,ENGLAND,False,84H,QHM,,full,1
A83018,CONSETT MEDICAL CENTRE,Active,ENGLAND,False,84H,QHM,,full,1
A83019,STATION ROAD SURGERY,Inactive,ENGLAND,False,84H,QHM,,full,1
A83020,NORTH HOUSE SURGERY,Active,ENGLAND,False,84H,QHM,,full,1
A83021,AUCKLAND MEDICAL GROUP,Active,ENGLAND,False,84H,QHM,,full,1
A83022,THE MEDICAL GROUP,Active,ENGLAND,False,84H,QHM,,full,1
A83023,STANLEY MEDICAL GROUP,Active,ENGLAND,False,84H,QHM,,full,1
A83024,WEST RAINTON SURGERY,Active,ENGLAND,False,84H,QHM,,full,1
A83025,BISHOPGATE MEDICAL CENTRE,Active,ENGLAND,False,84H,QHM,,full,1
A83026,SACRISTON MEDICAL CENTRE,Active,ENGLAND,False,84H,QHM,,full,1
A83027,COXHOE MEDICAL PRACTICE,Active,ENGLAND,False,84H,QHM,,full,1
A83028,MIDDLE CHARE MEDICAL GROUP,Active,ENGLAND,False,84H,QHM,,full,1
A83029,GREAT LUMLEY SURGERY,Active,ENGLAND,False,84H,QHM,,full,1
A83030,DUNELM MEDICAL PRACTICE,Active,ENGLAND,False,84H,QHM,,full,1
A83031,CARMEL MEDICAL PRACTICE,Active,ENGLAND,False,16C,QHM,,full,1
A83032,WOODVIEW MEDICAL PRACTICE,Active,ENGLAND,False,84H,QHM,,full,1
A83033,PELTON & FELLROSE MEDICAL GROUP,Active,ENGLAND,False,84H,QHM,,full,1
A83034,BLACKETTS MEDICAL PRACTICE,Active,ENGLAND,False,16C,QHM,,full,1
A83035,THE WEARDALE PRACTICE,Active,ENGLAND,False,84H,QHM,,full,1
A83036,CHASTLETON MEDICAL GROUP,Active,ENGLAND,False,84H,QHM,,full,1
A83037,BEWICK CRESCENT SURGERY,Active,ENGLAND,False,84H,QHM,,full,1
A83038,CEDARS MEDICAL GROUP,Active,ENGLAND,False,84H,QHM,,full,1
A83040,CLIFTON COURT MEDICAL PRACTICE,Active,ENGLAND,False,16C,QHM,,full,1
A83041,MURTON MEDICAL CENTRE,Active,ENGLAND,False,84H,QHM,,full,1
A83042,DR SIMPSON & PARTNERS,Inactive,ENGLAND,False,00D,,,full,1
A83043,OLD FORGE SURGERY,Active,ENGLAND,False,84H,QHM,,full,1
A83044,THE HORDEN GROUP PRACTICE,Active,ENGLAND,False,84H,QHM,,full,1
A83045,FERRYHILL AND CHILTON MEDICAL PRACTICE,Active,ENGLAND,False,84H,QHM,,full,1
A83046,BARNARD CASTLE SURGERY,Active,ENGLAND,False,84H,QHM,,full,1
A83047,DENMARK STREET SURGERY,Active,ENGLAND,False,16C,QHM,,full,1
A83048,ROCKLIFFE COURT SURGERY,Active,ENGLAND,False,16C,QHM,,full,1
A83049,QUEENS ROAD SURGERY,Active,ENGLAND,False,84H,QHM,,full,1
A83050,CESTRIA HEALTH CENTRE,Active,ENGLAND,False,84H,QHM,,full,1
A83051,MARLBOROUGH SURGERY,Active,ENGLAND,False,84H,QHM,,full,1
A83052,BISHOPS CLOSE MEDICAL PRACTICE,Active,ENGLAND,False,84H,QHM,,full,1
A83054,SKERNE MEDICAL GROUP,Active,ENGLAND,False,84H,QHM,,full,1
A83055,CHEVELEY PARK MEDICAL CTR,Active,ENGLAND,False,84H,QHM,,full,1
A83057,EAST DURHAM MEDICAL GROUP,Active,ENGLAND,False,84H,QHM,,full,1
A83060,PINFOLD MEDICAL PRACTICE,Active,ENGLAND,False,84H,QHM,,full,1
A83061,GAINFORD SURGERY,Active,ENGLAND,False,84H,QHM,,full,1
A83066,JUBILEE MEDICAL GROUP,Active,ENGLAND,False,84H,QHM,,full,1
A83068,JUPITER HOUSE SURGERY,Inactive,ENGLAND,False,00D,,,archive,1
A83070,MIDDLETON AND DINSDALE MEDICAL PRACTICE,Active,ENGLAND,False,16C,QHM,,full,1
A83071,THE NEW SEAHAM MEDICAL GROUP,Active,ENGLAND,False,84H,QHM,,full,1
A83072,LANCHESTER MEDICAL CENTRE,Active,ENGLAND,False,84H,QHM,,full,1
A83073,DRS LAMBERT & NG,Active,ENGLAND,False,84H,QHM,,full,1
A83074,PEASE WAY MEDICAL CENTRE,Active,ENGLAND,False,84H,QHM,,full,1
A83075,BYRON MEDICAL PRACTICE,Active,ENGLAND,False,84H,QHM,,full,1
A83076,DIPTON SURGERY,Inactive,ENGLAND,False,00J,,,full,1
A83603,OXFORD ROAD MEDICAL PRACTICE,Inactive,ENGLAND,False,84H,QHM,,full,1
A83610,WINGATE MEDICAL PRACTICE INTRAHEALTH,Active,ENGLAND,False,84H,QHM,,full,1
A83616,BEVAN MEDICAL GROUP,Active,ENGLAND,False,84H,QHM,,full,1
A83617,BROWNEY HOUSE SURGERY,Active,ENGLAND,False,84H,QHM,,full,1
A83618,OAKFIELDS HEALTH GROUP,Active,ENGLAND,False,84H,QHM,,full,1
A83619,SOUTHDENE MEDICAL CENTRE,Active,ENGLAND,False,84H,QHM,,full,1
A83622,THE HAVEN SURGERY,Active,ENGLAND,False,84H,QHM,,full,1
A83626,EVENWOOD MEDICAL PRACTICE,Active,ENGLAND,False,84H,QHM,,full,1
A83627,SILVERDALE FAMILY PRACTICE,Active,ENGLAND,False,84H,QHM,,full,1
A83630,DENHOLM HOUSE,Inactive,ENGLAND,False,84H,QHM,,full,1
A83632,CRAGHEAD MEDICAL CENTRE,Inactive,ENGLAND,False,84H,QHM,,full,1
A83634,WEST CORNFORTH MEDICAL CENTRE,Active,ENGLAND,False,84H,QHM,,full,1
A83635,BOWBURN MEDICAL CENTRE,Active,ENGLAND,False,84H,QHM,,full,1
A83636,LEADGATE SURGERY,Active,ENGLAND,False,84H,QHM,,full,1
A83637,VILLAGES MEDICAL GROUP,Active,ENGLAND,False,84H,QHM,,full,1
A83638,SHILDON HEALTH CLINIC,Inactive,ENGLAND,False,00D,,,full,1
A83641,PARKGATE SURGERY,Active,ENGLAND,False,16C,QHM,,full,1
A83644,ANNFIELD PLAIN SURGERY,Active,ENGLAND,False,84H,QHM,,full,1
A84002,THE ROTHBURY PRACTICE,Active,ENGLAND,False,00L,QHM,,full,1
A84003,LINTONVILLE MEDICAL GROUP,Inactive,ENGLAND,False,00L,QHM,,full,1
A84005,BEDLINGTONSHIRE MED.GROUP,Active,ENGLAND,False,00L,QHM,,full,1
A84006,ALNWICK MEDICAL GROUP,Active,ENGLAND,False,00L,QHM,,full,1
A84007,PONTELAND MEDICAL GROUP,Active,ENGLAND,False,00L,QHM,,full,1
A84008,BELFORD MEDICAL PRACTICE,Active,ENGLAND,False,00L,QHM,,full,1
A84009,RAILWAY MEDICAL GROUP,Active,ENGLAND,False,00L,QHM,,full,1
A84011,WHITE MEDICAL GROUP,Active,ENGLAND,False,00L,QHM,,full,1
A84013,THE GABLES MEDICAL GROUP,Active,ENGLAND,False,00L,QHM,,full,1
A84014,MARINE MEDICAL GROUP,Active,ENGLAND,False,00L,QHM,,full,1
A84015,LABURNUM SURGERY,Inactive,ENGLAND,False,00L,QHM,,full,1
A84016,PRUDHOE MEDICAL GROUP,Active,ENGLAND,False,00L,QHM,,full,1
A84018,CORBRIDGE HEALTH CENTRE,Active,ENGLAND,False,00L,QHM,,full,1
A84020,GUIDEPOST MEDICAL GROUP,Active,ENGLAND,False,00L,QHM,,full,1
A84021,INFIRMARY DRIVE MEDICAL GROUP,Inactive,ENGLAND,False,00L,QHM,,full,1
A84022,COQUET MEDICAL GROUP,Active,ENGLAND,False,00L,QHM,,full,1
A84024,BURN BRAE MEDICAL GROUP,Active,ENGLAND,False,00L,QHM,,full,1
A84025,CRAMLINGTON MEDICAL GROUP,Active,ENGLAND,False,00L,QHM,,full,1
A84026,WELL CLOSE MEDICAL GROUP,Active,ENGLAND,False,00L,QHM,,full,1
A84027,BELLINGHAM PRACTICE,Active,ENGLAND,False,00L,QHM,,full,1
A84028,SEATON PARK MEDICAL GROUP,Active,ENGLAND,False,00L,QHM,,full,1
A84029,NORTHUMBERLAND HEALTH,Active,ENGLAND,False,00L,QHM,,full,1
A84030,VILLAGE MEDICAL GROUP,Active,ENGLAND,False,00L,QHM,,full,1
A84031,GREYSTOKE SURGERY,Active,ENGLAND,False,00L,QHM,,full,1
A84032,CHEVIOT MEDICAL GROUP,Inactive,ENGLAND,False,00L,QHM,,full,1
A84033,THE SELE MEDICAL PRACTICE,Active,ENGLAND,False,00L,QHM,,full,1
A84034,HALTWHISTLE MEDICAL GROUP,Active,ENGLAND,False,00L,QHM,,full,1
A84035,RIVERSDALE SURGERY,Active,ENGLAND,False,00L,QHM,,full,1
A84036,VALENS MEDICAL PARTNERSHIP,Active,ENGLAND,False,00L,QHM,,full,1
A84037,NETHERFIELD HOUSE,Active,ENGLAND,False,00L,QHM,,full,1
A84038,FORUM FAMILY PRACTICE,Active,ENGLAND,False,00L,QHM,,full,1
A84039,GAS HOUSE LANE SURGERY,Active,ENGLAND,False,00L,QHM,,full,1
A84040,HUMSHAUGH & WARK MED GRP,Active,ENGLAND,False,00L,QHM,,full,1
A84042,SCOTS GAP MEDICAL GROUP,Active,ENGLAND,False,00L,QHM,,full,1
A84043,BROCKWELL MEDICAL GROUP,Inactive,ENGLAND,False,00L,QHM,,full,2
A84044,UNION BRAE & NORHAM PRAC,Active,ENGLAND,False,00L,QHM,,full,1
A84045,HAYDON BRIDGE & ALLENDALE MEDICAL PRACT,Active,ENGLAND,False,00L,QHM,,full,1
A84047,BRANCH END SURGERY,Active,ENGLAND,False,00L,QHM,,full,1
A84048,STATION MEDICAL GROUP,Inactive,ENGLAND,False,00L,QHM,,full,1
A84604,WOOLER HEALTH,Active,ENGLAND,False,00L,QHM,,full,1
A84609,FELTON SURGERY,Inactive,ENGLAND,False,00L,QHM,,full,1
A84613,HARBOTTLE SURGERY,Inactive,ENGLAND,False,00L,QHM,,archive,1
A84614,THE ADDERLANE SURGERY,Active,ENGLAND,False,00L,QHM,,full,1
A84618,ALLENDALE HEALTH CENTRE,Inactive,ENGLAND,False,,,,archive,1
A84619,ELSDON AVENUE SURGERY,Active,ENGLAND,False,00L,QHM,,full,1
A85001,FELL TOWER MEDICAL CENTRE,Active,ENGLAND,False,13T,QHM,,full,1
A85002,BENSHAM FAMILY PRACTICE,Active,ENGLAND,False,13T,QHM,,full,1
A85003,ROWLANDS GILL MEDICAL CENTRE,Inactive,ENGLAND,False,13T,QHM,,full,1
A85004,LONGRIGG MEDICAL CENTRE,Active,ENGLAND,False,13T,QHM,,full,1
A85005,OXFORD TCE & RAWLING RD MEDICAL GROUP,Active,ENGLAND,False,13T,QHM,,full,1
A85006,GLENPARK & TEAMS MEDICAL SERVICES,Active,ENGLAND,False,13T,QHM,,full,1
A85007,FELL COTTAGE SURGERY,Active,ENGLAND,False,13T,QHM,,full,1
A85008,BIRTLEY MEDICAL GROUP,Active,ENGLAND,False,13T,QHM,,full,1
A85009,CROWHALL MEDICAL CENTRE,Active,ENGLAND,False,13T,QHM,,full,1
A85010,CHAINBRIDGE MEDICAL PARTNERSHIP,Active,ENGLAND,False,13T,QHM,,full,1
A85011,ST. ALBANS MEDICAL GROUP,Active,ENGLAND,False,13T,QHM,,full,1
A85012,METRO INTERCHANGE SURGERY,Inactive,ENGLAND,False,13T,QHM,,full,1
A85013,MILLENNIUM FAMILY PRACTICE,Active,ENGLAND,False,13T,QHM,,full,1
A85014,CRAWCROOK MEDICAL CENTRE,Active,ENGLAND,False,13T,QHM,,full,1
A85015,HIGH STREET MEDICAL CENTRE,Inactive,ENGLAND,False,,,,archive,1
A85016,WREKENTON MEDICAL GROUP,Active,ENGLAND,False,13T,QHM,,full,1
A85017,BEWICK ROAD SURGERY,Active,ENGLAND,False,13T,QHM,,full,1
A85018,OLDWELL SURGERY,Active,ENGLAND,False,13T,QHM,,full,1
A85019,CENTRAL GATESHEAD MEDICAL GROUP,Active,ENGLAND,False,13T,QHM,,full,1
A85020,WHICKHAM COTTAGE MEDICAL CENTRE,Active,ENGLAND,False,13T,QHM,,full,1
A85021,SECOND STREET SURGERY,Active,ENGLAND,False,13T,QHM,,full,1
A85023,TEAMS MEDICAL PRACTICE,Active,ENGLAND,False,13T,QHM,,full,1
A85024,CHOPWELL PRIMARY HEALTHCARE CENTRE,Active,ENGLAND,False,13T,QHM,,full,1
A85025,1 RAWLING ROAD(THE MEDICAL CENTRE),Inactive,ENGLAND,False,,,,archive,1
A85026,BEACON VIEW MEDICAL CENTRE,Active,ENGLAND,False,13T,QHM,,full,1
A85601,BIRTLEY LANE SURGERY,Inactive,ENGLAND,False,,,,archive,1
A85605,ELVASTON ROAD SURGERY,Inactive,ENGLAND,False,13T,QHM,,full,1
A85609,108 RAWLING ROAD(RAWLING ROAD PRACTICE),Inactive,ENGLAND,False,13T,QHM,,full,1
A85611,PELAW MEDICAL PRACTICE,Active,ENGLAND,False,13T,QHM,,full,1
A85614,THE BRIDGES MEDICAL PRACTICE,Active,ENGLAND,False,13T,QHM,,full,1
A85616,HOLLYHURST MEDICAL CENTRE,Active,ENGLAND,False,13T,QHM,,full,1
A85617,SUNNISIDE SURGERY,Active,ENGLAND,False,13T,QHM,,full,1
A85620,GRANGE ROAD MEDICAL PRACTICE,Inactive,ENGLAND,False,13T,QHM,,full,1
A86003,SAVILLE MEDICAL GROUP,Active,ENGLAND,False,13T,QHM,,full,1
A86004,PROSPECT MEDICAL CENTRE,Active,ENGLAND,False,13T,QHM,,full,1
A86005,WEST FARM SURGERY,Active,ENGLAND,False,99C,QHM,,full,1
A86006,ROSEWORTH SURGERY,Active,ENGLAND,False,13T,QHM,,full,1
A86007,AVENUE MEDICAL PRACTICE,Inactive,ENGLAND,False,13T,QHM,,full,1
A86008,PARK MEDICAL GROUP,Active,ENGLAND,False,13T,QHM,,full,1
A86009,FALCON MEDICAL GROUP,Inactive,ENGLAND,False,13T,QHM,,full,1
A86010,BIDDLESTONE HEALTH GROUP,Active,ENGLAND,False,13T,QHM,,full,1
A86011,WALKER MEDICAL GROUP,Active,ENGLAND,False,13T,QHM,,full,1
A86012,WEST ROAD MEDICAL CENTRE,Active,ENGLAND,False,13T,QHM,,full,1
A86013,DENTON PARK MEDICAL GROUP,Active,ENGLAND,False,13T,QHM,,full,1
A86015,HOLLY MEDICAL GROUP,Inactive,ENGLAND,False,13T,QHM,,full,1
A86016,LANE END SURGERY,Active,ENGLAND,False,99C,QHM,,full,1
A86017,CRUDDAS PARK SURGERY,Active,ENGLAND,False,13T,QHM,,full,1
A86018,THE GROVE MEDICAL GROUP,Active,ENGLAND,False,13T,QHM,,full,1
A86020,JESMOND HEALTH PARTNERSHIP,Active,ENGLAND,False,13T,QHM,,full,1
A86021,HOLMSIDE MEDICAL GROUP,Active,ENGLAND,False,13T,QHM,,full,1
A86022,PARKWAY MEDICAL GROUP,Active,ENGLAND,False,13T,QHM,,full,1
A86023,BENFIELD PARK MEDICAL GROUP,Active,ENGLAND,False,13T,QHM,,full,1
A86024,HEATON ROAD SURGERY,Active,ENGLAND,False,13T,QHM,,full,1
A86025,WESTERHOPE MEDICAL GROUP,Active,ENGLAND,False,13T,QHM,,full,1
A86026,THROCKLEY PRIMARY CARE CENTRE,Active,ENGLAND,False,13T,QHM,,full,1
A86027,NEWCASTLE MEDICAL CENTRE,Active,ENGLAND,False,13T,QHM,,full,1
A86028,REGENT MEDICAL CENTRE,Active,ENGLAND,False,13T,QHM,,full,1
A86029,THORNFIELD MEDICAL GROUP,Active,ENGLAND,False,13T,QHM,,full,1
A86030,BETTS AVENUE MEDICAL GROUP,Active,ENGLAND,False,13T,QHM,,full,1
A86031,FENHAM HALL SURGERY,Active,ENGLAND,False,13T,QHM,,full,1
A86033,BRUNTON PARK,Active,ENGLAND,False,13T,QHM,,full,1
A86035,BROADWAY MEDICAL CENTRE,Inactive,ENGLAND,False,13T,QHM,,full,1
A86036,GOSFORTH MEMORIAL MED.CTR,Inactive,ENGLAND,False,13T,QHM,,full,1
A86037,ELSWICK FAMILY PRACTICE,Active,ENGLAND,False,13T,QHM,,full,1
A86038,NEWBURN SURGERY,Active,ENGLAND,False,13T,QHM,,full,1
A86040,ST. ANTHONY'S HEALTH CENTRE,Active,ENGLAND,False,13T,QHM,,full,1
A86041,SWARLAND AVENUE SURGERY,Active,ENGLAND,False,99C,QHM,,full,1
A86601,DENTON TURRET MEDICAL CENTRE,Active,ENGLAND,False,13T,QHM,,full,1
A87002,SPRING TERRACE HEALTH CENTRE,Active,ENGLAND,False,99C,QHM,,full,1
A87003,PORTUGAL PLACE HEALTH CTR,Inactive,ENGLAND,False,99C,QHM,,full,1
A87004,COLLINGWOOD HEALTH GROUP,Active,ENGLAND,False,99C,QHM,,full,1
A87005,WHITLEY BAY HEALTH CENTRE,Active,ENGLAND,False,99C,QHM,,full,1
A87006,49 MARINE AVENUE SURGERY,Active,ENGLAND,False,99C,QHM,,full,1
A87007,STEPHENSON PARK HEALTH GROUP,Active,ENGLAND,False,99C,QHM,,full,1
A87008,MARINE AVENUE MEDICAL CTR,Active,ENGLAND,False,99C,QHM,,full,1
A87009,PRIORY MEDICAL GROUP,Active,ENGLAND,False,99C,QHM,,full,1
A87011,BEAUMONT PARK SURGERY,Active,ENGLAND,False,99C,QHM,,full,1
A87012,WIDEOPEN MEDICAL CENTRE,Active,ENGLAND,False,99C,QHM,,full,1
A87013,BEWICKE MEDICAL CENTRE,Active,ENGLAND,False,99C,QHM,,full,1
A87014,EARSDON PARK MEDICAL PRACTICE,Inactive,ENGLAND,False,99C,QHM,,full,1
A87015,APPLEBY SURGERY,Inactive,ENGLAND,False,99C,QHM,,full,1
A87016,THE VILLAGE GREEN SURGERY,Active,ENGLAND,False,99C,QHM,,full,1
A87017,WOODLANDS PARK HEALTH CTR,Active,ENGLAND,False,99C,QHM,,full,1
A87019,NELSON MEDICAL GROUP,Active,ENGLAND,False,99C,QHM,,full,1
A87020,BRIDGE AND MONKSEATON MEDICAL PRACTICE,Active,ENGLAND,False,99C,QHM,,full,1
A87022,NORTHUMBERLAND PARK MEDICAL GROUP,Active,ENGLAND,False,99C,QHM,,full,1
A87023,BRIDGE MEDICAL,Inactive,ENGLAND,False,99C,QHM,,full,1
A87027,GARDEN PARK SURGERY,Inactive,ENGLAND,False,99C,QHM,,full,1
A87029,HADRIAN HEALTH CENTRE,Active,ENGLAND,False,99C,QHM,,full,1
A87030,REDBURN PARK MEDICAL CENTRE,Active,ENGLAND,False,99C,QHM,,full,1
A87600,PARK PARADE PRACTICE,Active,ENGLAND,False,99C,QHM,,full,1
A87612,WELLSPRING MEDICAL PRACT.,Active,ENGLAND,False,99C,QHM,,full,2
A87615,MALLARD MEDICAL PRACTICE,Active,ENGLAND,False,99C,QHM,,full,1
A88001,VICTORIA MEDICAL CENTRE,Active,ENGLAND,False,00N,QHM,,full,1
A88002,FARNHAM MEDICAL CTR.,Active,ENGLAND,False,00N,QHM,,full,1
A88003,MARSDEN MEDICAL GROUP,Active,ENGLAND,False,00N,QHM,,full,1
A88004,MAYFIELD MEDICAL GROUP,Active,ENGLAND,False,00N,QHM,,full,1
A88005,WENLOCK ROAD SURGERY,Active,ENGLAND,False,00N,QHM,,full,1
A88006,TALBOT MEDICAL CENTRE,Active,ENGLAND,False,00N,QHM,,full,1
A88007,WAWN STREET SURGERY,Inactive,ENGLAND,False,00N,QHM,,full,1
A88008,TRINITY MEDICAL CENTRE,Active,ENGLAND,False,00N,QHM,,full,1
A88009,DR THORNILEY-WALKER & PARTNERS,Active,ENGLAND,False,00N,QHM,,full,1
A88010,ALBERT ROAD SURGERY,Active,ENGLAND,False,00N,QHM,,full,1
A88011,WESTOE SURGERY,Inactive,ENGLAND,False,00N,QHM,,full,1
A88012,ELLISON VIEW SURGERY,Active,ENGLAND,False,00N,QHM,,full,1
A88013,CENTRAL SURGERY,Active,ENGLAND,False,00N,QHM,,full,1
A88014,WEST VIEW SURGERY,Active,ENGLAND,False,00N,QHM,,full,1
A88015,ST GEORGE & RIVERSIDE MEDICAL PRACTICE,Active,ENGLAND,False,00N,QHM,,full,1
A88016,COLLIERY COURT MEDICAL GROUP,Active,ENGLAND,False,00N,QHM,,full,1
A88020,FLAGG COURT HEALTH CENTRE,Inactive,ENGLAND,False,00N,QHM,,full,1
A88022,THE GLEN MEDICAL GROUP,Active,ENGLAND,False,00N,QHM,,full,1
A88023,WHITBURN SURGERY,Active,ENGLAND,False,00N,QHM,,full,1
A88024,WEAR STREET SURGERY,Inactive,ENGLAND,False,,,,archive,1
A88025,THE G.P.SUITE,Active,ENGLAND,False,00N,QHM,,full,1
A88601,IMEARY MEDICAL GROUP,Active,ENGLAND,False,00N,QHM,,full,1
A88603,THE PARK SURGERY,Inactive,ENGLAND,False,00N,QHM,,full,1
A88608,RAVENSWORTH SURGERY,Active,ENGLAND,False,00N,QHM,,full,1
A88611,CHICHESTER PRACTICE,Inactive,ENGLAND,False,00N,QHM,,full,1
A88613,EAST WING PRACTICE,Active,ENGLAND,False,00N,QHM,,full,1
A88614,FLAGG COURT (DR N WIN),Inactive,ENGLAND,False,00N,QHM,,full,1
A88615,FLAGG COURT (DR H S KOR),Inactive,ENGLAND,False,,,,archive,1
A89001,DEERNESS PARK MEDICAL GROUP,Active,ENGLAND,False,00P,QHM,,full,1
A89002,RIVERVIEW SURGERY,Active,ENGLAND,False,00P,QHM,,full,1
A89003,DR AKK HEGDE,Inactive,ENGLAND,False,00P,QHM,,full,1
A89004,HETTON GROUP PRACTICE,Active,ENGLAND,False,00P,QHM,,full,1
A89005,VILLETTE SURGERY,Active,ENGLAND,False,00P,QHM,,full,1
A89006,WEARSIDE MEDICAL PRACTICE - PALLION,Active,ENGLAND,False,00P,QHM,,full,1
A89007,PALLION FAMILY PRACTICE,Active,ENGLAND,False,00P,QHM,,full,1
A89008,RED HOUSE MEDICAL CENTRE,Active,ENGLAND,False,00P,QHM,,full,1
A89009,HERRINGTON MEDICAL CENTRE,Active,ENGLAND,False,00P,QHM,,full,1
A89010,THE STEPHENSON MEDICAL PRACTICE,Active,ENGLAND,False,00P,QHM,,full,1
A89011,VILLAGE SURGERY PARTNERSHIP,Active,ENGLAND,False,00P,QHM,,full,1
A89012,GALLERIES MEDICAL PRACTICE,Active,ENGLAND,False,00P,QHM,,full,1
A89013,THE NEW CITY MEDICAL GROUP,Active,ENGLAND,False,00P,QHM,,full,1
A89014,DRS GELLIA & BALARAMAN,Inactive,ENGLAND,False,00P,QHM,,full,1
A89015,"FULWELL MEDICAL CENTRE,",Active,ENGLAND,False,00P,QHM,,full,1
A89016,ST BEDE MEDICAL CENTRE,Active,ENGLAND,False,00P,QHM,,full,1
A89017,MILLFIELD MEDICAL GROUP,Active,ENGLAND,False,00P,QHM,,full,1
A89018,ASHBURN MEDICAL CENTRE,Active,ENGLAND,False,00P,QHM,,full,1
A89019,BRIDGE VIEW MEDICAL GROUP,Active,ENGLAND,False,00P,QHM,,full,1
A89020,FORGE MEDICAL PRACTICE,Active,ENGLAND,False,00P,QHM,,full,1
A89021,KEPIER MEDICAL PRACTICE,Active,ENGLAND,False,00P,QHM,,full,1
A89022,CONCORD MEDICAL PRACTICE,Active,ENGLAND,False,00P,QHM,,full,1
A89023,"HOUGHTON MEDICAL GROUP,",Active,ENGLAND,False,00P,QHM,,full,1
A89024,THE BROADWAY MEDICAL PRACTICE,Active,ENGLAND,False,00P,QHM,,full,1
A89025,SUNDERLAND GP ALLIANCE MEDICAL PRACTICE,Active,ENGLAND,False,00P,QHM,,full,1
A89026,NEW WASHINGTON MEDICAL GROUP,Active,ENGLAND,False,00P,QHM,,full,1
A89027,SPRINGWELL MEDICAL GROUP,Active,ENGLAND,False,00P,QHM,,full,1
A89028,GRANGEWOOD SURGERY,Active,ENGLAND,False,00P,QHM,,full,1
A89029,SPRINGWELL HOUSE,Inactive,ENGLAND,False,00P,QHM,,full,1
A89030,WESTBOURNE MEDICAL GROUP,Active,ENGLAND,False,00P,QHM,,full,1
A89031,HYLTON MEDICAL GROUP,Active,ENGLAND,False,00P,QHM,,full,1
A89032,NEW SILKSWORTH MEDICAL PRACTICE,Active,ENGLAND,False,00P,QHM,,full,1
A89034,PARK LANE PRACTICE,Active,ENGLAND,False,00P,QHM,,full,1
A89035,SOUTHLANDS MEDICAL GROUP,Active,ENGLAND,False,00P,QHM,,full,1
A89036,CASTLETOWN MEDICAL CENTRE,Active,ENGLAND,False,00P,QHM,,full,1
A89038,BARMSTON MEDICAL CENTRE,Inactive,ENGLAND,False,00P,QHM,,full,1
A89040,MONKWEARMOUTH HEALTH CENTRE,Active,ENGLAND,False,00P,QHM,,full,1
A89041,HAPPY HOUSE SURGERY,Active,ENGLAND,False,00P,QHM,,full,1
A89042,CHURCH VIEW MEDICAL CENTRE,Inactive,ENGLAND,False,00P,QHM,,full,1
A89603,DR. R. OBONNA,Inactive,ENGLAND,False,00P,QHM,,full,1
A89604,DR WEATHERHEAD & ASSOCIATES,Inactive,ENGLAND,False,00P,QHM,,full,1
A89610,CONISHEAD MEDICAL GROUP,Inactive,ENGLAND,False,00P,QHM,,full,1
A89611,EDEN TERRACE SURGERY,Inactive,ENGLAND,False,00P,QHM,,full,1
A89612,NATHAN JR,Inactive,ENGLAND,False,00P,QHM,,full,1
A89614,SUNDERLAND GP ALLIANCE SOUTH HYLTON SURG,Active,ENGLAND,False,00P,QHM,,full,1
A89616,RICKLETON MEDICAL CENTRE,Active,ENGLAND,False,00P,QHM,,full,1
A89617,I J HEALTHCARE,Active,ENGLAND,False,00P,QHM,,full,1
A89618,THE WEARSIDE PRACTICE,Inactive,ENGLAND,False,,,,archive,1
A89620,DR THOMAS,Inactive,ENGLAND,False,00P,QHM,,full,1
A89621,PENNYWELL MEDICAL CENTRE,Inactive,ENGLAND,False,00P,QHM,,full,1
A89623,CHESTER SURGERY,Active,ENGLAND,False,00P,QHM,,full,1
A89624,DR. N.J. BHATT & DR. H.M. BENN,Inactive,ENGLAND,False,00P,QHM,,full,1
A89625,MARITIME SURGERY,Inactive,ENGLAND,False,,,,archive,1
A89626,DR S P BAGCHI,Inactive,ENGLAND,False,,,,archive,1
B81002,CHP LTD - BRANSHOLME,Inactive,ENGLAND,False,03F,QOQ,,full,1
B81003,BEACON MEDICAL,Active,ENGLAND,False,03H,QOQ,,full,1
B81004,"EASTGATE MEDICAL GROUP, HORNSEA",Active,ENGLAND,False,02Y,QOQ,,full,1
B81005,THE CENTRAL SURGERY BARTON,Active,ENGLAND,False,03K,QOQ,,full,1
B81006,HUMBER PRIMARY CARE,Active,ENGLAND,False,02Y,QOQ,,full,1
B81007,WINTERTON MEDICAL PRACTICE,Active,ENGLAND,False,03K,QOQ,,full,1
B81008,HULL FAMILY PRACTICE,Active,ENGLAND,False,03F,QOQ,,full,1
B81009,MARKET WEIGHTON GROUP PRACTICE,Active,ENGLAND,False,02Y,QOQ,,full,1
B81010,HESSLE GRANGE MEDICAL PRACTICE,Inactive,ENGLAND,False,02Y,QOQ,,full,1
B81011,KINGSTON HEALTH (HULL),Active,ENGLAND,False,03F,QOQ,,full,1
B81012,DR AP KUMAR,Active,ENGLAND,False,03H,QOQ,,full,1
B81013,MONTAGUE MEDICAL PRACTICE,Active,ENGLAND,False,02Y,QOQ,,full,1
B81014,PRACTICE TWO,Inactive,ENGLAND,False,02Y,QOQ,,full,1
B81015,CLEE MEDICAL CENTRE,Active,ENGLAND,False,03H,QOQ,,full,1
B81016,PELHAM MEDICAL GROUP,Active,ENGLAND,False,03H,QOQ,,full,1
B81017,THE QUAYS MEDICAL PRACTICE,Active,ENGLAND,False,03F,QOQ,,full,1
B81018,ORCHARD 2000 GROUP,Active,ENGLAND,False,03F,QOQ,,full,1
B81019,DR PM OPIE & DR AE SPALDING PRACTICE,Inactive,ENGLAND,False,03H,QOQ,,full,1
B81020,THE SUTTON MANOR SURGERY,Active,ENGLAND,False,03F,QOQ,,full,1
B81021,FAITH HOUSE SURGERY,Inactive,ENGLAND,False,03F,QOQ,,full,1
B81022,CAMBRIDGE AVENUE & MESSINGHAM MC,Active,ENGLAND,False,03K,QOQ,,full,1
B81023,THE CHANTRY HEALTH GROUP,Inactive,ENGLAND,False,03H,QOQ,,full,1
B81024,WILLERBY AND SWANLAND SURGERY,Active,ENGLAND,False,02Y,QOQ,,full,1
B81025,HOLDERNESS HEALTH,Active,ENGLAND,False,02Y,QOQ,,full,1
B81026,ANCORA MEDICAL PRACTICE,Active,ENGLAND,False,03K,QOQ,,full,1
B81027,ST ANDREWS SURGERY,Active,ENGLAND,False,03F,QOQ,,full,1
B81029,THE SNAITH AND RAWCLIFFE MEDICAL GROUP,Active,ENGLAND,False,02Y,QOQ,,full,1
B81030,SLC MEDICAL GROUP,Active,ENGLAND,False,03H,QOQ,,full,1
B81031,WOODFIELD MEDICAL,Active,ENGLAND,False,03H,QOQ,,full,1
B81032,WILBERFORCE SURGERY,Active,ENGLAND,False,03F,QOQ,,full,1
B81034,LEVEN & BEEFORD MEDICAL PRACTICE,Active,ENGLAND,False,02Y,QOQ,,full,1
B81035,THE AVENUES MEDICAL CENTRE,Active,ENGLAND,False,03F,QOQ,,full,1
B81036,POCKLINGTON GROUP PRACTICE,Active,ENGLAND,False,03Q,QOQ,,full,1
B81037,THE PARK SURGERY,Active,ENGLAND,False,02Y,QOQ,,full,1
B81038,THE OAKS MEDICAL CENTRE,Active,ENGLAND,False,03F,QOQ,,full,1
B81039,THE ROXTON PRACTICE,Active,ENGLAND,False,03H,QOQ,,full,1
B81040,MARFLEET GROUP PRACTICE,Active,ENGLAND,False,03F,QOQ,,full,1
B81041,GILBERDYKE HEALTH CENTRE,Active,ENGLAND,False,02Y,QOQ,,full,1
B81042,MANOR ROAD SURGERY,Active,ENGLAND,False,02Y,QOQ,,full,1
B81043,SOUTH AXHOLME PRACTICE,Active,ENGLAND,False,03K,QOQ,,full,1
B81044,HOLME-BUBWITH MEDICAL GROUP,Inactive,ENGLAND,False,02Y,QOQ,,archive,1
B81045,ASHBY TURN PRIMARY CARE PARTNERS,Active,ENGLAND,False,03K,QOQ,,full,1
B81046,THE BRIDGE GROUP PRACTICE,Active,ENGLAND,False,03F,QOQ,,full,1
B81047,WOLSELEY MEDICAL CENTRE,Active,ENGLAND,False,03F,QOQ,,full,1
B81048,MODALITY PARTNERSHIP (HULL),Active,ENGLAND,False,03F,QOQ,,full,1
B81049,NEW HALL SURGERY,Inactive,ENGLAND,False,03F,QOQ,,full,1
B81050,HEDON GROUP PRACTICE,Inactive,ENGLAND,False,02Y,QOQ,,full,1
B81051,OLD FIRE STATION SURGERY,Active,ENGLAND,False,02Y,QOQ,,full,1
B81052,PRINCES MEDICAL CENTRE,Active,ENGLAND,False,03F,QOQ,,full,1
B81053,DIADEM MEDICAL PRACTICE,Inactive,ENGLAND,False,03F,QOQ,,full,1
B81054,CLIFTON HOUSE MEDICAL CENTRE,Active,ENGLAND,False,03F,QOQ,,full,1
B81055,THE LYNTON PRACTICE,Inactive,ENGLAND,False,03H,QOQ,,full,1
B81056,THE SPRINGHEAD MEDICAL CENTRE,Inactive,ENGLAND,False,03F,QOQ,,full,1
B81057,ST ANDREWS NEWINGTON,Inactive,ENGLAND,False,03F,QOQ,,full,1
B81058,SYDENHAM GROUP PRACTICE,Inactive,ENGLAND,False,03F,QOQ,,full,1
B81060,"FIELD HOUSE SURGERY, BRIDLINGTON",Inactive,ENGLAND,False,02Y,QOQ,,full,1
B81061,THE RIDINGS MEDICAL GROUP,Active,ENGLAND,False,02Y,QOQ,,full,1
B81062,HOLDERNESS HEALTH (CHURCH VIEW SURGERY),Inactive,ENGLAND,False,02Y,QOQ,,full,1
B81063,BRIDGE STREET SURGERY,Active,ENGLAND,False,03K,QOQ,,full,1
B81064,CHURCH LANE MEDICAL CENTRE,Active,ENGLAND,False,03K,QOQ,,full,1
B81065,TRENT VIEW MEDICAL PRACTICE,Active,ENGLAND,False,03K,QOQ,,full,1
B81066,EAST HULL FAMILY PRACTICE (PARK HC),Inactive,ENGLAND,False,03F,QOQ,,full,1
B81068,BARTHOLOMEW MEDICAL GROUP,Active,ENGLAND,False,02Y,QOQ,,full,1
B81069,DRS REDDY AND NUNN,Active,ENGLAND,False,02Y,QOQ,,full,1
B81070,PRACTICE ONE,Inactive,ENGLAND,False,02Y,QOQ,,full,1
B81072,DR RJ WESTROP & PARTNERS,Inactive,ENGLAND,False,03F,QOQ,,full,1
B81074,CITY HEALTH PRACTICE LTD,Active,ENGLAND,False,03F,QOQ,,full,1
B81075,HASTINGS MEDICAL CENTRE,Active,ENGLAND,False,03F,QOQ,,full,1
B81077,WOODFORD MEDICAL PRACTICE,Inactive,ENGLAND,False,03H,QOQ,,full,1
B81080,EAST HULL FAMILY PRACTICE,Inactive,ENGLAND,False,03F,QOQ,,full,1
B81081,NEW GREEN SURGERY,Inactive,ENGLAND,False,03F,QOQ,,full,1
B81082,NORTH BEVERLEY MEDICAL CENTRE,Active,ENGLAND,False,02Y,QOQ,,full,1
B81084,COTTINGHAM MEDICAL CENTRE,Inactive,ENGLAND,False,02Y,QOQ,,full,1
B81085,HAXBY GROUP HULL,Active,ENGLAND,False,03F,QOQ,,full,1
B81087,BIRKWOOD MEDICAL CENTRE,Active,ENGLAND,False,03H,QOQ,,full,1
B81088,HOWDEN MEDICAL PRACTICE,Active,ENGLAND,False,02Y,QOQ,,full,1
B81089,DR L WITVLIET'S PRACTICE,Inactive,ENGLAND,False,03F,QOQ,,full,1
B81090,THE OSWALD ROAD MEDICAL SURGERY,Active,ENGLAND,False,03K,QOQ,,full,1
B81091,LITTLEFIELD SURGERY,Active,ENGLAND,False,03H,QOQ,,full,1
B81092,"THE MEDICAL CENTRE, DRIFFIELD",Active,ENGLAND,False,02Y,QOQ,,full,1
B81094,SUTTON PARK MEDICAL PRACTICE,Inactive,ENGLAND,False,03F,QOQ,,full,1
B81095,CHP LTD - FIELD VIEW,Inactive,ENGLAND,False,03F,QOQ,,full,1
B81097,DELTA HEALTHCARE,Active,ENGLAND,False,03F,QOQ,,full,1
B81098,DR R P UGARGOL,Inactive,ENGLAND,False,,,,archive,1
B81099,THE KIRTON LINDSEY AND SCOTTER SURGERY,Active,ENGLAND,False,03K,QOQ,,full,1
B81100,DR AC MILNER,Active,ENGLAND,False,02Y,QOQ,,full,1
B81101,GREENGATES MEDICAL GROUP,Active,ENGLAND,False,02Y,QOQ,,full,1
B81104,CAMPUS HEALTH CENTRE,Active,ENGLAND,False,03F,QOQ,,full,1
B81108,DR A SINHA,Active,ENGLAND,False,03H,QOQ,,full,1
B81109,RIVERSIDE SURGERY,Active,ENGLAND,False,03K,QOQ,,full,1
B81112,JAMES ALEXANDER FAMILY PRACTICE,Active,ENGLAND,False,03F,QOQ,,full,1
B81113,CEDAR MEDICAL PRACTICE,Active,ENGLAND,False,03K,QOQ,,full,1
B81118,WEST COMMON LANE TEACHING PRACTICE,Active,ENGLAND,False,03K,QOQ,,full,1
B81119,GOODHEART SURGERY,Active,ENGLAND,False,03F,QOQ,,full,1
B81120,SAMMAN ROAD SURGERY,Inactive,ENGLAND,False,02Y,QOQ,,full,1
B81121,BEVERLEY & MOLESCROFT SURGERY,Inactive,ENGLAND,False,02Y,QOQ,,full,1
B81602,HANCOCKS ME,Inactive,ENGLAND,False,02Y,QOQ,,full,1
B81603,ROXTON AT WEELSBY VIEW,Inactive,ENGLAND,False,03H,QOQ,,full,1
B81606,STIRLING MEDICAL CENTRE (MATHEWS),Active,ENGLAND,False,03H,QOQ,,full,1
B81616,DR GT HENDOW'S PRACTICE,Active,ENGLAND,False,03F,QOQ,,full,1
B81617,CHERRY TREE MEDICAL PRACTICE,Active,ENGLAND,False,03K,QOQ,,full,1
B81619,PARK VIEW SURGERY,Active,ENGLAND,False,02Y,QOQ,,full,1
B81620,BISWAS B,Inactive,ENGLAND,False,03H,QOQ,,full,1
B81622,WALKERGATE SURGERY,Inactive,ENGLAND,False,02Y,QOQ,,full,1
B81628,BARNETBY MEDICAL CENTRE,Active,ENGLAND,False,03K,QOQ,,full,1
B81630,HAYES GJ,Inactive,ENGLAND,False,,,,archive,1
B81631,DRS RAUT AND THOUFEEQ,Active,ENGLAND,False,03F,QOQ,,full,1
B81634,DR RAGHUNATH & PARTNERS,Inactive,ENGLAND,False,03F,QOQ,,full,1
B81635,LAURBEL SURGERY,Active,ENGLAND,False,03F,QOQ,,full,1
B81642,DR OZ QURESHI,Active,ENGLAND,False,03H,QOQ,,full,1
B81644,CHESTNUT FARM SURGERY,Inactive,ENGLAND,False,03F,QOQ,,full,1
B81645,EAST PARK PRACTICE,Active,ENGLAND,False,03F,QOQ,,full,1
B81647,WEST TOWN SURGERY,Active,ENGLAND,False,03K,QOQ,,full,1
B81648,THE KILLINGHOLME SURGERY,Active,ENGLAND,False,03K,QOQ,,full,1
B81653,KING STREET MEDICAL CENTRE,Active,ENGLAND,False,02Y,QOQ,,full,1
B81655,GREENLANDS SURGERY,Active,ENGLAND,False,03H,QOQ,,full,1
B81656,RAJ MEDICAL CENTRE,Active,ENGLAND,False,03H,QOQ,,full,1
B81658,PEELER HOUSE SURGERY,Inactive,ENGLAND,False,02Y,QOQ,,full,1
B81663,CORE CARE FAMILY PRACTICE,Active,ENGLAND,False,03H,QOQ,,full,1
B81664,HUMBERVIEW SURGERY,Inactive,ENGLAND,False,03H,QOQ,,full,1
B81665,HEALING PARTNERSHIP,Active,ENGLAND,False,03H,QOQ,,full,1
B81666,DR MITCHELL,Active,ENGLAND,False,02Y,QOQ,,full,1
B81671,KESHRI SN,Inactive,ENGLAND,False,03H,QOQ,,full,1
B81674,DR M QURESHI,Inactive,ENGLAND,False,03F,QOQ,,archive,1
B81675,NEWINGTON SURGERY,Active,ENGLAND,False,03F,QOQ,,full,1
B81677,DRS CHALMERS & MEIER,Inactive,ENGLAND,False,03H,QOQ,,full,1
B81679,SWANLAND SURGERY,Inactive,ENGLAND,False,,,,archive,1
B81682,LONGHILL HEALTH CARE CENTRE,Inactive,ENGLAND,False,03F,QOQ,,full,1
B81683,ST ANDREWS BRANCH SURGERY NEWINGTON,Inactive,ENGLAND,False,03F,QOQ,,full,1
B81685,ORCHARD 2000 GROUP BRANSHOLME,Inactive,ENGLAND,False,03F,QOQ,,full,1
B81686,BALASANTHIRAN S,Inactive,ENGLAND,False,03K,QOQ,,archive,1
B81688,GOODHEART SURGERY,Inactive,ENGLAND,False,03F,QOQ,,full,1
B81689,DR AH HUSSAIN,Inactive,ENGLAND,False,03H,QOQ,,full,1
B81690,ST ANDREWS NORTHPOINT,Inactive,ENGLAND,False,03F,QOQ,,full,1
B81692,THE QUAYS MEDICAL CENTRE,Inactive,ENGLAND,False,03F,QOQ,,full,1
B81693,MEDI ACCESS LTD,Inactive,ENGLAND,False,03H,QOQ,,full,1
B81697,DR P SURESH BABU,Active,ENGLAND,False,03H,QOQ,,full,1
B82001,FALSGRAVE SURGERY,Inactive,ENGLAND,False,03M,,,full,1
B82002,MILLFIELD SURGERY,Active,ENGLAND,False,42D,QOQ,,full,1
B82003,PETERGATE SURGERY,Inactive,ENGLAND,False,03Q,QOQ,,full,1
B82004,NIDDERDALE GROUP PRACTICE,Active,ENGLAND,False,42D,QOQ,,full,1
B82005,PRIORY MEDICAL GROUP,Active,ENGLAND,False,03Q,QOQ,,full,1
B82006,CLIFTON MEDICAL PRACTICE,Inactive,ENGLAND,False,03Q,QOQ,,full,1
B82007,TOWNHEAD SURGERY,Active,ENGLAND,False,36J,QWO,,full,1
B82008,NORTH HOUSE SURGERY,Active,ENGLAND,False,42D,QOQ,,full,1
B82010,RIPON SPA SURGERY,Active,ENGLAND,False,42D,QOQ,,full,1
B82011,SHERBURN SURGERY,Active,ENGLAND,False,42D,QOQ,,full,1
B82012,THE LEEDS ROAD PRACTICE,Active,ENGLAND,False,42D,QOQ,,full,1
B82013,MOSS HEALTHCARE HARROGATE,Active,ENGLAND,False,42D,QOQ,,full,1
B82014,KINGSWOOD SURGERY,Active,ENGLAND,False,42D,QOQ,,full,1
B82016,STRAYSIDE HEALTH,Active,ENGLAND,False,42D,QOQ,,full,1
B82017,WHITBY GROUP PRACTICE,Active,ENGLAND,False,42D,QOQ,,full,1
B82018,ESCRICK SURGERY,Active,ENGLAND,False,42D,QOQ,,full,1
B82019,TOPCLIFFE SURGERY,Active,ENGLAND,False,42D,QOQ,,full,1
B82020,CROSS HILLS GROUP PRACTICE,Inactive,ENGLAND,False,36J,QWO,,full,1
B82021,DALTON TERRACE SURGERY,Active,ENGLAND,False,03Q,QOQ,,full,1
B82022,GREAT AYTON SURGERY,Active,ENGLAND,False,42D,QOQ,,full,1
B82023,CATTERICK VILLAGE SURGERY,Active,ENGLAND,False,42D,QOQ,,full,1
B82024,EASTFIELD MEDICAL CENTRE,Active,ENGLAND,False,42D,QOQ,,full,1
B82025,DERWENT PRACTICE,Active,ENGLAND,False,42D,QOQ,,full,1
B82026,HAXBY GROUP PRACTICE,Active,ENGLAND,False,03Q,QOQ,,full,1
B82027,THE SPA SURGERY,Active,ENGLAND,False,42D,QOQ,,full,1
B82028,FISHER MEDICAL CENTRE,Inactive,ENGLAND,False,36J,QWO,,full,1
B82029,DOCTORS LANE SURGERY,Active,ENGLAND,False,42D,QOQ,,full,1
B82030,MASHAM & KIRKBY MALZEARD SURGERY,Active,ENGLAND,False,42D,QOQ,,full,1
B82031,SHERBURN GROUP PRACTICE,Active,ENGLAND,False,42D,QOQ,,full,1
B82032,CHURCH LANE SURGERY,Active,ENGLAND,False,42D,QOQ,,full,1
B82033,PICKERING MEDICAL PRACTICE,Active,ENGLAND,False,42D,QOQ,,full,1
B82034,QUAKERS LANE SURGERY,Active,ENGLAND,False,42D,QOQ,,full,1
B82035,SCORTON MEDICAL CENTRE,Active,ENGLAND,False,42D,QOQ,,full,1
B82036,PARK STREET,Active,ENGLAND,False,42D,QOQ,,full,1
B82037,FILEY SURGERY,Active,ENGLAND,False,42D,QOQ,,full,1
B82038,HAXBY GROUP SCARBOROUGH,Active,ENGLAND,False,42D,QOQ,,full,1
B82041,BEECH TREE SURGERY,Active,ENGLAND,False,42D,QOQ,,full,1
B82042,LAMBERT MEDICAL CENTRE,Active,ENGLAND,False,42D,QOQ,,full,1
B82043,MINSTER HEALTH,Inactive,ENGLAND,False,,,,archive,1
B82044,STOKESLEY SURGERY,Active,ENGLAND,False,42D,QOQ,,full,1
B82045,CENTRAL DALES PRACTICE,Active,ENGLAND,False,42D,QOQ,,full,1
B82046,STAITHES SURGERY,Active,ENGLAND,False,42D,QOQ,,full,1
B82047,UNITY HEALTH,Active,ENGLAND,False,03Q,QOQ,,full,1
B82048,THE SURGERY AT 32 CLIFTON,Inactive,ENGLAND,False,,,,archive,1
B82049,THIRSK DOCTORS SURGERY,Active,ENGLAND,False,42D,QOQ,,full,1
B82050,MOWBRAY HOUSE SURGERY,Active,ENGLAND,False,42D,QOQ,,full,1
B82051,ABBEY MEDICAL GROUP,Inactive,ENGLAND,False,,,,archive,1
B82053,DYNELEY HOUSE SURGERY,Active,ENGLAND,False,36J,QWO,,full,1
B82054,SCARBOROUGH MEDICAL GROUP,Active,ENGLAND,False,42D,QOQ,,full,1
B82055,GALE FARM SURGERY,Inactive,ENGLAND,False,03Q,QOQ,,archive,1
B82056,CLAREMONT SURGERY,Inactive,ENGLAND,False,,,,archive,1
B82057,SPRINGBANK SURGERY,Active,ENGLAND,False,42D,QOQ,,full,1
B82058,NORWOOD HOUSE SURGERY,Inactive,ENGLAND,False,,,,archive,1
B82059,CHURCH AVENUE MEDICAL GROUP,Active,ENGLAND,False,42D,QOQ,,full,1
B82060,EASTGATE MEDICAL GROUP,Active,ENGLAND,False,42D,QOQ,,full,1
B82061,BENTHAM MEDICAL PRACTICE,Active,ENGLAND,False,01K,QE1,,full,1
B82062,EGTON SURGERY,Inactive,ENGLAND,False,42D,QOQ,,full,1
B82063,AYTON AND SNAINTON MEDICAL PRACTICE,Active,ENGLAND,False,42D,QOQ,,full,1
B82064,TOLLERTON SURGERY,Active,ENGLAND,False,42D,QOQ,,full,1
B82066,GLEBE HOUSE SURGERY,Active,ENGLAND,False,42D,QOQ,,full,1
B82067,STOCKWELL ROAD SURGERY,Active,ENGLAND,False,42D,QOQ,,full,1
B82068,HELMSLEY SURGERY,Active,ENGLAND,False,42D,QOQ,,full,1
B82069,BEECH HOUSE SURGERY,Active,ENGLAND,False,42D,QOQ,,full,1
B82071,THE OLD SCHOOL MEDICAL PRACTICE,Active,ENGLAND,False,03Q,QOQ,,full,1
B82072,THE FRIARY SURGERY,Active,ENGLAND,False,42D,QOQ,,full,1
B82073,SOUTH MILFORD SURGERY,Active,ENGLAND,False,42D,QOQ,,full,1
B82074,POSTERNGATE SURGERY,Active,ENGLAND,False,42D,QOQ,,full,1
B82075,MAYFORD HOUSE SURGERY,Active,ENGLAND,False,42D,QOQ,,full,1
B82076,ST.LUKE'S MEDICAL PRACTICE,Inactive,ENGLAND,False,03E,,,archive,1
B82077,KIRKBYMOORSIDE SURGERY,Active,ENGLAND,False,42D,QOQ,,full,1
B82078,LEYBURN MEDICAL PRACTICE,Active,ENGLAND,False,42D,QOQ,,full,1
B82079,STILLINGTON SURGERY,Active,ENGLAND,False,42D,QOQ,,full,1
B82080,MY HEALTH GROUP,Active,ENGLAND,False,03Q,QOQ,,full,1
B82081,ELVINGTON MEDICAL PRACTICE,Active,ENGLAND,False,03Q,QOQ,,full,1
B82082,GILLYGATE SURGERY,Inactive,ENGLAND,False,,,,archive,1
B82083,YORK MEDICAL GROUP,Active,ENGLAND,False,03Q,QOQ,,full,1
B82086,ESK VALLEY MEDICAL PRACTICE,Active,ENGLAND,False,42D,QOQ,,full,1
B82088,BROOK SQUARE SURGERY,Active,ENGLAND,False,42D,QOQ,,full,1
B82091,PARK PARADE SURGERY,Active,ENGLAND,False,42D,QOQ,,full,1
B82092,BELGRAVE SURGERY,Inactive,ENGLAND,False,03M,,,full,1
B82095,BEECH GROVE MEDICAL PRACTICE,Inactive,ENGLAND,False,03Q,QOQ,,full,1
B82097,SCOTT ROAD MEDICAL CENTRE,Active,ENGLAND,False,42D,QOQ,,full,1
B82098,JORVIK GILLYGATE PRACTICE,Active,ENGLAND,False,03Q,QOQ,,full,1
B82099,GRASSINGTON MEDICAL CENTRE,Inactive,ENGLAND,False,02N,,,archive,1
B82100,FRONT STREET SURGERY,Active,ENGLAND,False,03Q,QOQ,,full,1
B82101,SLEIGHTS AND SANDSEND MEDICAL PRACTICE,Active,ENGLAND,False,42D,QOQ,,full,1
B82103,EAST PARADE MEDICAL PRACTICE,Inactive,ENGLAND,False,03Q,QOQ,,full,1
B82104,HAREWOOD MEDICAL PRACTICE,Active,ENGLAND,False,42D,QOQ,,full,1
B82105,TADCASTER MEDICAL CENTRE,Active,ENGLAND,False,42D,QOQ,,full,1
B82106,HACKNESS ROAD SURGERY,Active,ENGLAND,False,42D,QOQ,,full,1
B82609,AMPLEFORTH SURGERY,Active,ENGLAND,False,42D,QOQ,,full,1
B82611,PEASHOLM SURGERY,Inactive,ENGLAND,False,03M,,,full,1
B82619,TERRINGTON SURGERY,Active,ENGLAND,False,42D,QOQ,,full,1
B82622,REETH MEDICAL CENTRE,Active,ENGLAND,False,42D,QOQ,,full,1
B82627,JENNYFIELD HEALTH CENTRE,Inactive,ENGLAND,False,,,,archive,1
B82628,HUNMANBY SURGERY,Active,ENGLAND,False,42D,QOQ,,full,1
B82629,BURGESS PJ,Inactive,ENGLAND,False,,,,archive,1
B82639,PMS PILOT,Inactive,ENGLAND,False,,,,archive,1
B83002,ILKLEY & WHARFEDALE MEDICAL PRACTICE,Active,ENGLAND,False,36J,QWO,,full,1
B83005,THORNBURY MEDICAL PRACTICE,Active,ENGLAND,False,36J,QWO,,full,1
B83006,SILSDEN & STEETON MEDICAL PRACTICE,Inactive,ENGLAND,False,36J,QWO,,full,1
B83007,THE HEATON MEDICAL PRACTICE,Inactive,ENGLAND,False,36J,QWO,,full,1
B83008,LING HOUSE MEDICAL CENTRE,Active,ENGLAND,False,36J,QWO,,full,1
B83009,SUNNYBANK & COWGILL MEDICAL PRACTICE,Active,ENGLAND,False,36J,QWO,,full,1
B83010,PARKLANDS MEDICAL PRACTICE,Active,ENGLAND,False,36J,QWO,,full,1
B83011,WOODROYD CENTRE,Inactive,ENGLAND,False,36J,QWO,,full,1
B83012,MANOR MEDICAL PRACTICE,Active,ENGLAND,False,36J,QWO,,full,1
B83013,WESTCLIFFE MEDICAL CENTRE,Inactive,ENGLAND,False,36J,QWO,,full,1
B83014,BINGLEY MEDICAL PRACTICE,Active,ENGLAND,False,36J,QWO,,full,1
B83015,TONG MEDICAL PRACTICE,Active,ENGLAND,False,36J,QWO,,full,1
B83016,FARROW MEDICAL CENTRE,Active,ENGLAND,False,36J,QWO,,full,1
B83017,HORTON BANK PRACTICE,Inactive,ENGLAND,False,36J,QWO,,full,1
B83018,IDLE MEDICAL CENTRE,Active,ENGLAND,False,36J,QWO,,full,1
B83019,GRANGE PARK SURGERY,Active,ENGLAND,False,36J,QWO,,full,1
B83020,THE WILLOWS MEDICAL PRACTICE,Active,ENGLAND,False,36J,QWO,,full,1
B83021,FARFIELD GROUP PRACTICE,Inactive,ENGLAND,False,36J,QWO,,full,1
B83022,BAILDON MEDICAL PRACTICE,Active,ENGLAND,False,36J,QWO,,full,1
B83023,HOLYCROFT SURGERY,Inactive,ENGLAND,False,36J,QWO,,full,1
B83025,DR I M RAJA & PARTNER,Active,ENGLAND,False,36J,QWO,,full,1
B83026,PRIMROSE SURGERY,Active,ENGLAND,False,36J,QWO,,full,1
B83027,HAWORTH MEDICAL PRACTICE,Inactive,ENGLAND,False,36J,QWO,,full,1
B83028,WIBSEY & QUEENSBURY MED P,Active,ENGLAND,False,36J,QWO,,full,1
B83029,LOW MOOR SURGERY,Active,ENGLAND,False,36J,QWO,,full,1
B83030,THORNTON & DENHOLME MEDICAL PRACTICE,Inactive,ENGLAND,False,36J,QWO,,full,1
B83031,OAK GLEN SURGERY,Active,ENGLAND,False,36J,QWO,,full,1
B83032,BRADFORD MOOR PRACTICE,Active,ENGLAND,False,36J,QWO,,full,1
B83033,MODALITY PARTNERSHIP (AWC),Active,ENGLAND,False,36J,QWO,,full,1
B83034,GRANGE MEDICAL CENTRE,Active,ENGLAND,False,36J,QWO,,full,1
B83035,HORTON PARK MEDICAL PRACTICE,Active,ENGLAND,False,36J,QWO,,full,1
B83037,THE WILSDEN MEDICAL PRACTICE,Active,ENGLAND,False,36J,QWO,,full,1
B83038,LEYLANDS LANE MEDICAL PRACTICE,Active,ENGLAND,False,36J,QWO,,full,1
B83039,THE SALTAIRE & WINDHILL MEDICAL P'SHIP,Active,ENGLAND,False,36J,QWO,,full,1
B83040,SALTAIRE MEDICAL PRACTICE,Inactive,ENGLAND,False,36J,QWO,,full,1
B83041,BOWLING HALL MED PRACTICE,Active,ENGLAND,False,36J,QWO,,full,1
B83042,ROOLEY LANE MED. CENTRE,Active,ENGLAND,False,36J,QWO,,full,1
B83043,WOODROYD CENTRE - DE HAAR,Inactive,ENGLAND,False,36J,QWO,,full,1
B83044,DR HUTCHINGS & PARTNERS,Inactive,ENGLAND,False,02R,,,full,1
B83045,HOLLYNS HEALTH & WELLBEING,Active,ENGLAND,False,36J,QWO,,full,1
B83049,COWGILL SURGERY,Inactive,ENGLAND,False,36J,QWO,,full,1
B83050,HOLLINS HEALTH & WELLBEING - ALLERTON,Inactive,ENGLAND,False,02R,,,full,1
B83051,BRADFORD STUDENT HEALTH SERVICE,Active,ENGLAND,False,36J,QWO,,full,1
B83052,KENSINGTON PARTNERSHIP,Active,ENGLAND,False,36J,QWO,,full,1
B83054,HAIGH HALL MEDICAL PRACTICE,Active,ENGLAND,False,36J,QWO,,full,1
B83055,THE RIDGE MEDICAL PRACT.,Active,ENGLAND,False,36J,QWO,,full,1
B83056,MOORSIDE SURGERY,Active,ENGLAND,False,36J,QWO,,full,1
B83058,THE AVICENNA MEDICAL PRACTICE,Active,ENGLAND,False,36J,QWO,,full,1
B83061,OAKWORTH MEDICAL PRACTICE,Inactive,ENGLAND,False,36J,QWO,,full,1
B83062,ASHCROFT SURGERY,Active,ENGLAND,False,36J,QWO,,full,1
B83063,AFFINITY CARE,Active,ENGLAND,False,36J,QWO,,full,1
B83064,THE ROCKWELL AND WROSE PRACTICE,Active,ENGLAND,False,36J,QWO,,full,1
B83067,THE SPRINGFIELD SURGERY (BINGLEY),Active,ENGLAND,False,36J,QWO,,full,1
B83069,PICTON AT WHETLEY MEDICAL CENTRE,Inactive,ENGLAND,False,02W,,,full,1
B83070,MUGHAL MEDICAL CENTRE,Inactive,ENGLAND,False,02W,,,full,1
B83071,PHOENIX MEDICAL PRACTICE,Inactive,ENGLAND,False,02R,,,archive,1
B83602,NORTH STREET MEDICAL PRACTICE,Inactive,ENGLAND,False,36J,QWO,,full,1
B83604,THE LISTER SURGERY,Active,ENGLAND,False,36J,QWO,,full,1
B83611,NEW OTLEY ROAD MEDICAL PRACTICE,Active,ENGLAND,False,36J,QWO,,full,1
B83613,LCD BRADFORD AT MANNINGHAM MEDICAL CNTRE,Inactive,ENGLAND,False,02W,,,full,1
B83614,PICTON MEDICAL CENTRE,Active,ENGLAND,False,36J,QWO,,full,1
B83617,DR U AKBAR,Inactive,ENGLAND,False,36J,QWO,,full,1
B83620,ADDINGHAM SURGERY,Active,ENGLAND,False,36J,QWO,,full,1
B83621,DR A AZAM & PARTNERS,Inactive,ENGLAND,False,36J,QWO,,full,1
B83622,DR IA GILKAR & PARTNERS,Active,ENGLAND,False,36J,QWO,,full,1
B83624,I G MEDICAL,Active,ENGLAND,False,36J,QWO,,full,1
B83626,VALLEY VIEW SURGERY,Active,ENGLAND,False,36J,QWO,,full,1
B83627,FRIZINGHALL MEDICAL CENTRE,Active,ENGLAND,False,36J,QWO,,full,1
B83628,CLARENDON MEDICAL CENTRE,Active,ENGLAND,False,36J,QWO,,full,1
B83629,PEEL PARK SURGERY,Active,ENGLAND,False,36J,QWO,,full,1
B83631,WOODHEAD ROAD SURGERY,Inactive,ENGLAND,False,02R,,,full,1
B83638,PEEL PARK AT HILLSIDE BRIDGE,Inactive,ENGLAND,False,36J,QWO,,full,1
B83641,ASHWELL MEDICAL CENTRE,Active,ENGLAND,False,36J,QWO,,full,1
B83642,THE CITY MEDICAL PRACTICE,Active,ENGLAND,False,36J,QWO,,full,1
B83653,DR GILKAR,Active,ENGLAND,False,36J,QWO,,full,1
B83657,BEVAN COMMUNITY BENEFIT SOCIETY,Active,ENGLAND,False,36J,QWO,,full,1
B83659,PARK GRANGE MEDICAL CENTRE,Active,ENGLAND,False,36J,QWO,,full,1
B83660,BILTON MEDICAL CENTRE,Active,ENGLAND,False,36J,QWO,,full,1
B83661,MOOR PARK MEDICAL PRACTICE,Active,ENGLAND,False,36J,QWO,,full,1
B83700,FOUNTAINS HALL MEDICAL PRACTICE,Inactive,ENGLAND,False,,,,archive,1
B84001,STATION ROAD SURGERY,Active,ENGLAND,False,02T,QWO,,full,1
B84002,QUEENS ROAD SURGERY,Inactive,ENGLAND,False,02T,QWO,,full,1
B84003,RYDINGS HALL SURGERY,Active,ENGLAND,False,02T,QWO,,full,1
B84004,HEBDEN BRIDGE GROUP PRACTICE,Active,ENGLAND,False,02T,QWO,,full,1
B84005,ROSEGARTH SURGERY,Inactive,ENGLAND,False,02T,QWO,,full,1
B84006,TODMORDEN GROUP PRACTICE,Active,ENGLAND,False,02T,QWO,,full,1
B84007,BRIG ROYD SURGERY,Active,ENGLAND,False,02T,QWO,,full,1
B84008,THE NORTHOLME PRACTICE,Active,ENGLAND,False,02T,QWO,,full,1
B84009,STAINLAND ROAD MEDICAL CENTRE,Active,ENGLAND,False,02T,QWO,,full,1
B84010,KEIGHLEY ROAD SURGERY,Active,ENGLAND,False,02T,QWO,,full,1
B84011,CHURCH LANE SURGERY,Active,ENGLAND,False,02T,QWO,,full,1
B84012,SPRING HALL GROUP PRACTICE,Active,ENGLAND,False,02T,QWO,,full,1
B84013,PLANE TREES GROUP PRACTICE,Active,ENGLAND,False,02T,QWO,,full,1
B84014,RASTRICK HEALTH CENTRE,Active,ENGLAND,False,02T,QWO,,full,1
B84016,BANKFIELD SURGERY,Active,ENGLAND,False,02T,QWO,,full,1
B84017,BURLEY STREET SURGERY,Inactive,ENGLAND,False,02T,QWO,,full,1
B84019,THE BOULEVARD MEDICAL PRACTICE,Active,ENGLAND,False,02T,QWO,,full,1
B84021,KING CROSS PRACTICE,Active,ENGLAND,False,02T,QWO,,full,1
B84608,CALDER COMMUNITY PRACTICE,Inactive,ENGLAND,False,,,,archive,1
B84610,HORNE STREET SURGERY,Inactive,ENGLAND,False,02T,QWO,,full,1
B84612,LISTER LANE SURGERY,Active,ENGLAND,False,02T,QWO,,full,1
B84613,BEECHWOOD MEDICAL CENTRE,Active,ENGLAND,False,02T,QWO,,full,1
B84614,BOOTHTOWN SURGERY,Inactive,ENGLAND,False,,,,archive,1
B84615,SOUTHOWRAM SURGERY,Inactive,ENGLAND,False,02T,QWO,,full,1
B84618,CARITAS GROUP PRACTICE,Active,ENGLAND,False,02T,QWO,,full,1
B84623,LONGROYDE SURGERY,Active,ENGLAND,False,02T,QWO,,full,1
B84625,NURSERY LANE MEDICAL CENTRE,Inactive,ENGLAND,False,,,,archive,1
B85001,PARKVIEW SURGERY,Active,ENGLAND,False,X2C4Y,QWO,,full,1
B85002,DEARNE VALLEY HEALTH CENTRE,Active,ENGLAND,False,X2C4Y,QWO,,full,1
B85004,CALDER VIEW SURGERY,Active,ENGLAND,False,X2C4Y,QWO,,full,1
B85005,SHEPLEY PRIMARY CARE LIMITED,Active,ENGLAND,False,X2C4Y,QWO,,full,1
B85006,ELMWOOD FAMILY DOCTORS,Active,ENGLAND,False,X2C4Y,QWO,,full,1
B85008,BATLEY HEALTH CENTRE SURGERY,Active,ENGLAND,False,X2C4Y,QWO,,full,1
B85009,"NORTH ROAD SUITE,RAVENSTHORPE HEALTH CTR",Active,ENGLAND,False,X2C4Y,QWO,,full,1
B85010,DALTON SURGERY,Active,ENGLAND,False,X2C4Y,QWO,,full,1
B85011,COLNE VALLEY FAMILY DOCTORS,Inactive,ENGLAND,False,03A,QWO,,full,1
B85012,UNDERCLIFFE SURGERY,Active,ENGLAND,False,X2C4Y,QWO,,full,1
B85014,BROOKROYD HOUSE,Active,ENGLAND,False,X2C4Y,QWO,,full,1
B85015,WELLINGTON HOUSE,Active,ENGLAND,False,X2C4Y,QWO,,full,1
B85016,MELTHAM ROAD SURGERY,Active,ENGLAND,False,X2C4Y,QWO,,full,1
B85018,GROVE HOUSE SURGERY,Active,ENGLAND,False,X2C4Y,QWO,,full,1
B85019,MIRFIELD HEALTH CENTRE,Active,ENGLAND,False,X2C4Y,QWO,,full,1
B85020,EIGHTLANDS SURGERY,Active,ENGLAND,False,X2C4Y,QWO,,full,1
B85021,CLECKHEATON GROUP PRACTICE,Active,ENGLAND,False,X2C4Y,QWO,,full,1
B85022,HONLEY SURGERY,Active,ENGLAND,False,X2C4Y,QWO,,full,1
B85023,THE ALMONDBURY SURGERY,Active,ENGLAND,False,X2C4Y,QWO,,full,1
B85024,THE WATERLOO PRACTICE,Active,ENGLAND,False,X2C4Y,QWO,,full,1
B85025,BLACKBURN RD.MEDICAL CTR.,Active,ENGLAND,False,X2C4Y,QWO,,full,1
B85026,KIRKBURTON HEALTH CENTRE,Active,ENGLAND,False,X2C4Y,QWO,,full,1
B85027,LINDLEY GROUP PRACTICE LTD,Active,ENGLAND,False,X2C4Y,QWO,,full,1
B85028,THE GRANGE MEDICAL PRACTICE,Active,ENGLAND,False,X2C4Y,QWO,,full,1
B85030,THE GREENWAY MEDICAL PRACTICE,Active,ENGLAND,False,X2C4Y,QWO,,full,1
B85031,LEPTON AND KIRKHEATON SURGERIES,Active,ENGLAND,False,X2C4Y,QWO,,full,1
B85032,MELTHAM GROUP PRACTICE,Active,ENGLAND,False,X2C4Y,QWO,,full,1
B85033,THE LINDLEY VILLAGE SURG.,Active,ENGLAND,False,X2C4Y,QWO,,full,1
B85036,NEW STREET & NETHERTON GROUP PRACTICE,Active,ENGLAND,False,X2C4Y,QWO,,full,1
B85037,NEWSOME SURGERY LIMITED,Active,ENGLAND,False,X2C4Y,QWO,,full,1
B85038,THE PADDOCK SURGERY,Active,ENGLAND,False,X2C4Y,QWO,,full,1
B85040,DR TAYLOR & PARTNERS,Inactive,ENGLAND,False,,,,archive,1
B85041,MOUNT PLEASANT MED CENTRE,Active,ENGLAND,False,X2C4Y,QWO,,full,1
B85042,PADDOCK AND LONGWOOD FAMILY PRACTICE,Active,ENGLAND,False,X2C4Y,QWO,,full,1
B85044,THORNTON LODGE SURGERY,Active,ENGLAND,False,X2C4Y,QWO,,full,1
B85048,WOODHOUSE HILL SURGERY,Active,ENGLAND,False,X2C4Y,QWO,,full,1
B85051,FIELDHEAD SURGERY,Active,ENGLAND,False,X2C4Y,QWO,,full,1
B85054,COLNE VALLEY GROUP PRACTICE,Active,ENGLAND,False,X2C4Y,QWO,,full,1
B85055,HEALDS ROAD SURGERY,Active,ENGLAND,False,X2C4Y,QWO,,full,1
B85058,ROSE MEDICAL PRACTICE,Active,ENGLAND,False,X2C4Y,QWO,,full,1
B85059,SLAITHWAITE HEALTH CENTRE,Active,ENGLAND,False,X2C4Y,QWO,,full,1
B85060,GREENHEAD FAMILY DOCTORS,Active,ENGLAND,False,X2C4Y,QWO,,full,1
B85061,SKELMANTHORPE FAMILY DOCTORS,Active,ENGLAND,False,X2C4Y,QWO,,full,1
B85062,UNIVERSITY HEALTH CENTRE,Active,ENGLAND,False,X2C4Y,QWO,,full,1
B85606,THORNHILL LEES MEDICAL CENTRE,Active,ENGLAND,False,X2C4Y,QWO,,full,1
B85610,OAKLANDS HEALTH CENTRE,Active,ENGLAND,False,X2C4Y,QWO,,full,1
B85611,DR HANDA & PARTNER,Active,ENGLAND,False,X2C4Y,QWO,,full,1
B85612,LIVERSEDGE MEDICAL CENTRE,Active,ENGLAND,False,X2C4Y,QWO,,full,1
B85614,CROFT MEDICAL CENTRE,Active,ENGLAND,False,X2C4Y,QWO,,full,1
B85619,COOK LANE SURGERY,Active,ENGLAND,False,X2C4Y,QWO,,full,1
B85620,WINDSOR MEDICAL CENTRE,Active,ENGLAND,False,X2C4Y,QWO,,full,1
B85621,GREENSIDE SURGERY,Inactive,ENGLAND,False,03J,QWO,,full,1
B85622,BROUGHTON HOUSE SURGERY,Inactive,ENGLAND,False,X2C4Y,QWO,,full,1
B85623,MARSH SURGERY,Active,ENGLAND,False,X2C4Y,QWO,,full,1
B85625,DR REDDY & PARTNER,Inactive,ENGLAND,False,,,,archive,1
B85628,DR GOWA,Inactive,ENGLAND,False,,,,archive,1
B85629,DR T UNNIKRISHNAN'S PRACTICE,Inactive,ENGLAND,False,,,,archive,1
B85634,BIRKBY HEALTH CENTRE,Active,ENGLAND,False,X2C4Y,QWO,,full,1
B85636,WESTBOURNE SURGERY,Active,ENGLAND,False,X2C4Y,QWO,,full,1
B85638,THE NOOK AND CLIFTON GROUP,Inactive,ENGLAND,False,X2C4Y,QWO,,full,1
B85640,KIRKGATE SURGERY,Active,ENGLAND,False,X2C4Y,QWO,,full,1
B85641,LOCKWOOD SURGERY,Active,ENGLAND,False,X2C4Y,QWO,,full,1
B85644,MELTHAM VILLAGE SURGERY,Inactive,ENGLAND,False,03A,QWO,,full,1
B85645,SAVILE TOWN MEDICAL CTR.,Active,ENGLAND,False,X2C4Y,QWO,,full,1
B85646,THE ALBION MOUNT MEDICAL PRACTICE,Active,ENGLAND,False,X2C4Y,QWO,,full,1
B85650,DR MAHMOOD & PARTNERS,Active,ENGLAND,False,X2C4Y,QWO,,full,1
B85652,SIDINGS HEALTHCARE CENTRE,Active,ENGLAND,False,X2C4Y,QWO,,full,1
B85655,CHERRY TREE SURGERY,Active,ENGLAND,False,X2C4Y,QWO,,full,1
B85659,THE WHITEHOUSE CENTRE,Active,ENGLAND,False,X2C4Y,QWO,,full,1
B85660,THE JUNCTION SURGERY,Active,ENGLAND,False,X2C4Y,QWO,,full,1
B86001,DR N SADDIQ'S PRACTICE,Inactive,ENGLAND,False,15F,QWO,,full,1
B86002,CITY VIEW MEDICAL PRACTICE,Active,ENGLAND,False,15F,QWO,,full,1
B86003,DR G LEES & PARTNERS,Active,ENGLAND,False,15F,QWO,,full,1
B86004,HIGHFIELD SURGERY,Active,ENGLAND,False,15F,QWO,,full,1
B86005,DR N DUMPHY & PARTNERS,Active,ENGLAND,False,15F,QWO,,full,1
B86006,OULTON MEDICAL CENTRE,Active,ENGLAND,False,15F,QWO,,full,1
B86007,WINDMILL HEALTH CENTRE,Active,ENGLAND,False,15F,QWO,,full,1
B86008,ALWOODLEY MEDICAL CENTRE,Active,ENGLAND,False,15F,QWO,,full,1
B86009,MANSTON SURGERY,Active,ENGLAND,False,15F,QWO,,full,1
B86010,COLLINGHAM CHURCH VIEW SURGERY,Active,ENGLAND,False,15F,QWO,,full,1
B86011,HILLFOOT SURGERY,Active,ENGLAND,False,15F,QWO,,full,1
B86012,LEEDS CITY MEDICAL PRACTICE,Active,ENGLAND,False,15F,QWO,,full,1
B86013,THE NORTH LEEDS MEDICAL PRACTICE,Active,ENGLAND,False,15F,QWO,,full,1
B86014,ROBIN LANE HEALTH AND WELLBEING CENTRE,Active,ENGLAND,False,15F,QWO,,full,1
B86015,MANOR PARK SURGERY,Active,ENGLAND,False,15F,QWO,,full,1
B86016,SHAFTESBURY MEDICAL CTR.,Active,ENGLAND,False,15F,QWO,,full,1
B86017,CRAVEN ROAD MEDICAL PRACTICE,Active,ENGLAND,False,15F,QWO,,full,1
B86018,MULBERRY STREET MEDICAL PRACTICE,Active,ENGLAND,False,15F,QWO,,full,1
B86019,DIAMOND MEDICAL GROUP,Active,ENGLAND,False,15F,QWO,,full,1
B86020,LOFTHOUSE SURGERY,Active,ENGLAND,False,15F,QWO,,full,1
B86022,OAKWOOD LANE MEDICAL PRACTICE,Active,ENGLAND,False,15F,QWO,,full,1
B86023,THE AVENUE SURGERY,Inactive,ENGLAND,False,15F,QWO,,full,1
B86024,PRIORY VIEW MEDICAL CENTRE,Active,ENGLAND,False,15F,QWO,,full,1
B86025,HYDE PARK SURGERY,Active,ENGLAND,False,15F,QWO,,full,1
B86026,THE LODGE MEDICAL CENTRE,Inactive,ENGLAND,False,,,,archive,1
B86028,SOUTH QUEEN MEDICAL CENTRE,Active,ENGLAND,False,15F,QWO,,full,1
B86029,WESTGATE SURGERY,Active,ENGLAND,False,15F,QWO,,full,1
B86030,BURTON CROFT SURGERY,Active,ENGLAND,False,15F,QWO,,full,1
B86031,WESTFIELD MEDICAL CENTRE,Inactive,ENGLAND,False,15F,QWO,,full,1
B86032,CHEVIN MEDICAL PRACTICE,Active,ENGLAND,False,15F,QWO,,full,1
B86033,CROSSLEY STREET SURGERY,Active,ENGLAND,False,15F,QWO,,full,1
B86034,SPA SURGERY,Active,ENGLAND,False,15F,QWO,,full,1
B86035,SOUTH BANK SURGERY,Active,ENGLAND,False,15F,QWO,,full,1
B86036,GIBSON LANE PRACTICE,Active,ENGLAND,False,15F,QWO,,full,1
B86037,RADSHAN MEDICAL CENTRE,Inactive,ENGLAND,False,15F,QWO,,full,1
B86038,GUISELEY AND YEADON MEDICAL PRACTICE,Active,ENGLAND,False,15F,QWO,,full,1
B86039,ALLERTON MEDICAL CENTRE,Active,ENGLAND,False,15F,QWO,,full,1
B86041,VESPER ROAD,Active,ENGLAND,False,15F,QWO,,full,1
B86042,LINGWELL CROFT SURGERY,Active,ENGLAND,False,15F,QWO,,full,1
B86043,EAST PARK MEDICAL CENTRE,Active,ENGLAND,False,15F,QWO,,full,1
B86044,"DR S HUTCHINSON & PARTNERS, IW&H M PRAC",Active,ENGLAND,False,15F,QWO,,full,1
B86046,CHARLES STREET SURGERY,Inactive,ENGLAND,False,,,,archive,1
B86047,RAWDON SURGERY,Inactive,ENGLAND,False,15F,QWO,,full,1
B86048,GARFORTH MEDICAL CENTRE,Active,ENGLAND,False,15F,QWO,,full,1
B86049,WOODHOUSE MEDICAL PRACTICE,Active,ENGLAND,False,15F,QWO,,full,1
B86050,WEST LODGE SURGERY,Active,ENGLAND,False,15F,QWO,,full,1
B86051,AIRE VALLEY SURGERY,Active,ENGLAND,False,15F,QWO,,full,1
B86052,PARK ROAD & MENSTON,Active,ENGLAND,False,15F,QWO,,full,1
B86054,THE GARDEN SURGERY,Active,ENGLAND,False,15F,QWO,,full,1
B86055,ASHFIELD MEDICAL CENTRE,Active,ENGLAND,False,15F,QWO,,full,1
B86056,SHADWELL MEDICAL CENTRE,Inactive,ENGLAND,False,15F,QWO,,full,1
B86057,WINDSOR HOUSE GROUP PRACTICE,Active,ENGLAND,False,15F,QWO,,full,1
B86058,DR KW MCGECHAEN & PARTNER,Inactive,ENGLAND,False,15F,QWO,,full,1
B86059,MEANWOOD HEALTH CENTRE,Active,ENGLAND,False,15F,QWO,,full,1
B86060,THORNTON MEDICAL CENTRE,Active,ENGLAND,False,15F,QWO,,full,1
B86061,HAREHILLS CORNER SURGERY,Active,ENGLAND,False,15F,QWO,,full,1
B86062,THE MEDICAL CENTRE,Active,ENGLAND,False,15F,QWO,,full,1
B86064,LEIGH VIEW MEDICAL PRACTICE,Active,ENGLAND,False,15F,QWO,,full,1
B86065,MOOR GRANGE,Inactive,ENGLAND,False,03C,,,archive,1
B86066,THE STREET LANE PRACTICE,Active,ENGLAND,False,15F,QWO,,full,1
B86067,THE DEKEYSER GROUP PRACTICE,Active,ENGLAND,False,15F,QWO,,full,1
B86068,ABBEY GRANGE MEDICAL PRACTICE,Active,ENGLAND,False,15F,QWO,,full,1
B86069,BURLEY PARK MEDICAL CENTRE,Active,ENGLAND,False,15F,QWO,,full,1
B86070,AIREBOROUGH FAMILY PRACTICE,Active,ENGLAND,False,15F,QWO,,full,1
B86071,WHITEHALL SURGERY,Active,ENGLAND,False,15F,QWO,,full,1
B86074,FIELDHEAD SURGERY,Inactive,ENGLAND,False,15F,QWO,,full,1
B86075,DR T P FOX & PARTNERS,Active,ENGLAND,False,15F,QWO,,full,1
B86077,GRANGE MEDICARE - NEW CROSS SURGERY,Inactive,ENGLAND,False,15F,QWO,,full,1
B86081,BELLBROOKE SURGERY,Active,ENGLAND,False,15F,QWO,,full,1
B86086,LAUREL BANK SURGERY,Active,ENGLAND,False,15F,QWO,,full,1
B86089,NOVA SCOTIA MEDICAL CNTR,Active,ENGLAND,False,15F,QWO,,full,1
B86090,WOODLANDS SURGERY,Inactive,ENGLAND,False,,,,archive,1
B86092,KIPPAX HALL SURGERY,Active,ENGLAND,False,15F,QWO,,full,1
B86093,PARK EDGE PRACTICE,Active,ENGLAND,False,15F,QWO,,full,1
B86094,DR S M CHEN & PARTNER,Active,ENGLAND,False,15F,QWO,,full,1
B86095,SHAFTON LANE SURGERY,Inactive,ENGLAND,False,15F,QWO,,full,1
B86096,ARTHINGTON MEDICAL CENTRE,Active,ENGLAND,False,15F,QWO,,full,1
B86100,ST MARTINS PRACTICE,Active,ENGLAND,False,15F,QWO,,full,1
B86101,GILDERSOME HEALTH CENTRE,Active,ENGLAND,False,15F,QWO,,full,1
B86102,THE RICHMOND MEDICAL CTR.,Inactive,ENGLAND,False,03G,,,archive,1
B86103,CONWAY MEDICAL CENTRE,Active,ENGLAND,False,15F,QWO,,full,1
B86104,BRAMLEY VILLAGE HEALTH & WELLBEING CTR,Active,ENGLAND,False,15F,QWO,,full,1
B86106,FOUNDRY LANE SURGERY,Active,ENGLAND,False,15F,QWO,,full,1
B86107,MOORCROFT SURGERY,Inactive,ENGLAND,False,02V,,,full,1
B86108,CHAPELTOWN FAMILY SURGERY,Active,ENGLAND,False,15F,QWO,,full,1
B86109,KIRKSTALL LANE MEDICAL CENTRE,Active,ENGLAND,False,15F,QWO,,full,1
B86110,LEEDS STUDENT MEDICAL PRACTICE,Active,ENGLAND,False,15F,QWO,,full,1
B86623,ASHTON VIEW MEDICAL CTR,Active,ENGLAND,False,15F,QWO,,full,1
B86625,WETHERBY SURGERY,Inactive,ENGLAND,False,15F,QWO,,full,1
B86633,DR A KHAN & K MUNEER,Inactive,ENGLAND,False,15F,QWO,,full,1
B86638,THE SURGERY,Inactive,ENGLAND,False,15F,QWO,,full,1
B86642,DR S HUSSAIN,Active,ENGLAND,False,15F,QWO,,full,1
B86643,THE ROUNDHAY ROAD SURGERY,Active,ENGLAND,False,15F,QWO,,full,1
B86648,FAMILY DOCTORS,Active,ENGLAND,False,15F,QWO,,full,1
B86651,ONE MEDICARE LLP,Inactive,ENGLAND,False,15F,QWO,,full,1
B86652,DIXON LANE MEDICAL CENTRE,Inactive,ENGLAND,False,,,,archive,1
B86653,LONDESBOROUGH HOUSE SURGERY,Inactive,ENGLAND,False,,,,archive,1
B86654,OAKWOOD SURGERY,Inactive,ENGLAND,False,15F,QWO,,full,1
B86655,BEECH TREE MEDICAL CENTRE,Active,ENGLAND,False,15F,QWO,,full,1
B86658,MOORFIELD HOUSE SURGERY,Active,ENGLAND,False,15F,QWO,,full,1
B86666,NEWTON SURGERY,Active,ENGLAND,False,15F,QWO,,full,1
B86667,BEESTON VILLAGE SURGERY,Active,ENGLAND,False,15F,QWO,,full,1
B86669,YORK STREET HEALTH PRACTICE,Active,ENGLAND,False,15F,QWO,,full,1
B86670,WHINMOOR SURGERY,Inactive,ENGLAND,False,15F,QWO,,full,1
B86672,HAWTHORN SURGERY,Active,ENGLAND,False,15F,QWO,,full,1
B86673,WETHERBY & BRAMHAM SURGERY,Active,ENGLAND,False,15F,QWO,,full,1
B86675,LINCOLN GREEN MEDICAL CENTRE,Active,ENGLAND,False,15F,QWO,,full,1
B86678,DRIGHLINGTON MEDICAL CENTRE,Active,ENGLAND,False,15F,QWO,,full,1
B86679,HEALTH ACCESS TEAM FOR ASYLUM SEEKERS,Inactive,ENGLAND,False,,,,archive,1
B86682,GRANGE MEDICARE - MIDDLETON PARK,Inactive,ENGLAND,False,15F,QWO,,full,1
B87001,MIDDLESTOWN,Active,ENGLAND,False,03R,QWO,,full,1
B87002,ORCHARD CROFT,Active,ENGLAND,False,03R,QWO,,full,1
B87003,COLLEGE LANE SURGERY,Active,ENGLAND,False,03R,QWO,,full,1
B87004,WARRENGATE MEDICAL CENTRE,Active,ENGLAND,False,03R,QWO,,full,1
B87005,RIVERSIDE MEDICAL CENTRE,Active,ENGLAND,False,03R,QWO,,full,1
B87006,PARK GREEN SURGERY,Active,ENGLAND,False,03R,QWO,,full,1
B87007,NORTHGATE SURGERY,Active,ENGLAND,False,03R,QWO,,full,1
B87008,LUPSET HEALTH CENTRE,Active,ENGLAND,False,03R,QWO,,full,1
B87009,ST THOMAS ROAD SURGERY,Active,ENGLAND,False,03R,QWO,,full,1
B87011,FRIARWOOD SURGERY,Active,ENGLAND,False,03R,QWO,,full,1
B87012,MAYBUSH MEDICAL CENTRE,Active,ENGLAND,False,03R,QWO,,full,1
B87013,OUTWOOD PARK MEDICAL CENTRE,Active,ENGLAND,False,03R,QWO,,full,1
B87015,STUART ROAD,Active,ENGLAND,False,03R,QWO,,full,1
B87016,WHITE ROSE SURGERY,Active,ENGLAND,False,03R,QWO,,full,1
B87017,TRINITY MEDICAL CENTRE,Active,ENGLAND,False,03R,QWO,,full,1
B87018,HENRY MOORE CLINIC,Active,ENGLAND,False,03R,QWO,,full,1
B87019,STANLEY,Active,ENGLAND,False,03R,QWO,,full,1
B87020,CHAPELTHORPE,Active,ENGLAND,False,03R,QWO,,full,1
B87021,ASH GROVE,Active,ENGLAND,False,03R,QWO,,full,1
B87022,HOMESTEAD,Active,ENGLAND,False,03R,QWO,,full,1
B87023,ELIZABETH COURT SURGERY,Inactive,ENGLAND,False,03R,QWO,,full,1
B87025,CASTLEFORD MEDICAL PRACTICE,Active,ENGLAND,False,03R,QWO,,full,1
B87026,THE GRANGE MEDICAL CENTRE,Active,ENGLAND,False,03R,QWO,,full,1
B87027,NEW SOUTHGATE SURGERY,Active,ENGLAND,False,03R,QWO,,full,1
B87028,CROFTON AND SHARLSTON MED PRAC,Active,ENGLAND,False,03R,QWO,,full,1
B87029,GROVE,Inactive,ENGLAND,False,03R,QWO,,full,1
B87030,HEALTH CARE FIRST PARTNERSHIP,Active,ENGLAND,False,03R,QWO,,full,1
B87031,OSSETT SURGERY,Active,ENGLAND,False,03R,QWO,,full,1
B87032,STATION LANE,Active,ENGLAND,False,03R,QWO,,full,1
B87033,NEWLAND SURGERY,Active,ENGLAND,False,03R,QWO,,full,1
B87036,LANGTHWAITE SURGERY,Active,ENGLAND,False,03R,QWO,,full,1
B87039,KING'S MEDICAL PRACTICE,Active,ENGLAND,False,03R,QWO,,full,1
B87040,PROSPECT SURGERY,Inactive,ENGLAND,False,03R,QWO,,full,1
B87041,PARK VIEW SURGERY,Inactive,ENGLAND,False,03R,QWO,,full,1
B87042,TIEVE TARA,Active,ENGLAND,False,03R,QWO,,full,1
B87044,ALVERTHORPE,Active,ENGLAND,False,03R,QWO,,full,1
B87600,QUEEN STREET SURGERY,Inactive,ENGLAND,False,03R,QWO,,full,1
B87602,PATIENCE LANE SURGERY,Active,ENGLAND,False,03R,QWO,,full,1
B87604,EASTMOOR HEALTH CENTRE,Active,ENGLAND,False,03R,QWO,,full,1
C81001,SPRINGS HEALTH CENTRE,Active,ENGLAND,False,15M,QJ2,,full,1
C81002,THE VALLEYS MEDICAL PARTNERSHIP,Active,ENGLAND,False,15M,QJ2,,full,1
C81003,SETT VALLEY MEDICAL CENTRE,Active,ENGLAND,False,15M,QJ2,,full,1
C81004,IVY GROVE SURGERY,Active,ENGLAND,False,15M,QJ2,,full,1
C81005,JESSOP MEDICAL PRACTICE,Active,ENGLAND,False,15M,QJ2,,full,1
C81006,HORIZON HEALTHCARE,Active,ENGLAND,False,15M,QJ2,,full,1
C81007,VERNON STREET MEDICAL CTR,Active,ENGLAND,False,15M,QJ2,,full,1
C81008,ROYAL PRIMARY CARE CLAY CROSS,Active,ENGLAND,False,15M,QJ2,,full,1
C81009,WILSON STREET SURGERY,Active,ENGLAND,False,15M,QJ2,,full,1
C81010,THE MOIR MEDICAL CENTRE,Active,ENGLAND,False,15M,QJ2,,full,1
C81011,CRESWELL MEDICAL CENTRE,Inactive,ENGLAND,False,03Y,,,archive,1
C81012,THE SURGERY AT WHEATBRIDGE,Active,ENGLAND,False,15M,QJ2,,full,1
C81013,BASLOW HEALTH CENTRE,Active,ENGLAND,False,15M,QJ2,,full,1
C81014,DERWENT VALLEY MEDICAL PRACTICE,Active,ENGLAND,False,15M,QJ2,,full,1
C81015,NEWBOLD SURGERY,Active,ENGLAND,False,15M,QJ2,,full,1
C81016,PEAK & DALES MEDICAL PARTNERSHIP,Active,ENGLAND,False,15M,QJ2,,full,1
C81017,ARTHUR MEDICAL CENTRE,Active,ENGLAND,False,15M,QJ2,,full,1
C81018,DOVE RIVER,Active,ENGLAND,False,05D,QNC,,full,1
C81019,WELLSIDE MEDICAL CENTRE,Inactive,ENGLAND,False,15M,QJ2,,full,1
C81020,NEWHALL SURGERY,Active,ENGLAND,False,15M,QJ2,,full,1
C81021,OLD STATION SURGERY,Active,ENGLAND,False,15M,QJ2,,full,1
C81022,SOUTH STREET SURGERY,Active,ENGLAND,False,15M,QJ2,,full,1
C81023,THE AITUNE MEDICAL PRACTICE,Active,ENGLAND,False,15M,QJ2,,full,1
C81024,HOLYWELL MEDICAL GROUP,Inactive,ENGLAND,False,04J,,,archive,1
C81025,DRONFIELD MEDICAL PRACTICE,Active,ENGLAND,False,15M,QJ2,,full,1
C81026,ADAM HOUSE MEDICAL CENTRE,Active,ENGLAND,False,15M,QJ2,,full,1
C81027,SOMERCOTES MEDICAL CENTRE,Active,ENGLAND,False,15M,QJ2,,full,1
C81028,IMPERIAL ROAD SURGERY,Active,ENGLAND,False,15M,QJ2,,full,1
C81029,STAFFA HEALTH,Active,ENGLAND,False,15M,QJ2,,full,1
C81030,CREDAS MEDICAL,Active,ENGLAND,False,15M,QJ2,,full,1
C81031,PARK SURGERY,Active,ENGLAND,False,15M,QJ2,,full,1
C81032,SWADLINCOTE SURGERY,Active,ENGLAND,False,15M,QJ2,,full,1
C81033,SHIRES HEALTHCARE,Active,ENGLAND,False,15M,QJ2,,full,1
C81034,STEWART MEDICAL CENTRE,Active,ENGLAND,False,15M,QJ2,,full,1
C81035,VILLAGE SURGERY,Active,ENGLAND,False,15M,QJ2,,full,1
C81036,FRIAR GATE SURGERY,Active,ENGLAND,False,15M,QJ2,,full,1
C81037,ASHBOURNE MEDICAL PRACTICE,Active,ENGLAND,False,15M,QJ2,,full,1
C81038,WHITEMOOR MEDICAL CENTRE,Active,ENGLAND,False,15M,QJ2,,full,1
C81039,EYAM SURGERY,Active,ENGLAND,False,15M,QJ2,,full,1
C81040,PARK LANE SURGERY,Active,ENGLAND,False,15M,QJ2,,full,1
C81041,WELBECK ROAD HEALTH CENTRE,Active,ENGLAND,False,15M,QJ2,,full,1
C81042,MICKLEOVER MEDICAL CENTRE,Active,ENGLAND,False,15M,QJ2,,full,1
C81044,WHITTINGTON MOOR SURGERY,Active,ENGLAND,False,15M,QJ2,,full,1
C81045,ROYAL PRIMARY CARE CHESTERFIELD WEST,Active,ENGLAND,False,15M,QJ2,,full,1
C81046,WEST HALLAM MEDICAL CTR,Active,ENGLAND,False,15M,QJ2,,full,1
C81047,ALVASTON MEDICAL CENTRE,Active,ENGLAND,False,15M,QJ2,,full,1
C81048,APPLETREE MEDICAL PRACTICE,Active,ENGLAND,False,15M,QJ2,,full,1
C81049,KELVINGROVE MEDICAL CENTRE,Active,ENGLAND,False,15M,QJ2,,full,1
C81050,THE VILLAGE SURGERY,Active,ENGLAND,False,15M,QJ2,,full,1
C81051,THE PARK MEDICAL PRACTICE,Active,ENGLAND,False,15M,QJ2,,full,1
C81052,ROYAL PRIMARY CARE BROOKLYN,Active,ENGLAND,False,15M,QJ2,,full,1
C81053,PARKSIDE SURGERY,Active,ENGLAND,False,15M,QJ2,,full,1
C81054,HOLLYBROOK MEDICAL CENTRE,Active,ENGLAND,False,15M,QJ2,,full,1
C81055,NORTH WINGFIELD MEDICAL CENTRE,Active,ENGLAND,False,15M,QJ2,,full,1
C81056,CLAY CROSS MEDICAL CENTRE,Active,ENGLAND,False,15M,QJ2,,full,1
C81057,WILLINGTON SURGERY,Active,ENGLAND,False,15M,QJ2,,full,1
C81058,THE BRIMINGTON SURGERY,Active,ENGLAND,False,15M,QJ2,,full,1
C81059,RIPLEY MEDICAL CENTRE,Active,ENGLAND,False,15M,QJ2,,full,1
C81060,WOODVILLE SURGERY,Active,ENGLAND,False,15M,QJ2,,full,1
C81061,LITTLEWICK MEDICAL CENTRE,Active,ENGLAND,False,15M,QJ2,,full,1
C81062,HANNAGE BROOK MEDICAL CENTRE,Active,ENGLAND,False,15M,QJ2,,full,1
C81063,THORNBROOK SURGERY,Active,ENGLAND,False,15M,QJ2,,full,1
C81064,PARK FARM MEDICAL CENTRE,Active,ENGLAND,False,15M,QJ2,,full,1
C81065,BUXTON MEDICAL PRACTICE,Active,ENGLAND,False,15M,QJ2,,full,1
C81066,OVERDALE MEDICAL PRACTICE,Active,ENGLAND,False,15M,QJ2,,full,1
C81067,CHATSWORTH ROAD MEDICAL CENTRE,Active,ENGLAND,False,15M,QJ2,,full,1
C81068,CHAPEL STREET MEDICAL CENTRE,Active,ENGLAND,False,15M,QJ2,,full,1
C81069,RIVERSDALE SURGERY,Active,ENGLAND,False,15M,QJ2,,full,1
C81070,OAKHILL MEDICAL PRACTICE,Active,ENGLAND,False,15M,QJ2,,full,1
C81071,OSMASTON SURGERY,Active,ENGLAND,False,15M,QJ2,,full,1
C81072,LISTER HOUSE SURGERY,Active,ENGLAND,False,15M,QJ2,,full,1
C81073,MACKLIN STREET SURGERY,Active,ENGLAND,False,15M,QJ2,,full,1
C81074,ELMWOOD MEDICAL CENTRE,Active,ENGLAND,False,15M,QJ2,,full,1
C81075,HENMORE HEALTH - BRAILSFORD SURGERY,Active,ENGLAND,False,15M,QJ2,,full,1
C81076,TIDESWELL SURGERY,Inactive,ENGLAND,False,15M,QJ2,,full,1
C81077,HOWARD STREET MEDICAL PRACTICE,Inactive,ENGLAND,False,15M,QJ2,,full,1
C81079,LEABROOKS MEDICAL CENTRE,Inactive,ENGLAND,False,,,,archive,1
C81080,GOYT VALLEY MEDICAL PRACTICE,Active,ENGLAND,False,15M,QJ2,,full,1
C81081,MANOR HOUSE SURGERY,Active,ENGLAND,False,15M,QJ2,,full,1
C81082,HARTINGTON SURGERY,Active,ENGLAND,False,15M,QJ2,,full,1
C81083,WEST PARK SURGERY,Active,ENGLAND,False,15M,QJ2,,full,1
C81084,INSPIRE HEALTH - AVENUE HOUSE SURGERY,Active,ENGLAND,False,15M,QJ2,,full,1
C81086,HENMORE HEALTH - ASHBOURNE SURGERY,Active,ENGLAND,False,15M,QJ2,,full,1
C81087,HAVEN MEDICAL CENTRE,Inactive,ENGLAND,False,15M,QJ2,,full,1
C81089,STUBLEY MEDICAL CENTRE,Active,ENGLAND,False,15M,QJ2,,full,1
C81090,ILKESTON HEALTH CENTRE,Inactive,ENGLAND,False,15M,QJ2,,full,1
C81091,KILLAMARSH MEDICAL PRACTICE,Active,ENGLAND,False,15M,QJ2,,full,1
C81092,EVELYN MEDICAL CENTRE,Active,ENGLAND,False,15M,QJ2,,full,1
C81094,CRICH MEDICAL PRACTICE,Active,ENGLAND,False,15M,QJ2,,full,1
C81095,EMMETT CARR SURGERY,Active,ENGLAND,False,15M,QJ2,,full,1
C81096,CRAG'S HEALTH CARE,Active,ENGLAND,False,15M,QJ2,,full,1
C81097,COLLEGE STREET MEDICAL PRACTICE,Active,ENGLAND,False,15M,QJ2,,full,1
C81099,LIMES MEDICAL CENTRE,Active,ENGLAND,False,15M,QJ2,,full,1
C81100,THE NEW PARKFIELDS SURGERY,Inactive,ENGLAND,False,04R,,,full,1
C81101,LIME GROVE MEDICAL CENTRE,Active,ENGLAND,False,15M,QJ2,,full,1
C81104,OVERSEAL SURGERY,Inactive,ENGLAND,False,15M,QJ2,,full,1
C81106,LAMBGATES HEALTH CENTRE,Active,ENGLAND,False,15M,QJ2,,full,1
C81108,MELBOURNE & CHELLASTON MEDICAL PRACTICE,Active,ENGLAND,False,15M,QJ2,,full,1
C81110,WELLBROOK MEDICAL CENTRE,Active,ENGLAND,False,15M,QJ2,,full,1
C81113,MICKLEOVER SURGERY,Active,ENGLAND,False,15M,QJ2,,full,1
C81114,GRESLEYDALE HEALTHCARE CENTRE,Active,ENGLAND,False,15M,QJ2,,full,1
C81115,GLADSTONE HOUSE SURGERY,Active,ENGLAND,False,15M,QJ2,,full,1
C81116,DR CE KEMP'S PRACTICE,Inactive,ENGLAND,False,,,,archive,1
C81118,DERBY FAMILY MEDICAL CENTRE,Active,ENGLAND,False,15M,QJ2,,full,1
C81604,EDEN SURGERY,Active,ENGLAND,False,15M,QJ2,,full,1
C81611,MATLOCK AND ASHOVER PRACTICE,Active,ENGLAND,False,15M,QJ2,,full,1
C81615,COTTAGE LANE SURGERY,Active,ENGLAND,False,15M,QJ2,,full,1
C81616,PEARTREE MEDICAL CENTRE,Active,ENGLAND,False,15M,QJ2,,full,1
C81617,WHITTINGTON MEDICAL CENTRE,Inactive,ENGLAND,False,,,,archive,1
C81627,GOSFORTH VALLEY MEDICAL PRACTICE,Inactive,ENGLAND,False,04J,,,full,1
C81629,CLARENCE ROAD SURGERY,Inactive,ENGLAND,False,04R,,,full,1
C81633,GRASSMOOR SURGERY,Inactive,ENGLAND,False,03Y,,,full,1
C81634,ARDEN HOUSE MEDICAL PRACTICE,Active,ENGLAND,False,15M,QJ2,,full,1
C81638,CASTLE STREET MEDICAL CENTRE,Active,ENGLAND,False,15M,QJ2,,full,1
C81639,HEMA MEDICAL CENTRE,Inactive,ENGLAND,False,,,,archive,1
C81640,SIMMONDLEY MEDICAL PRACTICE,Active,ENGLAND,False,15M,QJ2,,full,1
C81642,PARK VIEW MEDICAL CENTRE,Inactive,ENGLAND,False,15M,QJ2,,full,1
C81647,ST LAWRENCE ROAD SURGERY,Active,ENGLAND,False,15M,QJ2,,full,1
C81648,OAKWOOD SURGERY,Inactive,ENGLAND,False,15M,QJ2,,full,1
C81649,CALOW AND BRIMINGTON PRACTICE,Active,ENGLAND,False,15M,QJ2,,full,1
C81652,DERWENT MEDICAL CENTRE,Active,ENGLAND,False,15M,QJ2,,full,1
C81653,BROOK MEDICAL CENTRE,Active,ENGLAND,False,15M,QJ2,,full,1
C81654,HASLAND MEDICAL CENTRE,Inactive,ENGLAND,False,15M,QJ2,,full,1
C81655,FAMILY FRIENDLY SURGERY,Active,ENGLAND,False,15M,QJ2,,full,1
C81658,WINGERWORTH MEDICAL CENTRE,Active,ENGLAND,False,15M,QJ2,,full,1
C81660,HADFIELD MEDICAL CENTRE,Inactive,ENGLAND,False,15M,QJ2,,full,1
C81661,BLACKWELL MEDICAL CENTRE,Inactive,ENGLAND,False,15M,QJ2,,full,1
C81662,BARLBOROUGH MEDICAL PRACTICE,Active,ENGLAND,False,15M,QJ2,,full,1
C81665,MEADOWFIELDS PRACTICE,Inactive,ENGLAND,False,04R,,,archive,1
C82001,SOUTH LEICESTERSHIRE MEDICAL GROUP,Active,ENGLAND,False,03W,QK1,,full,1
C82002,COUNTESTHORPE HEALTH CENTRE,Active,ENGLAND,False,03W,QK1,,full,1
C82003,GREENGATE MEDICAL CENTRE,Active,ENGLAND,False,04V,QK1,,full,1
C82005,GROBY ROAD MEDICAL CENTRE (ID PATCHETT),Active,ENGLAND,False,04C,QK1,,full,1
C82007,CASTLE DONINGTON SURGERY,Active,ENGLAND,False,04V,QK1,,full,1
C82008,OAKMEADOW SURGERY (GJ INGRAMS),Active,ENGLAND,False,04C,QK1,,full,1
C82009,MARKET HARBOROUGH MED.CTR,Active,ENGLAND,False,03W,QK1,,full,1
C82010,OAKHAM MEDICAL PRACTICE,Active,ENGLAND,False,03W,QK1,,full,1
C82011,PINFOLD MEDICAL PRACTICE,Active,ENGLAND,False,04V,QK1,,full,1
C82012,IBSTOCK & BARLESTONE SURGERIES,Active,ENGLAND,False,04V,QK1,,full,1
C82013,BUSHLOE SURGERY,Active,ENGLAND,False,03W,QK1,,full,1
C82014,CASTLE MEDICAL GROUP,Active,ENGLAND,False,04V,QK1,,full,1
C82015,RUSHEY MEAD HEALTH CENTRE,Inactive,ENGLAND,False,04C,QK1,,full,1
C82016,LONG CLAWSON MEDICAL PRACTICE,Active,ENGLAND,False,03W,QK1,,full,1
C82017,MEASHAM MEDICAL UNIT,Active,ENGLAND,False,04V,QK1,,full,1
C82018,MANOR PARK MEDICAL PRACTICE,Active,ENGLAND,False,04C,QK1,,full,1
C82019,STURDEE ROAD HEALTH AND WELLBEING CENTRE,Active,ENGLAND,False,04C,QK1,,full,1
C82020,DE MONTFORT SURGERY,Active,ENGLAND,False,04C,QK1,,full,1
C82021,THE CENTRAL SURGERY,Active,ENGLAND,False,03W,QK1,,full,1
C82022,THE BILLESDON SURGERY,Active,ENGLAND,False,03W,QK1,,full,1
C82023,ST MATTHEWS HEALTH & COMMUNITY CENTRE,Inactive,ENGLAND,False,04C,QK1,,full,1
C82024,SPINNEY HILL MEDICAL CENTRE,Active,ENGLAND,False,04C,QK1,,full,1
C82025,THE WYCLIFFE MEDICAL PRACTICE,Active,ENGLAND,False,03W,QK1,,full,1
C82026,BRIDGE STREET MEDICAL PRACTICE,Active,ENGLAND,False,04V,QK1,,full,1
C82027,THE OLD SCHOOL SURGERY,Active,ENGLAND,False,04V,QK1,,full,1
C82028,MARKFIELD MEDICAL CENTRE,Active,ENGLAND,False,04V,QK1,,full,1
C82029,WILLOWBROOK MEDICAL CENTRE (JG ASTLES),Inactive,ENGLAND,False,04C,QK1,,full,1
C82030,DOWNING DRIVE SURGERY,Active,ENGLAND,False,04C,QK1,,full,1
C82031,JOHNSON MEDICAL PRACTICE,Active,ENGLAND,False,04C,QK1,,full,1
C82032,THE ANSTEY SURGERY,Active,ENGLAND,False,04V,QK1,,full,1
C82033,HUMBERSTONE MEDICAL CENTRE (IP JONES),Active,ENGLAND,False,04C,QK1,,full,1
C82034,QUORN MEDICAL CENTRE,Active,ENGLAND,False,04V,QK1,,full,1
C82035,PARK VIEW SURGERY,Active,ENGLAND,False,04V,QK1,,full,1
C82036,TWO SHIRES MEDICAL PRACTICE,Inactive,ENGLAND,False,03W,QK1,,full,1
C82037,EAST PARK MEDICAL CENTRE (RP PANDYA),Active,ENGLAND,False,04C,QK1,,full,1
C82038,LATHAM HOUSE MEDICAL PRACTICE,Active,ENGLAND,False,03W,QK1,,full,1
C82039,KINGSWAY SURGERY,Active,ENGLAND,False,03W,QK1,,full,1
C82040,ORCHARD SURGERY,Active,ENGLAND,False,52R,QT1,,full,1
C82041,CHARNWOOD MEDICAL GROUP,Active,ENGLAND,False,04V,QK1,,full,1
C82042,THE COUNTY PRACTICE,Active,ENGLAND,False,03W,QK1,,full,1
C82043,STATION VIEW HEALTH CENTRE,Active,ENGLAND,False,04V,QK1,,full,1
C82044,EMPINGHAM MEDICAL CENTRE,Active,ENGLAND,False,03W,QK1,,full,1
C82045,WHITWICK ROAD SURGERY,Active,ENGLAND,False,04V,QK1,,full,1
C82046,SAFFRON GROUP PRACTICE,Active,ENGLAND,False,04C,QK1,,full,1
C82047,MAPLES FAMILY MED.PRACT.,Active,ENGLAND,False,04V,QK1,,full,1
C82048,ROSEMEAD DRIVE SURGERY,Active,ENGLAND,False,03W,QK1,,full,1
C82050,LONG LANE SURGERY,Active,ENGLAND,False,04V,QK1,,full,1
C82051,NEWBOLD VERDON MED.PRACT.,Active,ENGLAND,False,04V,QK1,,full,1
C82052,DR AM LEWIS' PRACTICE,Active,ENGLAND,False,04V,QK1,,full,1
C82053,HOCKLEY FARM MED PRACT (A NANA),Active,ENGLAND,False,04C,QK1,,full,1
C82054,THE BURBAGE SURGERY,Active,ENGLAND,False,04V,QK1,,full,1
C82055,THE LIMES MEDICAL CENTRE,Active,ENGLAND,False,03W,QK1,,full,1
C82056,THE GLENFIELD SURGERY,Active,ENGLAND,False,03W,QK1,,full,1
C82058,SAFFRON SURGERY,Inactive,ENGLAND,False,04C,QK1,,full,1
C82059,WESTCOTES GP SURGERY (ONE),Active,ENGLAND,False,04C,QK1,,full,1
C82060,THE PRACTICE-SAYEED,Active,ENGLAND,False,04C,QK1,,full,1
C82061,BARWELL & HOLLYCROFT MEDICAL CENTRES,Active,ENGLAND,False,04V,QK1,,full,1
C82062,BARROW HEALTH CENTRE,Active,ENGLAND,False,04V,QK1,,full,1
C82063,EAST LEICESTER MED PRACT(S LONGWORTH),Active,ENGLAND,False,04C,QK1,,full,1
C82064,FOREST HOUSE SURGERY,Active,ENGLAND,False,04V,QK1,,full,1
C82065,THE MAPLES SURGERY (KP NEWLEY),Inactive,ENGLAND,False,04C,QK1,,archive,1
C82066,FOREST MEDICAL GROUP,Active,ENGLAND,False,03W,QK1,,full,1
C82067,THE CROFT MEDICAL CENTRE,Active,ENGLAND,False,03W,QK1,,full,1
C82068,NORTHFIELD MEDICAL CENTRE,Active,ENGLAND,False,03W,QK1,,full,1
C82070,WOODBROOK MEDICAL CENTRE,Active,ENGLAND,False,04V,QK1,,full,1
C82071,WIGSTON CENTRAL SURGERY,Active,ENGLAND,False,03W,QK1,,full,1
C82072,BROOM LEYS SURGERY,Active,ENGLAND,False,04V,QK1,,full,1
C82073,MERRIDALE MEDICAL CENTRE (RP TEW),Active,ENGLAND,False,04C,QK1,,full,1
C82075,CASTLE MEAD MEDICAL CENTRE,Active,ENGLAND,False,04V,QK1,,full,1
C82076,THE WELBY PRACTICE,Active,ENGLAND,False,71E,QJM,,full,1
C82077,THE UPPINGHAM SURGERY,Active,ENGLAND,False,03W,QK1,,full,1
C82078,THE JUBILEE MEDICAL PRACTICE,Active,ENGLAND,False,03W,QK1,,full,1
C82079,SOUTH WIGSTON HEALTH CTR.,Active,ENGLAND,False,03W,QK1,,full,1
C82080,SHEFA MEDICAL PRACTICE,Active,ENGLAND,False,04C,QK1,,full,1
C82081,QUEENS ROAD MEDICAL CENTRE,Inactive,ENGLAND,False,04C,QK1,,full,1
C82082,THE CENTRE SURGERY,Active,ENGLAND,False,04V,QK1,,full,1
C82084,DR B MODI,Active,ENGLAND,False,04C,QK1,,full,1
C82085,HUNTERS LODGE MEDICAL CENTRE,Inactive,ENGLAND,False,,,,archive,1
C82086,FOSSE MEDICAL CENTRE (DR H MUKADAM),Active,ENGLAND,False,04C,QK1,,full,1
C82088,HORIZON HEALTHCARE,Active,ENGLAND,False,04C,QK1,,full,1
C82091,BIRSTALL MEDICAL CENTRE,Active,ENGLAND,False,04V,QK1,,full,1
C82092,AYLESTONE HEALTH CENTRE,Active,ENGLAND,False,04C,QK1,,full,1
C82093,THE ORCHARD MED PRACTICE,Active,ENGLAND,False,04V,QK1,,full,1
C82094,BEAUMONT LODGE MEDICAL PRACTICE,Active,ENGLAND,False,04C,QK1,,full,1
C82095,ALPINE HOUSE SURGERY,Active,ENGLAND,False,04V,QK1,,full,1
C82096,HUGGLESCOTE SURGERY,Active,ENGLAND,False,04V,QK1,,full,1
C82097,CHARNWOOD SURGERY,Active,ENGLAND,False,04V,QK1,,full,1
C82098,HAZELMERE MEDICAL CENTRE,Active,ENGLAND,False,03W,QK1,,full,1
C82099,AL-WAQAS MEDICAL CENTRE,Active,ENGLAND,False,04C,QK1,,full,1
C82100,THE HEDGES MEDICAL CENTRE (SA BAILEY),Active,ENGLAND,False,04C,QK1,,full,1
C82102,MANOR HOUSE SURGERY,Active,ENGLAND,False,04V,QK1,,full,1
C82103,DISHLEY GRANGE MEDICAL PRACTICE,Active,ENGLAND,False,04V,QK1,,full,1
C82105,AR-RAZI MEDICAL CENTRE,Inactive,ENGLAND,False,04C,QK1,,full,1
C82106,THE FAMILY PRACTICE,Inactive,ENGLAND,False,04V,QK1,,archive,1
C82107,COSSINGTON PARK SURGERY,Active,ENGLAND,False,04C,QK1,,full,1
C82108,LONG STREET SURGERY,Inactive,ENGLAND,False,03W,QK1,,full,1
C82109,HUSBANDS BOSWORTH MEDICAL CENTRE,Active,ENGLAND,False,03W,QK1,,full,1
C82111,CAMPUS VIEW MEDICAL CENTRE,Active,ENGLAND,False,04V,QK1,,full,1
C82112,SEVERN SURGERY,Active,ENGLAND,False,03W,QK1,,full,1
C82114,DR U K ROY,Active,ENGLAND,False,04C,QK1,,full,1
C82116,HIGHFIELDS SURGERY (R WADHWA),Active,ENGLAND,False,04C,QK1,,full,1
C82119,NARBOROUGH ROAD SURGERY,Active,ENGLAND,False,04C,QK1,,full,1
C82120,WHITWICK HEALTH CENTRE,Active,ENGLAND,False,04V,QK1,,full,1
C82121,HEATH LANE SURGERY,Active,ENGLAND,False,04V,QK1,,full,1
C82122,CLARENDON PARK ROAD HEALTH CENTRE,Inactive,ENGLAND,False,04C,QK1,,full,1
C82123,BELVOIR VALE SURGERY,Inactive,ENGLAND,False,04Q,,,full,1
C82124,VICTORIA PARK HEALTH CENTRE,Active,ENGLAND,False,04C,QK1,,full,1
C82600,THE BANKS SURGERY,Active,ENGLAND,False,04V,QK1,,full,1
C82610,THE PARKS MEDICAL CENTRE (B HAINSWORTH),Active,ENGLAND,False,04C,QK1,,full,1
C82611,THE MASHARANI PRACTICE,Active,ENGLAND,False,03W,QK1,,full,1
C82614,SPIRIT PRIMARY CARE LIMITED-ASQUITH,Active,ENGLAND,False,04C,QK1,,full,1
C82620,DR S SHAFI,Active,ENGLAND,False,04C,QK1,,full,1
C82623,HEATHERBROOK SURGERY (RP ARCHER),Inactive,ENGLAND,False,04C,QK1,,full,1
C82624,SPIRIT PRIMARY CARE LTD-BEAUMONT LEYS,Active,ENGLAND,False,04C,QK1,,full,1
C82625,PETWORTH DRIVE SURGERY,Inactive,ENGLAND,False,,,,archive,1
C82626,PASLEY ROAD HEALTH CENTRE (TK KHONG),Inactive,ENGLAND,False,04C,QK1,,full,1
C82627,SILVERDALE MEDICAL CENTRE,Active,ENGLAND,False,04V,QK1,,full,1
C82628,GROBY SURGERY,Active,ENGLAND,False,04V,QK1,,full,1
C82631,ENDERBY MEDICAL CENTRE,Active,ENGLAND,False,03W,QK1,,full,1
C82634,RATBY MEDICAL CENTRE,Active,ENGLAND,False,04V,QK1,,full,1
C82639,WESTEND MEDICAL PRACTICE,Active,ENGLAND,False,04C,QK1,,full,1
C82641,STATION ROAD SURGERY,Inactive,ENGLAND,False,,,,archive,1
C82642,HIGHFIELDS MEDICAL CENTRE,Active,ENGLAND,False,04C,QK1,,full,1
C82643,COMMUNITY HEALTH CENTRE (ZS OSAMA),Active,ENGLAND,False,04C,QK1,,full,1
C82644,DR MK LAKHANI'S PRACTICE,Active,ENGLAND,False,04V,QK1,,full,1
C82648,HOLLYCROFT MEDICAL CENTRE,Inactive,ENGLAND,False,,,,archive,1
C82649,MARKET OVERTON & SOMERBY SURGERIES,Active,ENGLAND,False,03W,QK1,,full,1
C82650,DESFORD MEDICAL CENTRE,Active,ENGLAND,False,04V,QK1,,full,1
C82651,BROADHURST ST MED PRACT (KS MORJARIA),Active,ENGLAND,False,04C,QK1,,full,1
C82653,WESTCOTES GP SURGERY (TWO),Active,ENGLAND,False,04C,QK1,,full,1
C82655,DR TM HAMMOND & PARTNERS,Inactive,ENGLAND,False,04V,QK1,,archive,1
C82656,FIELD STREET SURGERY,Active,ENGLAND,False,04V,QK1,,full,1
C82657,DR BJ SHAH'S PRACTICE,Inactive,ENGLAND,False,04V,QK1,,full,1
C82659,DR R KAPUR & PARTNERS,Active,ENGLAND,False,04C,QK1,,full,1
C82660,ST PETER'S MED CENTRE (MANSINGH & MEHRA),Active,ENGLAND,False,04C,QK1,,full,1
C82662,WALNUT ST MED CTR,Active,ENGLAND,False,04C,QK1,,full,1
C82663,THE SURGERY ASHBY,Inactive,ENGLAND,False,04V,QK1,,full,1
C82667,THE CHARNWOOD PRACTICE,Active,ENGLAND,False,04C,QK1,,full,1
C82669,THE SURGERY @ AYLESTONE,Active,ENGLAND,False,04C,QK1,,full,1
C82670,INCLUSION HEALTHCARE,Active,ENGLAND,False,04C,QK1,,full,1
C82671,BRANDON SURGERY DR R KAPUR & PARTNER,Active,ENGLAND,False,04C,QK1,,full,1
C82676,ST ELIZABETH'S MEDICAL CENTRE (JA WOOD),Active,ENGLAND,False,04C,QK1,,full,1
C82678,THURMASTON HEALTH CENTRE,Active,ENGLAND,False,04V,QK1,,full,1
C82680,SPIRIT PRIMARY CARE LTD-RUSHEY MEAD,Active,ENGLAND,False,04C,QK1,,full,1
C83001,HEART OF LINCOLN HEALTH GROUP,Active,ENGLAND,False,71E,QJM,,full,1
C83002,NAVENBY CLIFF VILLAGES SURGERY,Active,ENGLAND,False,71E,QJM,,full,1
C83003,BEECHFIELD MEDICAL CENTRE,Active,ENGLAND,False,71E,QJM,,full,1
C83004,LIQUORPOND SURGERY,Active,ENGLAND,False,71E,QJM,,full,1
C83005,SPILSBY SURGERY,Active,ENGLAND,False,71E,QJM,,full,1
C83006,KIDGATE SURGERY,Inactive,ENGLAND,False,03T,,,full,1
C83007,LAKESIDE HEALTHCARE STAMFORD,Active,ENGLAND,False,71E,QJM,,full,1
C83008,SWINGBRIDGE SURGERY,Active,ENGLAND,False,71E,QJM,,full,1
C83009,LINDUM MEDICAL PRACTICE,Active,ENGLAND,False,71E,QJM,,full,1
C83010,PARKSIDE MEDICAL CENTRE,Active,ENGLAND,False,71E,QJM,,full,1
C83011,MILLVIEW MEDICAL CENTRE,Active,ENGLAND,False,71E,QJM,,full,1
C83013,RUSKINGTON SURGERY,Active,ENGLAND,False,71E,QJM,,full,1
C83014,BOULTHAM PARK MEDICAL PRACTICE,Active,ENGLAND,False,71E,QJM,,full,1
C83015,SWINESHEAD SURGERY,Active,ENGLAND,False,71E,QJM,,full,1
C83016,SPRINGCLIFFE SURGERY,Inactive,ENGLAND,False,04D,,,full,1
C83017,ST.MARY'S MEDICAL CENTRE,Inactive,ENGLAND,False,99D,,,full,1
C83018,CLEVELAND SURGERY,Active,ENGLAND,False,71E,QJM,,full,1
C83019,BEACON MEDICAL PRACTICE,Active,ENGLAND,False,71E,QJM,,full,1
C83020,CAYTHORPE & ANCASTER MEDICAL PRACTICE,Active,ENGLAND,False,71E,QJM,,full,1
C83021,WAINFLEET SURGERY,Inactive,ENGLAND,False,03T,,,full,1
C83022,MUNRO MEDICAL CENTRE,Active,ENGLAND,False,71E,QJM,,full,1
C83023,SLEAFORD MEDICAL GROUP,Active,ENGLAND,False,71E,QJM,,full,1
C83024,THE GLENSIDE COUNTRY PRACTICE,Active,ENGLAND,False,71E,QJM,,full,1
C83025,RICHMOND MEDICAL CENTRE,Active,ENGLAND,False,71E,QJM,,full,1
C83026,THE DEEPINGS PRACTICE,Active,ENGLAND,False,71E,QJM,,full,1
C83027,HORNCASTLE MEDICAL GROUP,Active,ENGLAND,False,71E,QJM,,full,1
C83028,HOLBEACH MEDICAL CENTRE,Active,ENGLAND,False,71E,QJM,,full,1
C83029,BRANSTON & HEIGHINGTON FAMILY PRACTICE,Active,ENGLAND,False,71E,QJM,,full,1
C83030,BILLINGHAY MEDICAL PRACTICE,Active,ENGLAND,False,71E,QJM,,full,1
C83031,NETTLEHAM MEDICAL PRACTICE,Active,ENGLAND,False,71E,QJM,,full,1
C83032,MERTON LODGE SURGERY,Active,ENGLAND,False,71E,QJM,,full,1
C83033,HIBALDSTOW MEDICAL PRACTICE,Active,ENGLAND,False,71E,QJM,,full,1
C83035,HEREWARD MEDICAL CENTRE,Active,ENGLAND,False,71E,QJM,,full,1
C83036,GOSBERTON MEDICAL CENTRE,Active,ENGLAND,False,71E,QJM,,full,1
C83037,WELTON FAMILY HEALTH CENTRE,Active,ENGLAND,False,71E,QJM,,full,1
C83038,THE GLEBE PRACTICE,Active,ENGLAND,False,71E,QJM,,full,1
C83039,MOULTON MEDICAL CENTRE,Active,ENGLAND,False,71E,QJM,,full,1
C83040,ST. PETERS HILL SURGERY,Active,ENGLAND,False,71E,QJM,,full,1
C83041,THE WOODLAND MEDICAL PRACTICE,Active,ENGLAND,False,71E,QJM,,full,1
C83042,MARSH MEDICAL PRACTICE,Active,ENGLAND,False,71E,QJM,,full,1
C83043,MARKET RASEN SURGERY,Active,ENGLAND,False,71E,QJM,,full,1
C83044,CASKGATE STREET SURGERY,Active,ENGLAND,False,71E,QJM,,full,1
C83045,HAWTHORN MEDICAL PRACTICE,Active,ENGLAND,False,71E,QJM,,full,1
C83046,THE HEATH SURGERY,Active,ENGLAND,False,71E,QJM,,full,1
C83047,WESTSIDE SURGERY,Inactive,ENGLAND,False,03T,,,full,1
C83048,ST. JOHNS MEDICAL CENTRE,Active,ENGLAND,False,71E,QJM,,full,1
C83049,DR SINHA & PARTNERS,Active,ENGLAND,False,71E,QJM,,full,1
C83051,ABBEY MEDICAL PRACTICE,Active,ENGLAND,False,71E,QJM,,full,1
C83052,THE INGHAM SURGERY,Active,ENGLAND,False,71E,QJM,,full,1
C83053,COLSTERWORTH SURGERY,Active,ENGLAND,False,71E,QJM,,full,1
C83054,BOURNE GALLETLY PRACTICE TEAM,Active,ENGLAND,False,71E,QJM,,full,1
C83055,STICKNEY SURGERY,Active,ENGLAND,False,71E,QJM,,full,1
C83056,EAST LINDSEY MEDICAL GROUP,Active,ENGLAND,False,71E,QJM,,full,1
C83057,KIRTON MEDICAL CENTRE,Active,ENGLAND,False,71E,QJM,,full,1
C83058,WASHINGBOROUGH SURGERY,Active,ENGLAND,False,71E,QJM,,full,1
C83059,GREYFRIARS SURGERY,Active,ENGLAND,False,71E,QJM,,full,1
C83060,THE SIDINGS MEDICAL PRACTICE,Active,ENGLAND,False,71E,QJM,,full,1
C83061,NORTH THORESBY SURGERY,Active,ENGLAND,False,71E,QJM,,full,1
C83062,CHURCH WALK SURGERY,Active,ENGLAND,False,71E,QJM,,full,1
C83063,LONG SUTTON MEDICAL CTR.,Active,ENGLAND,False,71E,QJM,,full,1
C83064,MARISCO MEDICAL PRACTICE,Active,ENGLAND,False,71E,QJM,,full,1
C83065,LITTLEBURY MEDICAL CENTRE,Active,ENGLAND,False,71E,QJM,,full,1
C83067,LONG BENNINGTON MEDICAL CENTRE,Active,ENGLAND,False,71E,QJM,,full,1
C83068,THE LITTLE SURGERY,Inactive,ENGLAND,False,99D,,,full,1
C83071,NEWARK ROAD SURGERY,Inactive,ENGLAND,False,71E,QJM,,full,1
C83072,MINSTER MEDICAL PRACTICE,Active,ENGLAND,False,71E,QJM,,full,1
C83073,CLIFF HOUSE MEDICAL PRACTICE,Active,ENGLAND,False,71E,QJM,,full,1
C83074,WILLINGHAM-BY-STOW SURGERY,Active,ENGLAND,False,71E,QJM,,full,1
C83075,VINE STREET SURGERY,Active,ENGLAND,False,71E,QJM,,full,1
C83078,BRANT ROAD & SPRINGCLIFFE SURGERY,Active,ENGLAND,False,71E,QJM,,full,1
C83079,GLEBE PARK SURGERY,Active,ENGLAND,False,71E,QJM,,full,1
C83080,THE HARROWBY LANE SURGERY,Active,ENGLAND,False,71E,QJM,,full,1
C83081,ARBORETUM SURGERY,Inactive,ENGLAND,False,04D,,,archive,1
C83082,BIRCHWOOD MEDICAL PRACTICE,Active,ENGLAND,False,71E,QJM,,full,1
C83083,THE NEW CONINGSBY SURGERY,Active,ENGLAND,False,71E,QJM,,full,1
C83085,JAMES STREET FAMILY PRACTICE,Active,ENGLAND,False,71E,QJM,,full,1
C83605,THE WOLDS PRACTICE,Inactive,ENGLAND,False,03T,,,full,1
C83611,THE BASSINGHAM SURGERY,Active,ENGLAND,False,71E,QJM,,full,1
C83613,CAISTOR HEALTH CENTRE,Active,ENGLAND,False,71E,QJM,,full,1
C83614,SUTTERTON SURGERY,Active,ENGLAND,False,71E,QJM,,full,1
C83615,BURTON ROAD SURGERY,Inactive,ENGLAND,False,04D,,,archive,1
C83617,ABBEYVIEW SURGERY,Active,ENGLAND,False,71E,QJM,,full,1
C83626,BRAYFORD MEDICAL PRACTICE,Active,ENGLAND,False,71E,QJM,,full,1
C83628,WOOLSTHORPE SURGERY,Inactive,ENGLAND,False,04Q,,,full,1
C83631,THE SPALDING GP SURGERY,Inactive,ENGLAND,False,71E,QJM,,full,1
C83633,HAWTHORN SURGERY,Inactive,ENGLAND,False,04D,,,full,1
C83634,TASBURGH LODGE SURGERY,Active,ENGLAND,False,71E,QJM,,full,1
C83635,WOODHALL SPA NEW SURGERY,Active,ENGLAND,False,71E,QJM,,full,1
C83637,CROSSROADS MEDICAL PRACTICE,Inactive,ENGLAND,False,71E,QJM,,full,1
C83641,TRENT VALLEY SURGERY,Active,ENGLAND,False,71E,QJM,,full,1
C83642,SWALLOWBECK SURGERY,Inactive,ENGLAND,False,,,,archive,1
C83643,BINBROOK SURGERY,Active,ENGLAND,False,71E,QJM,,full,1
C83644,POTTERGATE MEDICAL CENTRE,Inactive,ENGLAND,False,04D,,,archive,1
C83649,MARKET CROSS SURGERY,Active,ENGLAND,False,71E,QJM,,full,1
C83650,THE WRAGBY SURGERY,Active,ENGLAND,False,71E,QJM,,full,1
C83652,THE WITHAM PRACTICE,Inactive,ENGLAND,False,04D,,,full,1
C83653,STACKYARD AND WOOLSTHORPE SURGERY,Inactive,ENGLAND,False,03W,QK1,,full,1
C83655,METHERINGHAM SURGERY,Inactive,ENGLAND,False,04D,,,archive,1
C83656,UNIVERSITY SURGERY,Inactive,ENGLAND,False,04D,,,archive,1
C84001,LARWOOD HEALTH PARTNERSHIP,Active,ENGLAND,False,02Q,QT1,,full,1
C84002,CHURCH WALK SURGERY,Inactive,ENGLAND,False,04M,,,full,1
C84003,WEST END SURGERY,Inactive,ENGLAND,False,04M,,,full,1
C84004,ST ALBANS MEDICAL CENTRE,Active,ENGLAND,False,52R,QT1,,full,1
C84005,VILLAGE HEALTH GROUP,Active,ENGLAND,False,52R,QT1,,full,1
C84008,TUXFORD MEDICAL CENTRE,Active,ENGLAND,False,02Q,QT1,,full,1
C84009,BARNBY GATE SURGERY,Active,ENGLAND,False,52R,QT1,,full,1
C84010,TRENTSIDE MEDICAL GROUP,Active,ENGLAND,False,52R,QT1,,full,1
C84011,ELMSWOOD SURGERY,Active,ENGLAND,False,52R,QT1,,full,1
C84012,WILLOWBROOK MEDICAL PRACTICE,Active,ENGLAND,False,52R,QT1,,full,1
C84013,KINGFISHER FAMILY PRACTICE,Active,ENGLAND,False,02Q,QT1,,full,1
C84014,WOODLANDS MEDICAL PRACTICE,Active,ENGLAND,False,52R,QT1,,full,1
C84016,OAKWOOD SURGERY,Active,ENGLAND,False,52R,QT1,,full,1
C84017,BELVOIR HEALTH GROUP,Active,ENGLAND,False,52R,QT1,,full,1
C84018,THE FAMILY MEDICAL CENTRE,Active,ENGLAND,False,52R,QT1,,full,1
C84019,FOUNTAIN MEDICAL CENTRE,Active,ENGLAND,False,52R,QT1,,full,1
C84020,CHURCHSIDE MEDICAL PRACTICE,Active,ENGLAND,False,52R,QT1,,full,1
C84021,MIDDLETON LODGE PRACTICE,Active,ENGLAND,False,52R,QT1,,full,1
C84023,THE UNIV OF NOTTINGHAM HEALTH SERV,Active,ENGLAND,False,52R,QT1,,full,1
C84024,NEWGATE MEDICAL GROUP,Active,ENGLAND,False,02Q,QT1,,full,1
C84025,EAST BRIDGFORD MED CENTRE,Active,ENGLAND,False,52R,QT1,,full,1
C84026,STENHOUSE MEDICAL CENTRE,Active,ENGLAND,False,52R,QT1,,full,1
C84028,THE RUDDINGTON MED CENTRE,Active,ENGLAND,False,52R,QT1,,full,1
C84029,LOMBARD MEDICAL CENTRE,Active,ENGLAND,False,52R,QT1,,full,1
C84030,THE OAKS MEDICAL CENTRE,Active,ENGLAND,False,52R,QT1,,full,1
C84031,ST PETERS MEDICAL PRACTICE,Inactive,ENGLAND,False,52R,QT1,,full,1
C84032,"EASTWOOD PRIMARY CARE CENTRE, CHURCH STREET SITE",Active,ENGLAND,False,52R,QT1,,full,1
C84033,WESTDALE LANE SURGERY,Active,ENGLAND,False,52R,QT1,,full,1
C84034,CHURCHFIELDS MEDICAL PRACTICE,Active,ENGLAND,False,52R,QT1,,full,1
C84035,CROWN HOUSE SURGERY,Active,ENGLAND,False,02Q,QT1,,full,1
C84036,FOREST MEDICAL,Active,ENGLAND,False,52R,QT1,,full,1
C84037,ABBEY MEDICAL GROUP,Active,ENGLAND,False,52R,QT1,,full,1
C84039,DERBY ROAD HEALTH CENTRE,Active,ENGLAND,False,52R,QT1,,full,1
C84042,SAXON CROSS SURGERY,Active,ENGLAND,False,52R,QT1,,full,1
C84043,LEEN VIEW SURGERY,Active,ENGLAND,False,52R,QT1,,full,1
C84044,DEER PARK FAMILY MEDICAL PRACTICE,Active,ENGLAND,False,52R,QT1,,full,1
C84045,COLLINGHAM MEDICAL CENTRE,Active,ENGLAND,False,52R,QT1,,full,1
C84046,CLIFTON MEDICAL PRACTICE,Active,ENGLAND,False,52R,QT1,,full,1
C84047,THE CALVERTON PRACTICE,Active,ENGLAND,False,52R,QT1,,full,1
C84048,KEYWORTH MEDICAL PRACTICE,Inactive,ENGLAND,False,52R,QT1,,full,1
C84049,SOUTHWELL MEDICAL CENTRE,Active,ENGLAND,False,52R,QT1,,full,1
C84051,ORCHARD MEDICAL PRACTICE,Active,ENGLAND,False,52R,QT1,,full,1
C84052,THE MISTERTON GROUP PRACT,Inactive,ENGLAND,False,02Q,QT1,,full,1
C84053,TORKARD HILL MEDICAL CTRE,Active,ENGLAND,False,52R,QT1,,full,1
C84055,HIGHCROFT SURGERY,Active,ENGLAND,False,52R,QT1,,full,1
C84057,PLEASLEY SURGERY,Active,ENGLAND,False,52R,QT1,,full,1
C84059,SHERWOOD MEDICAL PARTNERSHIP,Active,ENGLAND,False,52R,QT1,,full,1
C84060,RIVERGREEN MEDICAL CENTRE,Active,ENGLAND,False,52R,QT1,,full,1
C84061,KING'S MEDICAL CENTRE,Active,ENGLAND,False,52R,QT1,,full,1
C84063,GREENDALE PRIMARY CARE CENTRE,Active,ENGLAND,False,52R,QT1,,full,1
C84064,PARKSIDE MEDICAL CENTRE,Active,ENGLAND,False,52R,QT1,,full,1
C84065,ABBEY MEDICAL CENTRE,Active,ENGLAND,False,52R,QT1,,full,1
C84066,DAYBROOK MEDICAL PRACTICE,Active,ENGLAND,False,52R,QT1,,full,1
C84067,ASHFIELD HOUSE (ANNESLEY),Active,ENGLAND,False,52R,QT1,,full,1
C84069,ROUNDWOOD SURGERY,Active,ENGLAND,False,52R,QT1,,full,1
C84072,THE WELLSPRING SURGERY,Active,ENGLAND,False,52R,QT1,,full,1
C84074,FAMILY MEDICAL CENTRE (KIRKBY),Active,ENGLAND,False,52R,QT1,,full,1
C84076,KIRKBY HEALTH CENTRE,Active,ENGLAND,False,52R,QT1,,full,1
C84077,BRIERLEY PARK MEDICAL GROUP,Active,ENGLAND,False,52R,QT1,,full,1
C84078,HUCKNALL ROAD MEDICAL CENTRE,Active,ENGLAND,False,52R,QT1,,full,1
C84080,THE MANOR SURGERY,Active,ENGLAND,False,52R,QT1,,full,1
C84081,JOHN RYLE MEDICAL PRACTICE,Active,ENGLAND,False,52R,QT1,,full,1
C84082,SOAR VALLEY SURGERIES,Inactive,ENGLAND,False,,,,archive,1
C84084,RADCLIFFE-ON-TRENT. HEALTH CENTRE,Active,ENGLAND,False,52R,QT1,,full,1
C84085,VICTORIA AND MAPPERLEY PRACTICE,Active,ENGLAND,False,52R,QT1,,full,1
C84086,ST GEORGES MED PRACTICE,Active,ENGLAND,False,52R,QT1,,full,1
C84087,RAINWORTH HEALTH CENTRE,Active,ENGLAND,False,52R,QT1,,full,1
C84090,MUSTERS MEDICAL PRACTICE,Active,ENGLAND,False,52R,QT1,,full,1
C84091,ASPLEY MEDICAL CENTRE,Active,ENGLAND,False,52R,QT1,,full,1
C84092,BRIDGEWAY PRACTICE,Active,ENGLAND,False,52R,QT1,,full,1
C84094,RIVERSIDE HEALTH PARTNERSHIP,Active,ENGLAND,False,02Q,QT1,,full,1
C84095,OAKENHALL MEDICAL PRACT,Active,ENGLAND,False,52R,QT1,,full,1
C84096,RADFORD HEALTH CENTRE (N PHILLIPS),Inactive,ENGLAND,False,52R,QT1,,full,1
C84101,BAWTRY AND BLYTH MEDICAL,Active,ENGLAND,False,02Q,QT1,,full,1
C84103,THE FOREST PRACTICE,Inactive,ENGLAND,False,52R,QT1,,full,1
C84104,GREENFIELDS MEDICAL CENTRE (SHARMA OP),Inactive,ENGLAND,False,52R,QT1,,full,1
C84105,FAIRFIELDS PRACTICE,Active,ENGLAND,False,52R,QT1,,full,1
C84106,MILLVIEW SURGERY,Active,ENGLAND,False,52R,QT1,,full,1
C84107,THE LINDEN MEDICAL GROUP,Active,ENGLAND,False,52R,QT1,,full,1
C84112,BRAMCOTE SURGERY,Active,ENGLAND,False,52R,QT1,,full,1
C84113,MAJOR OAK MEDICAL PRACTICE,Active,ENGLAND,False,52R,QT1,,full,1
C84114,SKEGBY FAMILY MEDICAL CENTRE,Inactive,ENGLAND,False,52R,QT1,,full,1
C84115,PLAINS VIEW SURGERY,Active,ENGLAND,False,52R,QT1,,full,1
C84116,MELBOURNE PARK MEDICAL CENTRE,Active,ENGLAND,False,52R,QT1,,full,1
C84117,RADFORD MEDICAL PRACTICE (KAUR),Active,ENGLAND,False,52R,QT1,,full,1
C84120,CHILWELL VALLEY AND MEADOWS PRACTICE,Active,ENGLAND,False,52R,QT1,,full,1
C84121,PANTILES MEDICAL CENTRE,Inactive,ENGLAND,False,,,,archive,1
C84122,WOLLATON PARK MEDICAL CENTRE,Active,ENGLAND,False,52R,QT1,,full,1
C84123,BILSTHORPE SURGERY,Active,ENGLAND,False,52R,QT1,,full,1
C84124,WHYBURN MEDICAL PRACTICE,Inactive,ENGLAND,False,52R,QT1,,full,1
C84125,APPLE TREE MEDICAL PRACTICE,Inactive,ENGLAND,False,04L,,,full,1
C84127,RIVERBANK MEDICAL SERVICES,Inactive,ENGLAND,False,52R,QT1,,full,1
C84129,RISE PARK SURGERY,Active,ENGLAND,False,52R,QT1,,full,1
C84131,NEWTHORPE MEDICAL PRACTICE,Active,ENGLAND,False,52R,QT1,,full,1
C84133,PEACOCK HEALTHCARE,Inactive,ENGLAND,False,52R,QT1,,full,1
C84135,QUEENS BOWER SURGERY,Inactive,ENGLAND,False,52R,QT1,,full,1
C84136,ST. LUKE'S SURGERY,Active,ENGLAND,False,52R,QT1,,full,1
C84138,SPRINGFIELD MEDICAL CENTRE,Inactive,ENGLAND,False,52R,QT1,,full,1
C84140,LOWMOOR ROAD SURGERY,Active,ENGLAND,False,52R,QT1,,full,1
C84141,OAKFIELD SURGERY,Inactive,ENGLAND,False,,,,archive,1
C84142,SELSTON SURGERY,Active,ENGLAND,False,52R,QT1,,full,1
C84143,TALL TREES SURGERY,Inactive,ENGLAND,False,02Q,QT1,,archive,1
C84144,THE MEADOWS HEALTH CENTRE,Active,ENGLAND,False,52R,QT1,,full,1
C84145,ST.MARYS MEDICAL CENTRE,Inactive,ENGLAND,False,04K,,,full,1
C84146,TRENT BRIDGE FAM MED PRACTICE,Inactive,ENGLAND,False,,,,archive,1
C84149,SOUTHVIEW SURGERY,Inactive,ENGLAND,False,,,,archive,1
C84150,UNITY SURGERY,Active,ENGLAND,False,52R,QT1,,full,1
C84151,THE MEDICAL CENTRE - ZULU ROAD,Active,ENGLAND,False,52R,QT1,,full,1
C84602,MAPPERLEY PARK MEDICAL CENTRE,Inactive,ENGLAND,False,52R,QT1,,full,1
C84605,CASTLE HEALTHCARE PRACTICE,Active,ENGLAND,False,52R,QT1,,full,1
C84612,THE WILLOWS MEDICAL CENTR,Inactive,ENGLAND,False,04L,,,full,1
C84613,JUBILEE PARK MEDICAL PARTNERSHIP,Active,ENGLAND,False,52R,QT1,,full,1
C84619,TUDOR HOUSE MEDICAL PRACTICE,Active,ENGLAND,False,52R,QT1,,full,1
C84621,WEST BRIDGFORD MEDICAL CENTRE,Active,ENGLAND,False,52R,QT1,,full,1
C84624,HAMA MEDICAL CENTRE,Active,ENGLAND,False,52R,QT1,,full,1
C84628,SHERWOOD RISE MEDICAL CENTRE,Active,ENGLAND,False,52R,QT1,,full,1
C84629,"HEALTH CARE COMPLEX, KIRKBY",Active,ENGLAND,False,52R,QT1,,full,1
C84632,HARTLEY ROAD MEDICAL CENTRE,Inactive,ENGLAND,False,,,,archive,1
C84633,LENTON MEDICAL CENTRE,Inactive,ENGLAND,False,04K,,,full,1
C84635,WOLLATON VALE HC (GHAHARIAN),Inactive,ENGLAND,False,04K,,,full,1
C84636,NIRMALA MEDICAL CENTRE,Inactive,ENGLAND,False,,,,archive,1
C84637,SANDY LANE SURGERY,Active,ENGLAND,False,52R,QT1,,full,1
C84646,THE IVY MEDICAL GROUP,Active,ENGLAND,False,52R,QT1,,full,1
C84647,BILBOROUGH SURGERY,Inactive,ENGLAND,False,52R,QT1,,full,1
C84648,BALDERTON PRIMARY CARE CENTRE,Inactive,ENGLAND,False,04H,,,full,1
C84650,BOULEVARD MEDICAL CENTRE,Inactive,ENGLAND,False,52R,QT1,,full,1
C84654,JACKSDALE MEDICAL CENTRE,Active,ENGLAND,False,52R,QT1,,full,1
C84656,HILL VIEW SURGERY,Active,ENGLAND,False,52R,QT1,,full,1
C84658,MEDEN MEDICAL SERVICES,Active,ENGLAND,False,52R,QT1,,full,1
C84660,HOUNSFIELD SURGERY,Active,ENGLAND,False,52R,QT1,,full,1
C84664,WELBECK SURGERY,Active,ENGLAND,False,52R,QT1,,full,1
C84666,COMPTON ACRES MEDICAL CENTRE,Inactive,ENGLAND,False,,,,archive,1
C84667,GILTBROOK SURGERY,Active,ENGLAND,False,52R,QT1,,full,1
C84672,THE DALE SURGERY,Inactive,ENGLAND,False,04K,,,full,1
C84674,WILFORD GROVE SURGERY,Inactive,ENGLAND,False,,,,archive,1
C84675,FOREST MEDICAL,Inactive,ENGLAND,False,,,,archive,1
C84676,GREENFIELDS MEDICAL PRACTICE,Active,ENGLAND,False,52R,QT1,,full,1
C84678,FARNSFIELD SURGERY,Inactive,ENGLAND,False,,,,archive,1
C84679,ACORN MEDICAL PRACTICE,Active,ENGLAND,False,52R,QT1,,full,1
C84680,RHR MEDICAL CENTRE,Inactive,ENGLAND,False,52R,QT1,,full,1
C84682,SHERRINGTON PARK MEDICAL PRACTICE,Active,ENGLAND,False,52R,QT1,,full,1
C84683,THE WINDMILL PRACTICE,Active,ENGLAND,False,52R,QT1,,full,1
C84688,BILBOROUGH MEDICAL CENTRE,Inactive,ENGLAND,False,52R,QT1,,full,1
C84691,HIGH GREEN MEDICAL PRACTICE,Active,ENGLAND,False,52R,QT1,,full,1
C84692,NORTH LEVERTON SURGERY,Active,ENGLAND,False,02Q,QT1,,full,1
C84693,BAKERSFIELD MEDICAL CENTRE,Active,ENGLAND,False,52R,QT1,,full,1
C84694,LIME TREE SURGERY,Active,ENGLAND,False,52R,QT1,,full,1
C84695,THE ALICE MEDICAL CENTRE,Active,ENGLAND,False,52R,QT1,,full,1
C84696,WEST OAK SURGERY,Active,ENGLAND,False,52R,QT1,,full,1
C84697,COLWICK VALE SURGERY,Inactive,ENGLAND,False,,,,archive,1
C84698,STRELLEY HEALTH CENTRE (COCKRILL),Inactive,ENGLAND,False,52R,QT1,,full,1
C84700,HARWORTH MEDICAL CENTRE,Inactive,ENGLAND,False,02Q,QT1,,archive,1
C84703,THE GAMSTON MEDICAL CTR.,Active,ENGLAND,False,52R,QT1,,full,1
C84704,JRB HEALTHCARE BEECHDALE SURGERY,Active,ENGLAND,False,52R,QT1,,full,1
C84705,HICKINGS LANE MEDICAL CTR,Active,ENGLAND,False,52R,QT1,,full,1
C84706,NDU SURGERY ST ANN'S VALLEY CENTRE,Inactive,ENGLAND,False,04K,,,archive,1
C84709,PARK HOUSE MEDICAL CENTRE,Inactive,ENGLAND,False,52R,QT1,,full,1
C84710,BULL FARM PRIMARY CARE RESOURCE CENTRE,Inactive,ENGLAND,False,52R,QT1,,full,1
C84712,ASHFIELD MEDICAL CENTRE,Inactive,ENGLAND,False,04E,,,full,1
C84714,SUNRISE MEDICAL PRACTICE,Active,ENGLAND,False,52R,QT1,,full,1
C84717,RIVERLYN MEDICAL CENTRE,Inactive,ENGLAND,False,52R,QT1,,full,1
C84718,WOODSIDE SURGERY,Inactive,ENGLAND,False,04E,,,full,1
C84720,NOTSPAR,Active,ENGLAND,False,52R,QT1,,full,1
C85001,GOLDTHORPE MEDICAL CENTRE PMS PRACTICE,Active,ENGLAND,False,02P,QF7,,full,1
C85003,ASHVILLE MEDICAL CENTRE PMS PRACTICE,Active,ENGLAND,False,02P,QF7,,full,1
C85004,PENISTONE GROUP PMS PRACTICE,Active,ENGLAND,False,02P,QF7,,full,1
C85005,ROYSTON GROUP PRACTICE,Active,ENGLAND,False,02P,QF7,,full,1
C85006,WOODLAND DRIVE MEDICAL CENTRE,Active,ENGLAND,False,02P,QF7,,full,1
C85007,THE DOVE VALLEY PMS PRACTICE,Active,ENGLAND,False,02P,QF7,,full,1
C85008,WALDERSLADE SURGERY,Active,ENGLAND,False,02P,QF7,,full,1
C85009,THE KAKOTY PRACTICE,Active,ENGLAND,False,02P,QF7,,full,1
C85010,HILL BROW SURGERY PMS PRACTICE,Active,ENGLAND,False,02P,QF7,,full,1
C85012,GREAT HOUGHTON PRACTICE,Inactive,ENGLAND,False,02P,QF7,,archive,1
C85013,WOMBWELL GMS PRACTICE,Active,ENGLAND,False,02P,QF7,,full,1
C85014,THE ROSE TREE PMS PRACTICE,Active,ENGLAND,False,02P,QF7,,full,1
C85015,ROTHERHAM ROAD MED CENTRE PMS,Inactive,ENGLAND,False,02P,QF7,,full,1
C85016,GARLAND HOUSE SURGERY,Active,ENGLAND,False,02P,QF7,,full,1
C85017,BURLEIGH MEDICAL CENTRE,Active,ENGLAND,False,02P,QF7,,full,1
C85018,GRIMETHORPE SURGERY,Active,ENGLAND,False,02P,QF7,,full,1
C85019,THE GROVE MEDICAL PRACTICE,Active,ENGLAND,False,02P,QF7,,full,1
C85020,HUDDERSFIELD ROAD SURGERY,Active,ENGLAND,False,02P,QF7,,full,1
C85022,HOYLAND MEDICAL PRACTICE,Active,ENGLAND,False,02P,QF7,,full,1
C85023,HOLLYGREEN PRACTICE,Active,ENGLAND,False,02P,QF7,,full,1
C85024,HIGH STREET PRACTICE,Active,ENGLAND,False,02P,QF7,,full,1
C85026,APOLLO COURT MEDICAL CENTRE,Inactive,ENGLAND,False,02P,QF7,,full,1
C85028,LUNDWOOD MEDICAL CENTRE PMS PRACTICE,Active,ENGLAND,False,02P,QF7,,full,1
C85030,WOMBWELL MEDICAL CENTRE PRACTICE,Active,ENGLAND,False,02P,QF7,,full,1
C85033,VICTORIA MEDICAL CENTRE PMS PRACTICE,Active,ENGLAND,False,02P,QF7,,full,1
C85609,BRAMPTON HEALTH CENTRE PRACTICE,Inactive,ENGLAND,False,,,,archive,1
C85614,DARTON HEALTH CENTRE PRACTICE,Active,ENGLAND,False,02P,QF7,,full,1
C85617,FURLONG ROAD SURGERY,Inactive,ENGLAND,False,02P,QF7,,full,1
C85619,ST GEORGE'S MEDICAL CENTRE PMS PRACTICE,Active,ENGLAND,False,02P,QF7,,full,1
C85622,MONK BRETTON HEALTH CENTRE PRACTICE,Active,ENGLAND,False,02P,QF7,,full,1
C85623,KINGSWELL SURGERY PMS PRACTICE,Active,ENGLAND,False,02P,QF7,,full,1
C85624,COPE STREET SURGERY,Inactive,ENGLAND,False,02P,QF7,,full,1
C85627,BRIERLEY MEDICAL CENTRE,Inactive,ENGLAND,False,,,,archive,2
C85628,CAXTON HOUSE SURGERY,Inactive,ENGLAND,False,02P,QF7,,full,1
C86001,GREAT NORTH MEDICAL GROUP,Active,ENGLAND,False,02X,QF7,,full,1
C86002,THE RANSOME PRACTICE,Active,ENGLAND,False,02X,QF7,,full,1
C86003,HATFIELD HEALTH CENTRE,Active,ENGLAND,False,02X,QF7,,full,1
C86005,MEXBOROUGH HEALTH CENTRE,Active,ENGLAND,False,02X,QF7,,full,1
C86006,REGENT SQUARE GROUP PRACTICE,Active,ENGLAND,False,02X,QF7,,full,1
C86007,THE BURNS PRACTICE,Active,ENGLAND,False,02X,QF7,,full,1
C86009,THE MAYFLOWER MEDICAL PRACTICE,Active,ENGLAND,False,02X,QF7,,full,1
C86011,MOUNT GROUP PRACTICE,Active,ENGLAND,False,02X,QF7,,full,1
C86012,THE OAKWOOD SURGERY,Active,ENGLAND,False,02X,QF7,,full,1
C86013,THE TICKHILL & COLLIERY MEDICAL PRACTICE,Active,ENGLAND,False,02X,QF7,,full,1
C86014,PRINCESS MEDICAL CENTRE,Inactive,ENGLAND,False,02X,QF7,,full,1
C86015,THE ROSSINGTON PRACTICE,Active,ENGLAND,False,02X,QF7,,full,1
C86016,THE LAKESIDE PRACTICE,Active,ENGLAND,False,02X,QF7,,full,1
C86017,KINGTHORNE GROUP PRACTICE,Active,ENGLAND,False,02X,QF7,,full,1
C86018,NORTHFIELD SURGERY,Active,ENGLAND,False,02X,QF7,,full,1
C86019,THE SCOTT PRACTICE,Active,ENGLAND,False,02X,QF7,,full,1
C86020,ST. JOHNS GROUP PRACTICE,Active,ENGLAND,False,02X,QF7,,full,1
C86021,WHITE HOUSE FARM MEDICAL CENTRE,Active,ENGLAND,False,02X,QF7,,full,1
C86022,THE SANDRINGHAM PRACTICE,Inactive,ENGLAND,False,02X,QF7,,full,1
C86023,DON VALLEY HEALTHCARE,Active,ENGLAND,False,02X,QF7,,full,1
C86024,CONISBROUGH GROUP PRACTICE,Active,ENGLAND,False,02X,QF7,,full,1
C86025,FRANCES STREET MEDICAL CENTRE,Active,ENGLAND,False,02X,QF7,,full,1
C86026,EDLINGTON HEALTH CENTRE PRACTICE,Active,ENGLAND,False,02X,QF7,,full,1
C86029,ST VINCENT MEDICAL CENTRE,Active,ENGLAND,False,02X,QF7,,full,1
C86030,THE PHOENIX MEDICAL PRACT,Inactive,ENGLAND,False,02X,QF7,,full,1
C86032,SCAWSBY HEALTH CENTRE PRACTICE,Active,ENGLAND,False,02X,QF7,,full,1
C86033,THE NAYAR PRACTICE,Active,ENGLAND,False,02X,QF7,,full,1
C86034,THE NEW SURGERY,Active,ENGLAND,False,02X,QF7,,full,1
C86037,FIELD ROAD SURGERY,Active,ENGLAND,False,02X,QF7,,full,1
C86038,PETERSGATE MEDICAL CENTRE,Active,ENGLAND,False,02X,QF7,,full,1
C86039,THE VILLAGE PRACTICE,Inactive,ENGLAND,False,02X,QF7,,full,1
C86605,ASKERN MEDICAL PRACTICE,Active,ENGLAND,False,02X,QF7,,full,1
C86606,BARNBURGH SURGERY,Active,ENGLAND,False,02X,QF7,,full,1
C86609,ASA MEDICAL GROUP,Active,ENGLAND,False,02X,QF7,,full,1
C86611,DUNSVILLE MEDICAL CENTRE,Active,ENGLAND,False,02X,QF7,,full,1
C86613,THE NELSON PRACTICE,Inactive,ENGLAND,False,02X,QF7,,full,1
C86614,THORNE MOOR MEDICAL PRACTICE,Active,ENGLAND,False,02X,QF7,,full,1
C86616,DENABY MEDICAL PRACTICE,Active,ENGLAND,False,02X,QF7,,full,1
C86621,WEST END CLINIC,Active,ENGLAND,False,02X,QF7,,full,1
C86623,DR ME SHEIKH'S PRACTICE,Inactive,ENGLAND,False,02X,QF7,,full,1
C86625,CONISBROUGH MEDICAL PRACTICE,Active,ENGLAND,False,02X,QF7,,full,1
C86626,PARK VIEW SURGERY,Active,ENGLAND,False,02X,QF7,,full,1
C87002,DINNINGTON GROUP PRACTICE,Active,ENGLAND,False,03L,QF7,,full,1
C87003,WOODSTOCK BOWER GROUP PRACTICE,Active,ENGLAND,False,03L,QF7,,full,1
C87004,KIVETON PARK MEDICAL PRACTICE,Active,ENGLAND,False,03L,QF7,,full,1
C87005,ST ANN'S MEDICAL CENTRE,Active,ENGLAND,False,03L,QF7,,full,1
C87006,THE MAGNA GROUP PRACTICE,Active,ENGLAND,False,03L,QF7,,full,1
C87007,STAG MEDICAL CENTRE,Active,ENGLAND,False,03L,QF7,,full,1
C87008,SWALLOWNEST HEALTH CENTRE,Active,ENGLAND,False,03L,QF7,,full,1
C87009,BRINSWORTH MEDICAL CENTRE,Active,ENGLAND,False,03L,QF7,,full,1
C87010,YORK ROAD SURGERY,Active,ENGLAND,False,03L,QF7,,full,1
C87012,BROOM LANE MEDICAL CENTRE,Active,ENGLAND,False,03L,QF7,,full,1
C87013,PARKGATE MEDICAL CENTRE,Active,ENGLAND,False,03L,QF7,,full,1
C87014,TREETON MEDICAL CENTRE,Active,ENGLAND,False,03L,QF7,,full,1
C87015,WICKERSLEY HEALTH CENTRE,Active,ENGLAND,False,03L,QF7,,full,1
C87016,MORTHEN ROAD SURGERY,Active,ENGLAND,False,03L,QF7,,full,1
C87017,CLIFTON MEDICAL CENTRE,Active,ENGLAND,False,03L,QF7,,full,1
C87018,HIGH STREET SURGERY,Active,ENGLAND,False,03L,QF7,,full,1
C87020,GREENSIDE SURGERY,Active,ENGLAND,False,03L,QF7,,full,1
C87022,VILLAGE SURGERY,Active,ENGLAND,False,03L,QF7,,full,1
C87023,BROOKFIELD SURGERY,Inactive,ENGLAND,False,03L,QF7,,full,1
C87024,RAWMARSH HEALTH CENTRE,Active,ENGLAND,False,03L,QF7,,full,1
C87029,MARKET SURGERY,Active,ENGLAND,False,03L,QF7,,full,1
C87030,CROWN STREET SURGERY,Active,ENGLAND,False,03L,QF7,,full,1
C87031,DR RAOLU'S PRACTICE,Active,ENGLAND,False,03L,QF7,,full,1
C87603,GREASBROUGH MEDICAL CENTRE,Active,ENGLAND,False,03L,QF7,,full,1
C87604,THORPE HESLEY SURGERY,Active,ENGLAND,False,03L,QF7,,full,1
C87606,QUEEN'S MEDICAL CENTRE,Inactive,ENGLAND,False,03L,QF7,,full,1
C87608,SHAKESPEARE ROAD SURGERY,Active,ENGLAND,False,03L,QF7,,full,1
C87609,ROSEHILL MEDICAL CENTRE RCHS,Inactive,ENGLAND,False,03L,QF7,,full,1
C87610,CANKLOW ROAD SURGERY RCHS,Inactive,ENGLAND,False,03L,QF7,,full,1
C87612,SURGERY OF LIGHT,Inactive,ENGLAND,False,03L,QF7,,archive,1
C87616,BLYTH ROAD MEDICAL CENTRE,Active,ENGLAND,False,03L,QF7,,full,1
C87617,THRYBERGH MEDICAL CENTRE,Inactive,ENGLAND,False,03L,QF7,,archive,1
C87620,MANOR FIELD SURGERY,Active,ENGLAND,False,03L,QF7,,full,1
C87621,BROOM VALLEY ROAD SURGERY,Inactive,ENGLAND,False,03L,QF7,,full,1
C87622,GATEWAY PRIMARY CARE,Active,ENGLAND,False,03L,QF7,,full,1
C88005,WALKLEY HOUSE & STANNINGTON M.C,Active,ENGLAND,False,03N,QF7,,full,1
C88006,NORFOLK PARK HEALTH CENTRE,Active,ENGLAND,False,03N,QF7,,full,1
C88007,PORTER BROOK MEDICAL CENTRE,Active,ENGLAND,False,03N,QF7,,full,1
C88008,FORGE HEALTH GROUP,Active,ENGLAND,False,03N,QF7,,full,1
C88009,FOXHILL MEDICAL CENTRE,Active,ENGLAND,False,03N,QF7,,full,1
C88010,CHAPELGREEN PRACTICE,Active,ENGLAND,False,03N,QF7,,full,1
C88011,BUCHANAN ROAD SURGERY,Active,ENGLAND,False,03N,QF7,,full,1
C88013,WESTFIELD HEALTH CENTRE,Inactive,ENGLAND,False,,,,archive,1
C88014,NORWOOD MEDICAL CENTRE,Active,ENGLAND,False,03N,QF7,,full,1
C88015,MEADOWGREEN HEALTH CENTRE,Active,ENGLAND,False,03N,QF7,,full,1
C88016,CARTERKNOWLE & DORE MEDICAL PRACTICE,Active,ENGLAND,False,03N,QF7,,full,1
C88018,TRAMWAYS MEDICAL CENTRE (O'CONNELL),Active,ENGLAND,False,03N,QF7,,full,1
C88019,GLEADLESS MEDICAL CENTRE,Active,ENGLAND,False,03N,QF7,,full,1
C88020,WHITE HOUSE SURGERY,Active,ENGLAND,False,03N,QF7,,full,1
C88021,FAR LANE MEDICAL CENTRE,Active,ENGLAND,False,03N,QF7,,full,1
C88022,STONECROFT MEDICAL CENTRE,Active,ENGLAND,False,03N,QF7,,full,1
C88023,SOTHALL & BEIGHTON HEALTH CENTRES,Active,ENGLAND,False,03N,QF7,,full,1
C88024,AVENUE MEDICAL PRACTICE,Inactive,ENGLAND,False,03N,QF7,,full,1
C88025,BIRLEY HEALTH CENTRE,Active,ENGLAND,False,03N,QF7,,full,1
C88026,SLOAN MEDICAL CENTRE,Active,ENGLAND,False,03N,QF7,,full,1
C88027,UPWELL STREET SURGERY,Active,ENGLAND,False,03N,QF7,,full,1
C88028,BROOMHILL SURGERY,Active,ENGLAND,False,03N,QF7,,full,1
C88030,DUKE MEDICAL CENTRE,Active,ENGLAND,False,03N,QF7,,full,1
C88031,UPPERTHORPE MEDICAL CENTRE,Active,ENGLAND,False,03N,QF7,,full,1
C88032,CHARNOCK HEALTH PRIMARY CARE CENTRE,Active,ENGLAND,False,03N,QF7,,full,1
C88033,THE FLOWERS HEALTH CENTRE,Inactive,ENGLAND,False,03N,QF7,,full,1
C88034,NETHERGREEN SURGERY,Active,ENGLAND,False,03N,QF7,,full,1
C88035,FIRTH PARK SURGERY,Active,ENGLAND,False,03N,QF7,,full,1
C88036,HANDSWORTH MEDICAL PRACTICE,Active,ENGLAND,False,03N,QF7,,full,1
C88037,STEEL CITY GENERAL PRACTICE,Active,ENGLAND,False,03N,QF7,,full,1
C88038,THE MATHEWS PRACTICE BELGRAVE,Active,ENGLAND,False,03N,QF7,,full,1
C88039,ECCLESFIELD GROUP PRACT,Active,ENGLAND,False,03N,QF7,,full,1
C88040,OUGHTIBRIDGE SURGERY,Active,ENGLAND,False,03N,QF7,,full,1
C88041,WOODSEATS MEDICAL CENTRE,Active,ENGLAND,False,03N,QF7,,full,1
C88042,PARK HEALTH CENTRE,Inactive,ENGLAND,False,03N,QF7,,full,1
C88043,TRAMWAYS AND MIDDLEWOOD MEDICAL CENTRES,Active,ENGLAND,False,03N,QF7,,full,1
C88044,MANCHESTER ROAD SURGERY,Active,ENGLAND,False,03N,QF7,,full,1
C88045,DYKES HALL MEDICAL CENTRE,Active,ENGLAND,False,03N,QF7,,full,1
C88046,BEAUCHIEF MEDICAL PRACTICE,Active,ENGLAND,False,03N,QF7,,full,1
C88047,WINCOBANK MEDICAL CENTRE,Active,ENGLAND,False,03N,QF7,,full,1
C88048,BURNGREAVE SURGERY,Active,ENGLAND,False,03N,QF7,,full,1
C88049,ELM LANE SURGERY,Active,ENGLAND,False,03N,QF7,,full,1
C88050,JAUNTY SPRINGS HEALTH CENTRE,Active,ENGLAND,False,03N,QF7,,full,1
C88051,PAGE HALL MEDICAL CENTRE,Active,ENGLAND,False,03N,QF7,,full,1
C88052,HOLLIES MEDICAL CENTRE,Active,ENGLAND,False,03N,QF7,,full,1
C88053,FALKLAND HOUSE SURGERY,Active,ENGLAND,False,03N,QF7,,full,1
C88054,GRENOSIDE SURGERY,Active,ENGLAND,False,03N,QF7,,full,1
C88057,CROOKES VALLEY MEDICAL CENTRE,Inactive,ENGLAND,False,03N,QF7,,full,1
C88059,HAROLD STREET MEDICAL CENTRE,Active,ENGLAND,False,03N,QF7,,full,1
C88060,SHARROW LANE MEDICAL CENTRE,Active,ENGLAND,False,03N,QF7,,full,1
C88061,BENTS GREEN SURGERY,Inactive,ENGLAND,False,03N,QF7,,full,1
C88062,RUSTLINGS ROAD MEDICAL CENTRE,Active,ENGLAND,False,03N,QF7,,full,1
C88068,TOTLEY RISE MEDICAL CENTRE,Inactive,ENGLAND,False,03N,QF7,,full,1
C88069,CLOVER GROUP PRACTICE,Active,ENGLAND,False,03N,QF7,,full,1
C88070,SHIREGREEN MEDICAL CENTRE,Active,ENGLAND,False,03N,QF7,,full,1
C88072,WOODHOUSE MEDICAL CENTRE,Active,ENGLAND,False,03N,QF7,,full,1
C88073,HEELEY GREEN SURGERY,Active,ENGLAND,False,03N,QF7,,full,1
C88074,DEEPCAR MEDICAL CENTRE,Active,ENGLAND,False,03N,QF7,,full,1
C88075,DARNALL HEALTH CENTRE (SWINDEN),Inactive,ENGLAND,False,,,,archive,1
C88076,DEVONSHIRE GREEN MEDICAL CENTRE,Active,ENGLAND,False,03N,QF7,,full,1
C88077,GREEN CROSS GROUP PRACTICE,Active,ENGLAND,False,03N,QF7,,full,1
C88078,MOSBOROUGH HEALTH CENTRE,Active,ENGLAND,False,03N,QF7,,full,1
C88079,CROOKES PRACTICE,Active,ENGLAND,False,03N,QF7,,full,1
C88082,CARRFIELD MEDICAL CENTRE,Active,ENGLAND,False,03N,QF7,,full,1
C88083,SELBORNE ROAD MEDICAL CENTRE,Active,ENGLAND,False,03N,QF7,,full,1
C88084,CLOVER NORTH DARNALL HEALTH CENTRE,Active,ENGLAND,False,03N,QF7,,full,1
C88085,RICHMOND MEDICAL CENTRE,Active,ENGLAND,False,03N,QF7,,full,1
C88086,SOUTHEY GREEN MEDICAL CTR,Active,ENGLAND,False,03N,QF7,,full,1
C88087,DOVERCOURT GROUP PRACTICE,Active,ENGLAND,False,03N,QF7,,full,1
C88088,EAST BANK MEDICAL CENTRE,Active,ENGLAND,False,03N,QF7,,full,1
C88090,MANOR AND PARK GROUP PRACTICE,Active,ENGLAND,False,03N,QF7,,full,1
C88091,BARNSLEY ROAD SURGERY,Active,ENGLAND,False,03N,QF7,,full,1
C88092,VALLEY MEDICAL CENTRE,Active,ENGLAND,False,03N,QF7,,full,1
C88095,MILL ROAD SURGERY,Active,ENGLAND,False,03N,QF7,,full,1
C88096,HACKENTHORPE MEDICAL CENTRE,Inactive,ENGLAND,False,03N,QF7,,full,1
C88622,SHEFFIELD MEDICAL CENTRE,Active,ENGLAND,False,03N,QF7,,full,1
C88626,MANOR TOP MEDICAL CENTRE (READ),Inactive,ENGLAND,False,03N,QF7,,full,1
C88627,UNIVERSITY HEALTH SERVICE HEALTH CENTRE,Active,ENGLAND,False,03N,QF7,,full,1
C88631,VERITAS HEALTH CENTRE,Active,ENGLAND,False,03N,QF7,,full,1
C88638,MANOR TOP MEDICAL CENTRE,Inactive,ENGLAND,False,03N,QF7,,full,1
C88643,DUNNINC ROAD SURGERY,Inactive,ENGLAND,False,03N,QF7,,full,1
C88647,THE THORPE PRACTICE,Active,ENGLAND,False,03N,QF7,,full,1
C88648,CRYSTAL PEAKS MEDICAL CENTRE,Active,ENGLAND,False,03N,QF7,,full,1
C88652,GREYSTONES MEDICAL CENTRE,Active,ENGLAND,False,03N,QF7,,full,1
C88653,GREENHILL HEALTH CENTRE,Inactive,ENGLAND,False,03N,QF7,,archive,1
C88655,THE MEDICAL CENTRE DR OKORIE,Active,ENGLAND,False,03N,QF7,,full,1
C88656,STANNINGTON MEDICAL CENTRE,Inactive,ENGLAND,False,03N,QF7,,full,1
D81001,LENSFIELD MEDICAL PRACTICE,Active,ENGLAND,False,06H,S1Y5D,,full,1
D81002,HUNTINGDON ROAD SURGERY,Active,ENGLAND,False,06H,S1Y5D,,full,1
D81003,YORK STREET MEDICAL PRACTICE,Active,ENGLAND,False,06H,S1Y5D,,full,1
D81004,ALCONBURY SURGERY,Active,ENGLAND,False,06H,S1Y5D,,full,1
D81005,NEWNHAM WALK SURGERY,Active,ENGLAND,False,06H,S1Y5D,,full,1
D81006,NORTH STREET,Inactive,ENGLAND,False,06H,S1Y5D,,archive,1
D81007,PARK MEDICAL CENTRE,Inactive,ENGLAND,False,06H,S1Y5D,,full,1
D81008,NORTH BRINK PRACTICE,Active,ENGLAND,False,06H,S1Y5D,,full,1
D81009,SHELFORD MEDICAL PRACTICE,Inactive,ENGLAND,False,06H,S1Y5D,,full,1
D81010,PRIORY FIELDS SURGERY,Active,ENGLAND,False,06H,S1Y5D,,full,1
D81011,CLARKSON SURGERY,Active,ENGLAND,False,06H,S1Y5D,,full,1
D81012,CORNFORD HOUSE SURGERY,Active,ENGLAND,False,06H,S1Y5D,,full,1
D81013,TRUMPINGTON STREET MEDICAL PRACTICE,Active,ENGLAND,False,06H,S1Y5D,,full,1
D81014,STAPLOE MEDICAL CENTRE,Active,ENGLAND,False,06H,S1Y5D,,full,1
D81015,PARSON DROVE SURGERY,Active,ENGLAND,False,06H,S1Y5D,,full,1
D81016,ARBURY ROAD SURGERY,Active,ENGLAND,False,06H,S1Y5D,,full,1
D81017,MILL ROAD SURGERY,Active,ENGLAND,False,06H,S1Y5D,,full,1
D81018,"ORCHARD SURGERY,MELBOURN",Active,ENGLAND,False,06H,S1Y5D,,full,1
D81019,MINSTER MEDICAL PRACTICE,Inactive,ENGLAND,False,06H,S1Y5D,,full,1
D81020,NENE VALLEY MEDICAL PRACTICE,Inactive,ENGLAND,False,06H,S1Y5D,,full,1
D81021,ST. GEORGE'S MEDICAL CENTRE,Active,ENGLAND,False,06H,S1Y5D,,full,1
D81022,JENNER HEALTHCARE,Active,ENGLAND,False,06H,S1Y5D,,full,1
D81023,PASTON HEALTH CENTRE,Active,ENGLAND,False,06H,S1Y5D,,full,1
D81024,THOMAS WALKER,Inactive,ENGLAND,False,06H,S1Y5D,,full,1
D81025,CHERRY HINTON MEDICAL CENTRE,Active,ENGLAND,False,06H,S1Y5D,,full,1
D81026,BOROUGHBURY MEDICAL CENTRE,Active,ENGLAND,False,06H,S1Y5D,,full,1
D81027,WELLSIDE SURGERY,Active,ENGLAND,False,06H,S1Y5D,,full,1
D81028,FIRS HOUSE SURGERY,Active,ENGLAND,False,06H,S1Y5D,,full,1
D81029,OLD FLETTON SURGERY,Active,ENGLAND,False,06H,S1Y5D,,full,1
D81030,GROVE MEDICAL PRACTICE,Active,ENGLAND,False,06H,S1Y5D,,full,1
D81031,YAXLEY GROUP PRACTICE,Active,ENGLAND,False,06H,S1Y5D,,full,1
D81032,EATON SOCON HEALTH CENTRE,Inactive,ENGLAND,False,06H,S1Y5D,,full,1
D81033,OVER SURGERY,Active,ENGLAND,False,06H,S1Y5D,,full,1
D81034,ST MARY'S SURGERY,Active,ENGLAND,False,06H,S1Y5D,,full,1
D81035,COMBERTON SURGERY,Active,ENGLAND,False,06H,S1Y5D,,full,1
D81036,PRIORS FIELD SURGERY,Active,ENGLAND,False,06H,S1Y5D,,full,1
D81037,BRIDGE STREET MEDICAL CENTRE,Active,ENGLAND,False,06H,S1Y5D,,full,1
D81038,KIMBOLTON MEDICAL CENTRE,Active,ENGLAND,False,06H,S1Y5D,,full,1
D81039,JENNER HEALTH CENTRE,Inactive,ENGLAND,False,06H,S1Y5D,,full,1
D81040,CHURCH STREET HEALTH CENTRE,Inactive,ENGLAND,False,06H,S1Y5D,,full,1
D81041,BOURN SURGERY,Active,ENGLAND,False,06H,S1Y5D,,full,1
D81042,WATERBEACH AND COTTENHAM SURGERIES,Active,ENGLAND,False,06H,S1Y5D,,full,1
D81043,GRANTA MEDICAL PRACTICES,Active,ENGLAND,False,06H,S1Y5D,,full,1
D81044,NUFFIELD ROAD MEDICAL CENTRE,Active,ENGLAND,False,06H,S1Y5D,,full,1
D81045,BUCKDEN SURGERY,Active,ENGLAND,False,06H,S1Y5D,,full,1
D81046,NEW QUEEN STREET SURGERY,Active,ENGLAND,False,06H,S1Y5D,,full,1
D81047,ASHWELL SURGERY,Active,ENGLAND,False,06K,S1Y5D,,full,1
D81048,LINTON HEALTH CENTRE,Inactive,ENGLAND,False,06H,S1Y5D,,full,1
D81049,SPINNEY SURGERY,Active,ENGLAND,False,06H,S1Y5D,,full,1
D81050,THE HICKS GROUP PRACTICE,Active,ENGLAND,False,06H,S1Y5D,,full,1
D81051,BURWELL SURGERY,Active,ENGLAND,False,06H,S1Y5D,,full,1
D81052,CORNERSTONE PRACTICE,Active,ENGLAND,False,06H,S1Y5D,,full,1
D81053,BRETTON MEDICAL PRACTICE,Inactive,ENGLAND,False,06H,S1Y5D,,full,1
D81054,RED HOUSE SURGERY,Active,ENGLAND,False,06H,S1Y5D,,full,1
D81055,BOTTISHAM MEDICAL PRACTICE,Active,ENGLAND,False,06H,S1Y5D,,full,1
D81056,PETERSFIELD MEDICAL PRACTICE,Active,ENGLAND,False,06H,S1Y5D,,full,1
D81057,LAKESIDE HEALTHCARE ST NEOTS,Active,ENGLAND,False,06H,S1Y5D,,full,1
D81058,HARSTON SURGERY,Active,ENGLAND,False,06H,S1Y5D,,full,1
D81059,RAMSEY HEALTH CENTRE,Active,ENGLAND,False,06H,S1Y5D,,full,1
D81060,MOAT HOUSE SURGERY,Active,ENGLAND,False,06H,S1Y5D,,full,1
D81061,GEORGE CLARE SURGERY,Active,ENGLAND,False,06H,S1Y5D,,full,1
D81062,HADDENHAM SURGERY,Active,ENGLAND,False,06H,S1Y5D,,full,1
D81063,WESTGATE,Inactive,ENGLAND,False,06H,S1Y5D,,full,1
D81064,MERCHEFORD HOUSE,Active,ENGLAND,False,06H,S1Y5D,,full,1
D81065,NIGHTINGALE MEDICAL CENTRE,Active,ENGLAND,False,06H,S1Y5D,,full,1
D81066,QUEEN EDITH MEDICAL PRACTICE,Active,ENGLAND,False,06H,S1Y5D,,full,1
D81070,WOODLANDS SURGERY,Active,ENGLAND,False,06H,S1Y5D,,full,1
D81071,DODDINGTON MEDICAL CENTRE,Inactive,ENGLAND,False,06H,S1Y5D,,full,1
D81073,WESTWOOD CLINIC,Active,ENGLAND,False,06H,S1Y5D,,full,1
D81074,NORTHCOTE HOUSE SURGERY,Inactive,ENGLAND,False,06H,S1Y5D,,full,1
D81078,MAPLE SURGERY BAR HILL HEALTH CENTRE,Active,ENGLAND,False,06H,S1Y5D,,full,1
D81081,GREAT STAUGHTON SURGERY,Active,ENGLAND,False,06H,S1Y5D,,full,1
D81082,ALMOND ROAD SURGERY,Active,ENGLAND,False,06H,S1Y5D,,full,1
D81084,WILLINGHAM MEDICAL PRACTICE,Active,ENGLAND,False,06H,S1Y5D,,full,1
D81085,PAPWORTH SURGERY,Active,ENGLAND,False,06H,S1Y5D,,full,1
D81086,EAST BARNWELL HEALTH CENTRE,Active,ENGLAND,False,06H,S1Y5D,,full,1
D81087,RAINBOW SURGERY,Inactive,ENGLAND,False,06H,S1Y5D,,full,1
D81602,COTTENHAM SURGERY,Inactive,ENGLAND,False,06H,S1Y5D,,full,1
D81603,RIVERSIDE PRACTICE,Active,ENGLAND,False,06H,S1Y5D,,full,1
D81605,HUNTLY GROVE,Inactive,ENGLAND,False,06H,S1Y5D,,full,1
D81606,RIVERPORT MEDICAL PRACTICE,Active,ENGLAND,False,06H,S1Y5D,,full,1
D81607,SWAVESEY SURGERY,Active,ENGLAND,False,06H,S1Y5D,,full,1
D81611,FENLAND GROUP PRACTICE,Active,ENGLAND,False,06H,S1Y5D,,full,1
D81612,MILTON SURGERY,Active,ENGLAND,False,06H,S1Y5D,,full,1
D81615,THORPE ROAD,Active,ENGLAND,False,06H,S1Y5D,,full,1
D81616,HODGSON MEDICAL CENTRE,Inactive,ENGLAND,False,06H,S1Y5D,,full,1
D81618,AILSWORTH MEDICAL CENTRE,Active,ENGLAND,False,06H,S1Y5D,,full,1
D81619,PARKHALL SURGERY,Inactive,ENGLAND,False,06H,S1Y5D,,full,1
D81620,PARNWELL,Inactive,ENGLAND,False,06H,S1Y5D,,full,1
D81622,TRINITY SURGERY,Active,ENGLAND,False,06H,S1Y5D,,full,1
D81623,OLD EXCHANGE SURGERY,Inactive,ENGLAND,False,06H,S1Y5D,,full,1
D81624,DOGSTHORPE MEDICAL CENTRE,Inactive,ENGLAND,False,06H,S1Y5D,,full,1
D81625,THISTLEMOOR MEDICAL CENTRE,Active,ENGLAND,False,06H,S1Y5D,,full,1
D81629,WILLOW TREE SURGERY,Active,ENGLAND,False,06H,S1Y5D,,full,1
D81630,HAMPTON MEDICAL CENTRE,Active,ENGLAND,False,06H,S1Y5D,,full,1
D81631,CENTRAL MEDICAL CENTRE,Active,ENGLAND,False,06H,S1Y5D,,full,1
D81633,ACORN SURGERY,Active,ENGLAND,False,06H,S1Y5D,,full,1
D81637,MONKFIELD MEDICAL PRACTICE,Active,ENGLAND,False,06H,S1Y5D,,full,1
D81645,THE GRANGE MEDICAL CENTRE,Active,ENGLAND,False,06H,S1Y5D,,full,1
D82001,HOLT MEDICAL PRACTICE,Active,ENGLAND,False,26A,T6Y0W,,full,1
D82002,GROVE SURGERY,Active,ENGLAND,False,26A,T6Y0W,,full,1
D82003,BEACHES MEDICAL CENTRE,Active,ENGLAND,False,26A,T6Y0W,,full,1
D82004,CROMER GROUP PRACTICE,Active,ENGLAND,False,26A,T6Y0W,,full,1
D82005,SHERINGHAM MEDICAL PRACTICE,Active,ENGLAND,False,26A,T6Y0W,,full,1
D82006,CHET VALLEY MEDICAL PRACTICE,Active,ENGLAND,False,26A,T6Y0W,,full,1
D82007,EAST NORFOLK MEDICAL PRACTICE,Active,ENGLAND,False,26A,T6Y0W,,full,1
D82008,ST STEPHENS GATE MEDICAL PARTNERSHIP,Active,ENGLAND,False,26A,T6Y0W,,full,1
D82009,STALHAM STAITHE SURGERY,Active,ENGLAND,False,26A,T6Y0W,,full,1
D82010,GRIMSTON MEDICAL CENTRE,Active,ENGLAND,False,26A,T6Y0W,,full,1
D82011,CASTLE PARTNERSHIP,Active,ENGLAND,False,26A,T6Y0W,,full,1
D82012,MAGDALEN MEDICAL PRACTICE,Active,ENGLAND,False,26A,T6Y0W,,full,1
D82013,OLD CATTON MEDICAL PRACTICE,Active,ENGLAND,False,26A,T6Y0W,,full,1
D82015,BRIDGE STREET SURGERY,Active,ENGLAND,False,26A,T6Y0W,,full,1
D82016,MARKET SURGERY,Active,ENGLAND,False,26A,T6Y0W,,full,1
D82017,TRINITY & BOWTHORPE MEDICAL PRACTICE,Active,ENGLAND,False,26A,T6Y0W,,full,1
D82018,HELLESDON MEDICAL PRACTICE,Active,ENGLAND,False,26A,T6Y0W,,full,1
D82019,THE MILLWOOD PARTNERSHIP,Active,ENGLAND,False,26A,T6Y0W,,full,1
D82020,ORCHARD SURGERY,Active,ENGLAND,False,26A,T6Y0W,,full,1
D82021,HUNSTANTON SURGERY,Inactive,ENGLAND,False,,,,archive,1
D82022,LAWNS PRACTICE,Active,ENGLAND,False,26A,T6Y0W,,full,1
D82023,ROUNDWELL MEDICAL CENTRE,Active,ENGLAND,False,26A,T6Y0W,,full,1
D82024,MARRIOTT'S MEDICAL PRACTICES,Active,ENGLAND,False,26A,T6Y0W,,full,1
D82025,HOVETON & WROXHAM MEDICAL CENTRE,Active,ENGLAND,False,26A,T6Y0W,,full,1
D82026,LAKENHAM SURGERY,Active,ENGLAND,False,26A,T6Y0W,,full,1
D82027,HEACHAM GROUP PRACTICE,Active,ENGLAND,False,26A,T6Y0W,,full,1
D82028,LUDHAM AND STALHAM GREEN SURGERIES,Active,ENGLAND,False,26A,T6Y0W,,full,1
D82029,DRAYTON MEDICAL PRACTICE,Active,ENGLAND,False,26A,T6Y0W,,full,1
D82030,REEPHAM & AYLSHAM MEDICAL PRACTICE,Active,ENGLAND,False,26A,T6Y0W,,full,1
D82031,PARISH FIELDS PRACTICE,Active,ENGLAND,False,26A,T6Y0W,,full,1
D82032,BRUNDALL MEDICAL PARTNERSHIP,Active,ENGLAND,False,26A,T6Y0W,,full,1
D82033,ST JOHNS SURGERY,Inactive,ENGLAND,False,,,,archive,1
D82034,ATTLEBOROUGH SURGERY,Active,ENGLAND,False,26A,T6Y0W,,full,1
D82035,UPWELL HEALTH CENTRE,Active,ENGLAND,False,26A,T6Y0W,,full,1
D82036,OLD MILL AND MILLGATES MEDICAL PRACTICE,Active,ENGLAND,False,26A,T6Y0W,,full,1
D82037,LONG STRATTON MEDICAL PARTNERSHIP,Active,ENGLAND,False,26A,T6Y0W,,full,1
D82038,WELLS HEALTH CENTRE,Active,ENGLAND,False,26A,T6Y0W,,full,1
D82039,MATTISHALL AND LENWADE SURGERIES,Active,ENGLAND,False,26A,T6Y0W,,full,1
D82040,WENSUM VALLEY MEDICAL PRACTICE,Active,ENGLAND,False,26A,T6Y0W,,full,1
D82041,SCHOOL LANE SURGERY,Active,ENGLAND,False,26A,T6Y0W,,full,1
D82042,E HARLING & KENNINGHALL MEDICAL PRACTICE,Active,ENGLAND,False,26A,T6Y0W,,full,1
D82043,WATLINGTON MEDICAL CENTRE,Active,ENGLAND,False,26A,T6Y0W,,full,1
D82044,VIDA HEALTHCARE,Active,ENGLAND,False,26A,T6Y0W,,full,1
D82045,WYMONDHAM MEDICAL PARTNERSHIP,Active,ENGLAND,False,26A,T6Y0W,,full,1
D82046,CHURCH HILL SURGERY,Active,ENGLAND,False,26A,T6Y0W,,full,1
D82047,OAK STREET MEDICAL PRACT.,Active,ENGLAND,False,26A,T6Y0W,,full,1
D82048,THORPEWOOD MEDICAL GROUP,Active,ENGLAND,False,26A,T6Y0W,,full,1
D82049,LITCHAM HEALTH CENTRE,Active,ENGLAND,False,26A,T6Y0W,,full,1
D82050,THEATRE ROYAL SURGERY,Active,ENGLAND,False,26A,T6Y0W,,full,1
D82051,ST JAMES MEDICAL PRACTICE,Active,ENGLAND,False,26A,T6Y0W,,full,1
D82053,MUNDESLEY MEDICAL CENTRE,Active,ENGLAND,False,26A,T6Y0W,,full,1
D82054,FAKENHAM MEDICAL PRACTICE,Active,ENGLAND,False,26A,T6Y0W,,full,1
D82055,KING STREET SURGERY,Inactive,ENGLAND,False,,,,archive,1
D82056,ELMHAM SURGERY,Active,ENGLAND,False,26A,T6Y0W,,full,1
D82057,CAMPINGLAND SURGERY,Active,ENGLAND,False,26A,T6Y0W,,full,1
D82058,COASTAL VILLAGES PRACTICE,Active,ENGLAND,False,26A,T6Y0W,,full,1
D82059,BIRCHWOOD MEDICAL PRACTICE,Active,ENGLAND,False,26A,T6Y0W,,full,1
D82060,BACON ROAD MEDICAL CENTRE,Active,ENGLAND,False,26A,T6Y0W,,full,1
D82062,COLTISHALL MEDICAL PRACTICE,Active,ENGLAND,False,26A,T6Y0W,,full,1
D82063,WATTON MEDICAL PRACTICE,Active,ENGLAND,False,26A,T6Y0W,,full,1
D82064,HUMBLEYARD PRACTICE,Active,ENGLAND,False,26A,T6Y0W,,full,1
D82065,MANOR FARM MEDICAL CENTRE,Active,ENGLAND,False,26A,T6Y0W,,full,1
D82066,PASTON SURGERY,Active,ENGLAND,False,26A,T6Y0W,,full,1
D82067,THE PARK SURGERY,Active,ENGLAND,False,26A,T6Y0W,,full,1
D82068,HOWDALE SURGERY,Active,ENGLAND,False,26A,T6Y0W,,full,1
D82069,NEWMARKET ROAD SURGERY,Inactive,ENGLAND,False,26A,T6Y0W,,full,1
D82070,GREAT MASSINGHAM SURGERY,Active,ENGLAND,False,26A,T6Y0W,,full,1
D82071,EAST NORWICH MEDICAL PARTNERSHIP,Active,ENGLAND,False,26A,T6Y0W,,full,1
D82072,BURNHAM SURGERY,Active,ENGLAND,False,26A,T6Y0W,,full,1
D82073,THE LIONWOOD MEDICAL PRACTICE,Active,ENGLAND,False,26A,T6Y0W,,full,1
D82076,LAWSON ROAD SURGERY,Active,ENGLAND,False,26A,T6Y0W,,full,1
D82078,HEATHGATE MEDICAL PRACTICE,Active,ENGLAND,False,26A,T6Y0W,,full,1
D82079,FELTWELL SURGERY,Active,ENGLAND,False,26A,T6Y0W,,full,1
D82080,BLOFIELD SURGERY,Active,ENGLAND,False,26A,T6Y0W,,full,1
D82081,FALKLAND SURGERY,Inactive,ENGLAND,False,06M,,,full,1
D82084,HARLESTON MEDICAL PRACTICE,Active,ENGLAND,False,26A,T6Y0W,,full,1
D82085,HINGHAM SURGERY,Active,ENGLAND,False,26A,T6Y0W,,full,1
D82086,FAIRSTEAD SURGERY,Inactive,ENGLAND,False,,,,archive,1
D82087,PROSPECT MEDICAL PRACTICE,Active,ENGLAND,False,26A,T6Y0W,,full,1
D82088,UEA MEDICAL CENTRE,Active,ENGLAND,False,26A,T6Y0W,,full,1
D82092,WILLOW WOOD SURGERY,Inactive,ENGLAND,False,,,,archive,1
D82096,WOODCOCK RD SURGERY,Active,ENGLAND,False,26A,T6Y0W,,full,1
D82098,FAMILY HEALTH CARE CENTRE,Inactive,ENGLAND,False,06M,,,full,1
D82099,SOUTHGATES SURGICAL & MEDICAL CENTRE,Active,ENGLAND,False,26A,T6Y0W,,full,1
D82100,SHIPDHAM SURGERY,Active,ENGLAND,False,26A,T6Y0W,,full,1
D82102,THE LIGHTHOUSE MEDICAL CENTRE,Inactive,ENGLAND,False,06M,,,full,1
D82103,HORSFORD MEDICAL CENTRE,Inactive,ENGLAND,False,,,,archive,1
D82104,ACLE MEDICAL PARTNERSHIP,Active,ENGLAND,False,26A,T6Y0W,,full,1
D82105,ST CLEMENTS SURGERY,Active,ENGLAND,False,26A,T6Y0W,,full,1
D82106,WEST POTTERGATE MED PRAC,Active,ENGLAND,False,26A,T6Y0W,,full,1
D82600,FLEGGBURGH SURGERY,Active,ENGLAND,False,26A,T6Y0W,,full,1
D82604,BOUGHTON SURGERY,Active,ENGLAND,False,26A,T6Y0W,,full,1
D82613,GORLESTON MEDICAL CENTRE,Inactive,ENGLAND,False,06M,,,full,1
D82615,NEWTON FLOTMAN SURGERY,Inactive,ENGLAND,False,,,,archive,1
D82618,THE WOOTTONS SURGERY,Active,ENGLAND,False,26A,T6Y0W,,full,1
D82620,HARRIS HEALTH CENTRE,Inactive,ENGLAND,False,,,,archive,1
D82621,PLOWRIGHT MEDICAL CENTRE,Active,ENGLAND,False,26A,T6Y0W,,full,1
D82624,WINDMILL SURGERY,Active,ENGLAND,False,26A,T6Y0W,,full,1
D82628,ALDBOROUGH SURGERY,Active,ENGLAND,False,26A,T6Y0W,,full,1
D82629,TOFTWOOD MEDICAL CENTRE,Inactive,ENGLAND,False,06Y,,,full,1
D82632,OLD PALACE MEDICAL PRACT.,Inactive,ENGLAND,False,06W,,,full,1
D83001,CONSTABLE COUNTRY RURAL MEDICAL PRACTICE,Active,ENGLAND,False,06L,T6Y0W,,full,1
D83002,ALEXANDRA & CRESTVIEW SURGERIES,Active,ENGLAND,False,26A,T6Y0W,,full,1
D83003,WICKHAMBROOK SURGERY,Active,ENGLAND,False,07K,T6Y0W,,full,1
D83004,FELIXSTOWE ROAD MEDICAL PRACTICE,Active,ENGLAND,False,06L,T6Y0W,,full,1
D83005,ANGEL HILL SURGERY,Active,ENGLAND,False,07K,T6Y0W,,full,1
D83006,BILDESTON HEALTH CENTRE,Active,ENGLAND,False,06L,T6Y0W,,full,1
D83007,IXWORTH SURGERY,Active,ENGLAND,False,07K,T6Y0W,,full,1
D83008,BURLINGTON PRIMARY CARE,Active,ENGLAND,False,06L,T6Y0W,,full,1
D83009,BECCLES MEDICAL CENTRE,Active,ENGLAND,False,26A,T6Y0W,,full,1
D83010,LONGSHORE SURGERIES,Active,ENGLAND,False,26A,T6Y0W,,full,1
D83011,BRIDGE ROAD SURGERY,Active,ENGLAND,False,26A,T6Y0W,,full,1
D83012,UNITY HEALTHCARE,Active,ENGLAND,False,07K,T6Y0W,,full,1
D83013,THE GUILDHALL AND BARROW SURGERY,Active,ENGLAND,False,07K,T6Y0W,,full,1
D83014,THE LONG MELFORD PRACTICE,Inactive,ENGLAND,False,07K,T6Y0W,,full,1
D83015,HOWARD HOUSE SURGERY,Active,ENGLAND,False,06L,T6Y0W,,full,1
D83016,VICTORIA ROAD SURGERY,Active,ENGLAND,False,26A,T6Y0W,,full,1
D83017,NEEDHAM MARKET COUNTRY PRACTICE,Active,ENGLAND,False,06L,T6Y0W,,full,1
D83018,MARKET CROSS SURGERY,Active,ENGLAND,False,07K,T6Y0W,,full,1
D83019,MENDLESHAM MEDICAL GROUP,Active,ENGLAND,False,06L,T6Y0W,,full,1
D83020,THE HOLBROOK AND SHOTLEY PRACTICE,Active,ENGLAND,False,06L,T6Y0W,,full,1
D83021,HAVERHILL FAMILY PRACTICE,Active,ENGLAND,False,07K,T6Y0W,,full,1
D83022,SOLE BAY H/C,Active,ENGLAND,False,26A,T6Y0W,,full,1
D83023,HIGH STREET SURGERY,Active,ENGLAND,False,26A,T6Y0W,,full,1
D83024,IVRY STREET MEDICAL PRACTICE,Active,ENGLAND,False,06L,T6Y0W,,full,1
D83026,FRAMLINGHAM SURGERY,Active,ENGLAND,False,06L,T6Y0W,,full,1
D83027,ORCHARD HOUSE SURGERY,Active,ENGLAND,False,07K,T6Y0W,,full,1
D83028,LEISTON SURGERY,Active,ENGLAND,False,06L,T6Y0W,,full,1
D83029,THE ROOKERY MEDICAL CENTRE,Active,ENGLAND,False,07K,T6Y0W,,full,1
D83030,KIRKLEY MILL HEALTH CENTRE,Active,ENGLAND,False,26A,T6Y0W,,full,1
D83033,BOTESDALE HEALTH CENTRE,Active,ENGLAND,False,07K,T6Y0W,,full,1
D83034,BUNGAY MEDICAL CENTRE,Active,ENGLAND,False,26A,T6Y0W,,full,1
D83035,CUTLERS HILL SURGERY,Active,ENGLAND,False,26A,T6Y0W,,full,1
D83036,CHURCH FARM SURGERY,Inactive,ENGLAND,False,06L,T6Y0W,,full,1
D83037,HADLEIGH HEALTH CENTRE,Active,ENGLAND,False,06L,T6Y0W,,full,1
D83038,MOUNT FARM SURGERY,Active,ENGLAND,False,07K,T6Y0W,,full,1
D83039,THE CHESTERFIELD DRIVE PRACTICE,Inactive,ENGLAND,False,06L,T6Y0W,,full,1
D83040,VICTORIA SURGERY,Active,ENGLAND,False,07K,T6Y0W,,full,1
D83041,DEBENHAM GROUP PRACTICE,Active,ENGLAND,False,06L,T6Y0W,,full,1
D83043,EYE HEALTH CENTRE,Active,ENGLAND,False,06L,T6Y0W,,full,1
D83044,STOWHEALTH,Active,ENGLAND,False,06L,T6Y0W,,full,1
D83045,LAKENHEATH SURGERY,Active,ENGLAND,False,07K,T6Y0W,,full,1
D83046,TWO RIVERS MEDICAL CENTRE,Active,ENGLAND,False,06L,T6Y0W,,full,1
D83047,ROSEDALE SURGERY,Active,ENGLAND,False,26A,T6Y0W,,full,1
D83048,GROVE MEDICAL CENTRE,Active,ENGLAND,False,06L,T6Y0W,,full,1
D83049,LITTLE ST JOHN STREET SURGERY,Active,ENGLAND,False,06L,T6Y0W,,full,1
D83050,CARDINAL MEDICAL PRACTICE,Active,ENGLAND,False,06L,T6Y0W,,full,1
D83051,THE DERBY ROAD PRACTICE,Active,ENGLAND,False,06L,T6Y0W,,full,1
D83052,LATTICE BARN SURGERY,Inactive,ENGLAND,False,06L,T6Y0W,,archive,1
D83053,SAXMUNDHAM HEALTH CENTRE,Active,ENGLAND,False,06L,T6Y0W,,full,1
D83054,THE PENINSULA PRACTICE,Active,ENGLAND,False,06L,T6Y0W,,full,1
D83055,WOOLPIT HEALTH CENTRE,Active,ENGLAND,False,07K,T6Y0W,,full,1
D83056,HAWTHORN DRIVE SURGERY,Active,ENGLAND,False,06L,T6Y0W,,full,1
D83057,FRAMFIELD HOUSE SURGERY,Active,ENGLAND,False,06L,T6Y0W,,full,1
D83058,THE NORWICH ROAD SURGERY,Inactive,ENGLAND,False,06L,T6Y0W,,full,1
D83059,BARRACK LANE MEDICAL CENTRE,Active,ENGLAND,False,06L,T6Y0W,,full,1
D83060,HARDWICKE HOUSE GROUP PRACTICE,Active,ENGLAND,False,07K,T6Y0W,,full,1
D83061,WICKHAM MARKET MEDICAL CENTRE,Active,ENGLAND,False,06L,T6Y0W,,full,1
D83062,FOREST SURGERY,Active,ENGLAND,False,07K,T6Y0W,,full,1
D83064,GLEMSFORD SURGERY,Active,ENGLAND,False,07K,T6Y0W,,full,1
D83067,OAKFIELD SURGERY,Active,ENGLAND,False,07K,T6Y0W,,full,1
D83069,FRESSINGFIELD MEDICAL CENTRE,Active,ENGLAND,False,06L,T6Y0W,,full,1
D83070,STANTON SURGERY,Active,ENGLAND,False,07K,T6Y0W,,full,1
D83071,MARINE PARADE SURGERY,Inactive,ENGLAND,False,06M,,,archive,1
D83073,DR SOLWAY AND DR ROY PRACTICE,Active,ENGLAND,False,06L,T6Y0W,,full,1
D83074,ORCHARD MEDICAL PRACTICE,Active,ENGLAND,False,06L,T6Y0W,,full,1
D83075,SIAM SURGERY,Active,ENGLAND,False,07K,T6Y0W,,full,1
D83076,CLARE GUILDHALL SURGERY,Active,ENGLAND,False,07K,T6Y0W,,full,1
D83078,THE REYNARD SURGERY,Active,ENGLAND,False,07K,T6Y0W,,full,2
D83079,COMBS FORD SURGERY,Active,ENGLAND,False,06L,T6Y0W,,full,1
D83080,MARTLESHAM SURGERY,Active,ENGLAND,False,06L,T6Y0W,,full,1
D83081,HAVEN HEALTH,Active,ENGLAND,False,06L,T6Y0W,,full,1
D83082,WALTON SURGERY,Inactive,ENGLAND,False,06L,T6Y0W,,full,1
D83084,EMBRACE MEDICAL CENTRE,Active,ENGLAND,False,06L,T6Y0W,,full,1
D83608,ANDAMAN SURGERY,Active,ENGLAND,False,26A,T6Y0W,,full,1
D83610,SWAN SURGERY,Active,ENGLAND,False,07K,T6Y0W,,full,1
D83614,LANDSEER ROAD SURGERY,Inactive,ENGLAND,False,,,,archive,1
D83615,THE BARHAM & CLAYDON SURGERY,Inactive,ENGLAND,False,06L,T6Y0W,,full,1
D83618,STOURVIEW MEDICAL CENTRE,Inactive,ENGLAND,False,07K,T6Y0W,,archive,1
D83619,WESTWOOD SURGERY,Inactive,ENGLAND,False,06M,,,full,1
E81001,DR I SALEH'S PRACTICE,Inactive,ENGLAND,False,M1J4Y,S1Y5D,,full,1
E81002,GREENSAND SURGERY (AMPTHILL),Active,ENGLAND,False,M1J4Y,S1Y5D,,full,1
E81003,DR JL HENDERSON & PARTNERS,Active,ENGLAND,False,M1J4Y,S1Y5D,,full,1
E81004,SALISBURY HOUSE SURGERY,Active,ENGLAND,False,M1J4Y,S1Y5D,,full,1
E81005,BELL HOUSE MEDICAL CENTRE,Active,ENGLAND,False,M1J4Y,S1Y5D,,full,1
E81006,STOPSLEY VILLAGE PRACTICE,Active,ENGLAND,False,M1J4Y,S1Y5D,,full,1
E81007,HARROLD MEDICAL PRACTICE,Active,ENGLAND,False,M1J4Y,S1Y5D,,full,1
E81008,WHEATFIELD SURGERY,Active,ENGLAND,False,M1J4Y,S1Y5D,,full,1
E81009,WEST STREET SURGERY,Active,ENGLAND,False,M1J4Y,S1Y5D,,full,1
E81010,DR WHM MATTA'S PRACTICE,Active,ENGLAND,False,M1J4Y,S1Y5D,,full,1
E81011,GOLDINGTON MEDICAL PRACTICE,Inactive,ENGLAND,False,06F,QHG,,full,1
E81012,GREENSANDS (POTTON),Active,ENGLAND,False,M1J4Y,S1Y5D,,full,1
E81013,CASTLE MEDICAL GROUP PRACTICE,Active,ENGLAND,False,M1J4Y,S1Y5D,,full,1
E81014,PRIORY GARDENS SURGERY,Active,ENGLAND,False,M1J4Y,S1Y5D,,full,1
E81015,FLITWICK SURGERY,Active,ENGLAND,False,M1J4Y,S1Y5D,,full,1
E81016,LISTER HOUSE SURGERY,Active,ENGLAND,False,M1J4Y,S1Y5D,,full,1
E81017,PEMBERLEY SURGERY,Inactive,ENGLAND,False,06F,QHG,,full,1
E81018,WOODLAND AVENUE PRACTICE,Active,ENGLAND,False,M1J4Y,S1Y5D,,full,1
E81019,LONDON ROAD HEALTH CENTRE,Active,ENGLAND,False,M1J4Y,S1Y5D,,full,1
E81020,LANSDOWNE ROAD SURGERY,Inactive,ENGLAND,False,06F,QHG,,full,1
E81021,QUEENS PARK HEALTH CENTRE,Active,ENGLAND,False,M1J4Y,S1Y5D,,full,1
E81022,LARKSFIELD AND ARLESEY MEDICAL PRACTICE,Active,ENGLAND,False,M1J4Y,S1Y5D,,full,1
E81023,CATER STREET SURGERY,Inactive,ENGLAND,False,M1J4Y,S1Y5D,,full,1
E81024,SHARNBROOK SURGERY,Active,ENGLAND,False,M1J4Y,S1Y5D,,full,1
E81025,THE OAKLEY SURGERY,Active,ENGLAND,False,M1J4Y,S1Y5D,,full,1
E81026,LARKSIDE PRACTICE,Active,ENGLAND,False,M1J4Y,S1Y5D,,full,1
E81027,HOUGHTON REGIS MEDICAL CENTRE,Active,ENGLAND,False,M1J4Y,S1Y5D,,full,1
E81028,THE BLENHEIM MEDICAL CENTRE,Active,ENGLAND,False,M1J4Y,S1Y5D,,full,1
E81029,PUTNOE MEDICAL CENTRE PARTNERSHIP,Active,ENGLAND,False,M1J4Y,S1Y5D,,full,1
E81030,CAULDWELL MEDICAL CENTRE,Active,ENGLAND,False,M1J4Y,S1Y5D,,full,1
E81031,GREAT BARFORD SURGERY,Active,ENGLAND,False,M1J4Y,S1Y5D,,full,1
E81032,LEA VALE MEDICAL PRACTICE,Active,ENGLAND,False,M1J4Y,S1Y5D,,full,1
E81033,SHEFFORD HEALTH CENTRE,Active,ENGLAND,False,M1J4Y,S1Y5D,,full,1
E81034,TODDINGTON MEDICAL CENTRE,Active,ENGLAND,False,M1J4Y,S1Y5D,,full,1
E81035,SANDY HEALTH CENTRE,Active,ENGLAND,False,M1J4Y,S1Y5D,,full,1
E81036,IVEL MEDICAL CENTRE,Active,ENGLAND,False,M1J4Y,S1Y5D,,full,1
E81037,THE DE PARYS GROUP,Active,ENGLAND,False,M1J4Y,S1Y5D,,full,1
E81038,KING STREET SURGERY,Active,ENGLAND,False,M1J4Y,S1Y5D,,full,1
E81040,SUNDON MEDICAL CENTRE,Active,ENGLAND,False,M1J4Y,S1Y5D,,full,1
E81041,GARDENIA PRACTICE,Active,ENGLAND,False,M1J4Y,S1Y5D,,full,1
E81043,MARSTON FOREST HEALTHCARE,Active,ENGLAND,False,M1J4Y,S1Y5D,,full,1
E81044,LEIGHTON ROAD SURGERY,Active,ENGLAND,False,M1J4Y,S1Y5D,,full,1
E81045,KINGSBURY COURT SURGERY,Active,ENGLAND,False,M1J4Y,S1Y5D,,full,1
E81046,DR A SULAKSHANA & PARTNERS,Active,ENGLAND,False,M1J4Y,S1Y5D,,full,1
E81047,GOLDINGTON AVENUE SURGERY,Active,ENGLAND,False,M1J4Y,S1Y5D,,full,1
E81048,BUTE HOUSE MEDICAL CENTRE,Active,ENGLAND,False,M1J4Y,S1Y5D,,full,1
E81049,PRIORY MEDICAL CENTRE,Active,ENGLAND,False,M1J4Y,S1Y5D,,full,1
E81050,ASPLANDS MEDICAL CENTRE,Active,ENGLAND,False,M1J4Y,S1Y5D,,full,1
E81052,KIRBY ROAD SURGERY,Active,ENGLAND,False,M1J4Y,S1Y5D,,full,1
E81054,SUNDON PARK HEALTH CENTRE,Inactive,ENGLAND,False,06P,QHG,,full,1
E81056,ST. JOHN'S STREET SURGERY,Inactive,ENGLAND,False,M1J4Y,S1Y5D,,full,1
E81057,SAFFRON HEALTH PARTNERSHIP,Active,ENGLAND,False,M1J4Y,S1Y5D,,full,1
E81058,DR MA JABBAR'S PRACTICE,Inactive,ENGLAND,False,,,,archive,1
E81059,SHANNON COURT SURGERY,Inactive,ENGLAND,False,06F,QHG,,full,1
E81060,LINDEN ROAD SURGERY,Active,ENGLAND,False,M1J4Y,S1Y5D,,full,1
E81061,DR CARRAGHER AND NEAL AND AKHTAR,Active,ENGLAND,False,M1J4Y,S1Y5D,,full,1
E81062,CLAPHAM ROAD SURGERY,Inactive,ENGLAND,False,06F,QHG,,full,1
E81063,CONWAY MEDICAL CENTRE,Active,ENGLAND,False,M1J4Y,S1Y5D,,full,1
E81064,BRAMINGHAM PARK MEDICAL CENTRE,Inactive,ENGLAND,False,M1J4Y,S1Y5D,,full,1
E81065,MEDINA MEDICAL CENTRE,Inactive,ENGLAND,False,M1J4Y,S1Y5D,,full,1
E81069,CADDINGTON SURGERY,Active,ENGLAND,False,M1J4Y,S1Y5D,,full,1
E81072,GROVEBURY ROAD SURGERY,Inactive,ENGLAND,False,06F,QHG,,full,1
E81073,THE MEDICI MEDICAL PRACTICE,Active,ENGLAND,False,M1J4Y,S1Y5D,,full,1
E81074,HOUGHTON CLOSE SURGERY,Active,ENGLAND,False,M1J4Y,S1Y5D,,full,1
E81075,KINGFISHER PRACTICE,Inactive,ENGLAND,False,06P,QHG,,full,1
E81076,DR DV SHAH'S PRACTICE,Active,ENGLAND,False,M1J4Y,S1Y5D,,full,1
E81077,OLIVER STREET SURGERY,Inactive,ENGLAND,False,M1J4Y,S1Y5D,,full,1
E81604,GROUND FLOOR BUTE HOUSE MC,Inactive,ENGLAND,False,,,,archive,1
E81611,ROTHSAY SURGERY,Inactive,ENGLAND,False,M1J4Y,S1Y5D,,full,1
E81612,DRS MIRZA SUKHANI & PARTNERS,Active,ENGLAND,False,M1J4Y,S1Y5D,,full,1
E81615,ASHBURNHAM ROAD SURGERY,Active,ENGLAND,False,M1J4Y,S1Y5D,,full,1
E81617,DR PS BATH'S PRACTICE,Active,ENGLAND,False,M1J4Y,S1Y5D,,full,1
E81618,DR MQ HODA'S PRACTICE,Inactive,ENGLAND,False,06P,QHG,,archive,1
E81623,DR KD SHAH'S PRACTICE,Inactive,ENGLAND,False,,,,archive,1
E81626,PHOENIX PRIMARY CARE LTD,Inactive,ENGLAND,False,06F,QHG,,full,1
E81631,MALZEARD ROAD PRACTICE,Active,ENGLAND,False,M1J4Y,S1Y5D,,full,1
E81632,BARTON HILLS MEDICAL GROUP,Active,ENGLAND,False,M1J4Y,S1Y5D,,full,1
E81633,NEVILLE ROAD SURGERY,Active,ENGLAND,False,M1J4Y,S1Y5D,,full,1
E81635,EASTGATE SURGERY,Active,ENGLAND,False,M1J4Y,S1Y5D,,full,1
E81636,CHILTERN HILLS PRACTICE,Inactive,ENGLAND,False,06F,QHG,,full,1
E82001,ROTHSCHILD HOUSE GROUP,Active,ENGLAND,False,06N,S1Y5D,,full,1
E82002,WRAFTON HOUSE SURGERY,Active,ENGLAND,False,06K,S1Y5D,,full,1
E82004,HATFIELD ROAD SURGERY,Active,ENGLAND,False,06N,S1Y5D,,full,1
E82005,STANMORE MEDICAL GROUP,Active,ENGLAND,False,06K,S1Y5D,,full,1
E82006,THE LIMES SURGERY,Active,ENGLAND,False,06K,S1Y5D,,full,1
E82007,HANSCOMBE HOUSE SURGERY,Active,ENGLAND,False,06K,S1Y5D,,full,1
E82008,THE NEVELLS ROAD SURGERY,Active,ENGLAND,False,06K,S1Y5D,,full,1
E82009,LINCOLN HOUSE SURGERY,Active,ENGLAND,False,06N,S1Y5D,,full,1
E82011,BARLEY SURGERY,Inactive,ENGLAND,False,06H,S1Y5D,,full,1
E82012,FAIRBROOK MEDICAL CENTRE,Active,ENGLAND,False,06N,S1Y5D,,full,1
E82013,BRIDGEWATER SURGERIES,Active,ENGLAND,False,06N,S1Y5D,,full,1
E82014,"LODGE,HIGHFIELD & REDBOURN",Active,ENGLAND,False,06N,S1Y5D,,full,1
E82015,SUTHERGREY HOUSE MEDICAL CENTRE,Active,ENGLAND,False,06N,S1Y5D,,full,1
E82017,GARSTON MEDICAL CENTRE,Active,ENGLAND,False,06N,S1Y5D,,full,1
E82018,LISTER HOUSE SURGERY,Active,ENGLAND,False,06K,S1Y5D,,full,1
E82019,BRIDGE COTTAGE SURGERY,Active,ENGLAND,False,06K,S1Y5D,,full,1
E82020,CONSULTING ROOMS,Active,ENGLAND,False,06N,S1Y5D,,full,1
E82021,MUCH HADHAM HEALTH CENTRE,Active,ENGLAND,False,06K,S1Y5D,,full,1
E82022,FERNVILLE SURGERY,Active,ENGLAND,False,06N,S1Y5D,,full,1
E82023,BURVILL HOUSE SURGERY,Active,ENGLAND,False,06K,S1Y5D,,full,1
E82024,LEA WHARF MEDICAL,Active,ENGLAND,False,06K,S1Y5D,,full,1
E82025,PARK END SURGERY,Inactive,ENGLAND,False,06N,S1Y5D,,full,1
E82027,PARKFIELD MEDICAL CENTRE,Active,ENGLAND,False,06N,S1Y5D,,full,1
E82028,BERKHAMSTED GROUP PRACTICE,Inactive,ENGLAND,False,06N,S1Y5D,,full,1
E82031,MALTINGS SURGERY,Active,ENGLAND,False,06N,S1Y5D,,full,1
E82032,BENNETTS END SURGERY,Active,ENGLAND,False,06N,S1Y5D,,full,1
E82034,TUDOR SURGERY,Inactive,ENGLAND,False,06N,S1Y5D,,full,1
E82035,KNEBWORTH & MARYMEAD PRACTICE,Active,ENGLAND,False,06K,S1Y5D,,full,1
E82037,VILLAGE SURGERY,Active,ENGLAND,False,06N,S1Y5D,,full,1
E82038,THE BUNTINGFORD & PUCKERIDGE MED PRAC.,Active,ENGLAND,False,06K,S1Y5D,,full,1
E82039,ST.NICHOLAS HEALTH CENTRE,Inactive,ENGLAND,False,06K,S1Y5D,,full,1
E82040,PEARTREE LANE SURGERY,Active,ENGLAND,False,06K,S1Y5D,,full,1
E82041,THE GARDEN CITY PRACTICE,Active,ENGLAND,False,06K,S1Y5D,,full,1
E82042,ABBEY ROAD SURGERY,Active,ENGLAND,False,06K,S1Y5D,,full,1
E82043,SCHOPWICK SURGERY,Active,ENGLAND,False,06N,S1Y5D,,full,1
E82044,THE PORTMILL SURGERY,Active,ENGLAND,False,06K,S1Y5D,,full,1
E82045,WATFORD HEALTH CENTRE,Active,ENGLAND,False,06N,S1Y5D,,full,1
E82046,VINE HOUSE HEALTH CENTRE,Active,ENGLAND,False,06N,S1Y5D,,full,1
E82048,THEOBALD MEDICAL CENTRE,Inactive,ENGLAND,False,06N,S1Y5D,,full,1
E82049,BALDWINS LANE SURGERY,Inactive,ENGLAND,False,06N,S1Y5D,,full,1
E82050,GROVE HILL MEDICAL CENTRE,Active,ENGLAND,False,06N,S1Y5D,,full,1
E82051,EVEREST HOUSE SURGERY,Active,ENGLAND,False,06N,S1Y5D,,full,1
E82053,BANCROFT MEDICAL CENTRE,Active,ENGLAND,False,06K,S1Y5D,,full,1
E82054,CALLOWLAND SURGERY,Inactive,ENGLAND,False,06N,S1Y5D,,full,1
E82055,MIDWAY SURGERY,Active,ENGLAND,False,06N,S1Y5D,,full,1
E82056,SHEPHALL HEALTH CENTRE,Active,ENGLAND,False,06K,S1Y5D,,full,1
E82057,WARE ROAD SURGERY,Inactive,ENGLAND,False,06K,S1Y5D,,full,1
E82058,POTTERELLS MEDICAL CENTRE,Active,ENGLAND,False,06K,S1Y5D,,full,1
E82059,GRANGE STREET SURGERY,Active,ENGLAND,False,06N,S1Y5D,,full,1
E82060,PARKBURY HOUSE SURGERY,Active,ENGLAND,False,06N,S1Y5D,,full,1
E82061,AMWELL SURGERY,Active,ENGLAND,False,06K,S1Y5D,,full,1
E82062,HALL GROVE GROUP PRACTICE,Active,ENGLAND,False,06K,S1Y5D,,full,1
E82063,THE MAPLES,Active,ENGLAND,False,06K,S1Y5D,,full,1
E82064,CHORLEYWOOD HEALTH CENTRE,Active,ENGLAND,False,06N,S1Y5D,,full,1
E82066,HAVERFIELD SURGERY,Active,ENGLAND,False,06N,S1Y5D,,full,1
E82067,CHURCH STREET PARTNERSHIP,Active,ENGLAND,False,06K,S1Y5D,,full,1
E82068,GADE AND CHORLEYWOOD HEALTH CENTRES,Active,ENGLAND,False,06N,S1Y5D,,full,1
E82069,THE ELMS SURGERY,Active,ENGLAND,False,06N,S1Y5D,,full,1
E82070,WOODHALL FARM MEDICAL CTR,Active,ENGLAND,False,06N,S1Y5D,,full,1
E82071,ELMS MEDICAL PRACTICE,Active,ENGLAND,False,06N,S1Y5D,,full,1
E82072,THE HEALTH CENTRE PRACTICE,Inactive,ENGLAND,False,06H,S1Y5D,,full,1
E82073,MANOR VIEW PRACTICE,Active,ENGLAND,False,06N,S1Y5D,,full,1
E82074,SOUTH STREET SURGERY,Active,ENGLAND,False,06K,S1Y5D,,full,1
E82075,REGAL CHAMBERS SURGERY,Active,ENGLAND,False,06K,S1Y5D,,full,1
E82076,BOXWELL ROAD SURGERY,Inactive,ENGLAND,False,06N,S1Y5D,,full,1
E82077,DAVENPORT HOUSE SURGERY,Active,ENGLAND,False,06N,S1Y5D,,full,1
E82078,HIGHVIEW MEDICAL CENTRE,Active,ENGLAND,False,06N,S1Y5D,,full,1
E82079,CROMWELL MEDICAL CENTRE,Active,ENGLAND,False,06K,S1Y5D,,full,1
E82080,ORFORD LODGE,Inactive,ENGLAND,False,06K,S1Y5D,,full,1
E82081,CUFFLEY AND GOFFS OAK MEDICAL PRACTICE,Active,ENGLAND,False,06K,S1Y5D,,full,1
E82082,THE BIRCHWOOD AND SOLLERSHOTT SURGERIES,Active,ENGLAND,False,06K,S1Y5D,,full,1
E82083,THE COLNE PRACTICE,Active,ENGLAND,False,06N,S1Y5D,,full,1
E82084,HARVEY GROUP PRACTICE,Active,ENGLAND,False,06N,S1Y5D,,full,1
E82085,THE RED HOUSE GROUP,Active,ENGLAND,False,06N,S1Y5D,,full,1
E82086,KING GEORGE & MANOR HOUSE SURGERIES,Active,ENGLAND,False,06K,S1Y5D,,full,1
E82088,HAILEY VIEW SURGERY,Active,ENGLAND,False,06K,S1Y5D,,full,1
E82089,CHELLS SURGERY,Inactive,ENGLAND,False,06K,S1Y5D,,full,1
E82090,PARK LANE SURGERY,Active,ENGLAND,False,06K,S1Y5D,,full,1
E82091,PARKWOOD SURGERY,Active,ENGLAND,False,06N,S1Y5D,,full,1
E82092,DOLPHIN HOUSE SURGERY,Active,ENGLAND,False,06K,S1Y5D,,full,1
E82093,BEDWELL MEDICAL CENTRE,Active,ENGLAND,False,06K,S1Y5D,,full,1
E82094,THE MANOR STREET SURGERY,Active,ENGLAND,False,06N,S1Y5D,,full,1
E82095,REDBOURN HC MEDICAL PRACTICE,Inactive,ENGLAND,False,06N,S1Y5D,,full,1
E82096,SHEEPCOT MEDICAL CENTRE,Active,ENGLAND,False,06N,S1Y5D,,full,1
E82098,ANNANDALE MEDICAL CENTRE,Active,ENGLAND,False,06N,S1Y5D,,full,1
E82099,THE BALDOCK SURGERY,Active,ENGLAND,False,06K,S1Y5D,,full,1
E82100,CENTRAL SURGERY,Active,ENGLAND,False,06K,S1Y5D,,full,1
E82102,NEW RIVER HEALTH,Active,ENGLAND,False,06K,S1Y5D,,full,1
E82104,THE SOLLERSHOTT SURGERY,Inactive,ENGLAND,False,06K,S1Y5D,,full,1
E82105,ABBOTSWOOD MEDICAL CENTRE,Active,ENGLAND,False,06N,S1Y5D,,full,1
E82106,NEW ROAD SURGERY,Active,ENGLAND,False,06N,S1Y5D,,full,1
E82107,SUMMERFIELD HEALTH CENTRE,Active,ENGLAND,False,06N,S1Y5D,,full,1
E82109,CASTLEGATE SURGERY,Inactive,ENGLAND,False,06K,S1Y5D,,full,1
E82111,THE SYMONDS GREEN HEALTH CENTRE,Active,ENGLAND,False,06K,S1Y5D,,full,1
E82113,VERULAM MEDICAL GROUP,Active,ENGLAND,False,06N,S1Y5D,,full,1
E82115,STOCKWELL LODGE MED.CTR.,Active,ENGLAND,False,06K,S1Y5D,,full,1
E82117,THE GROVE MEDICAL CENTRE,Active,ENGLAND,False,06N,S1Y5D,,full,1
E82121,WATTON PLACE CLINIC,Active,ENGLAND,False,06K,S1Y5D,,full,1
E82123,WARDEN LODGE MEDICAL PRACTICE,Active,ENGLAND,False,06K,S1Y5D,,full,1
E82124,ATTENBOROUGH SURGERY,Active,ENGLAND,False,06N,S1Y5D,,full,1
E82126,ORCHARD SURGERY,Inactive,ENGLAND,False,06K,S1Y5D,,full,1
E82129,KINGS LANGLEY SURGERY,Active,ENGLAND,False,06N,S1Y5D,,full,1
E82130,THE MEDICAL CENTRE BUNTINGFORD,Inactive,ENGLAND,False,06K,S1Y5D,,full,1
E82131,THE NEW SURGERY,Inactive,ENGLAND,False,06N,S1Y5D,,full,1
E82132,ROYSIA SURGERY,Active,ENGLAND,False,06H,S1Y5D,,full,1
E82133,HIGH STREET SURGERY,Active,ENGLAND,False,06K,S1Y5D,,full,1
E82603,CASSIO SURGERY,Inactive,ENGLAND,False,06N,S1Y5D,,full,1
E82613,CASSIO SURGERY - E82613,Inactive,ENGLAND,False,06N,S1Y5D,,full,1
E82620,HAILEYBURY COLLEGE,Inactive,ENGLAND,False,06K,S1Y5D,,full,1
E82624,CANTERBURY WAY SURGERY,Inactive,ENGLAND,False,06K,S1Y5D,,full,1
E82626,WHITWELL SURGERY,Active,ENGLAND,False,06K,S1Y5D,,full,1
E82627,THE MALTINGS SURGERY,Inactive,ENGLAND,False,06K,S1Y5D,,full,1
E82630,CASSIO SURGERY - E82630,Inactive,ENGLAND,False,06N,S1Y5D,,full,1
E82638,STANHOPE SURGERY,Active,ENGLAND,False,06K,S1Y5D,,full,1
E82640,HIGHFIELD SURGERY,Inactive,ENGLAND,False,06N,S1Y5D,,full,1
E82641,MANOR HOUSE SURGERY,Inactive,ENGLAND,False,06K,S1Y5D,,full,1
E82643,ARCHWAY SURGERY,Active,ENGLAND,False,06N,S1Y5D,,full,1
E82644,COLERIDGE HOUSE MEDICAL CENTRE,Inactive,ENGLAND,False,06N,S1Y5D,,full,1
E82652,GOSSOMS END SURGERY,Active,ENGLAND,False,06N,S1Y5D,,full,1
E82653,PRESTWICK ROAD SURGERY,Inactive,ENGLAND,False,06N,S1Y5D,,archive,1
E82654,HELIX MEDICAL CENTRE,Active,ENGLAND,False,06K,S1Y5D,,full,1
E82655,SOUTH OXHEY SURGERY,Active,ENGLAND,False,06N,S1Y5D,,full,1
E82656,CASSIO SURGERY - E82656,Inactive,ENGLAND,False,06N,S1Y5D,,full,1
E82657,LITTLE BUSHEY SURGERY,Active,ENGLAND,False,06N,S1Y5D,,full,1
E82658,HOLYWELL SURGERY,Inactive,ENGLAND,False,06N,S1Y5D,,full,1
E82661,THE GARDEN CITY SURGERY,Active,ENGLAND,False,06K,S1Y5D,,full,1
E82663,MARKYATE SURGERY,Inactive,ENGLAND,False,06N,S1Y5D,,full,1
E83003,OAKLEIGH ROAD HEALTH CENTRE,Active,ENGLAND,False,93C,Z9B2Z,London,full,1
E83005,LICHFIELD GROVE SURGERY,Active,ENGLAND,False,93C,Z9B2Z,London,full,1
E83006,GREENFIELD MEDICAL CENTRE,Active,ENGLAND,False,93C,Z9B2Z,London,full,1
E83007,SQUIRES LANE MEDICAL PRACTICE,Active,ENGLAND,False,93C,Z9B2Z,London,full,1
E83008,HEATHFIELDE MEDICAL CENTRE,Active,ENGLAND,False,93C,Z9B2Z,London,full,1
E83009,PHGH DOCTORS,Active,ENGLAND,False,93C,Z9B2Z,London,full,1
E83010,THE SPEEDWELL PRACTICE,Active,ENGLAND,False,93C,Z9B2Z,London,full,1
E83011,THE EVERGLADE MEDICAL PRACTICE,Active,ENGLAND,False,93C,Z9B2Z,London,full,1
E83012,THE OLD COURT HOUSE SURGERY,Active,ENGLAND,False,93C,Z9B2Z,London,full,1
E83013,CORNWALL HOUSE SURGERY,Active,ENGLAND,False,93C,Z9B2Z,London,full,1
E83016,MILLWAY MEDICAL PRACTICE,Active,ENGLAND,False,93C,Z9B2Z,London,full,1
E83017,LONGROVE SURGERY,Active,ENGLAND,False,93C,Z9B2Z,London,full,1
E83018,WATLING MEDICAL CENTRE,Active,ENGLAND,False,93C,Z9B2Z,London,full,1
E83020,ST. GEORGES MEDICAL CENTRE,Active,ENGLAND,False,93C,Z9B2Z,London,full,1
E83021,TORRINGTON PARK GROUP PRACTICE,Active,ENGLAND,False,93C,Z9B2Z,London,full,1
E83024,ST ANDREWS MEDICAL PRACTICE.,Active,ENGLAND,False,93C,Z9B2Z,London,full,1
E83025,PENNINE DRIVE PRACTICE,Active,ENGLAND,False,93C,Z9B2Z,London,full,1
E83026,SUPREME MEDICAL CENTRE,Active,ENGLAND,False,93C,Z9B2Z,London,full,1
E83027,THE PRACTICE AT 188,Active,ENGLAND,False,93C,Z9B2Z,London,full,1
E83028,PARKVIEW SURGERY,Active,ENGLAND,False,93C,Z9B2Z,London,full,1
E83030,PENSHURST GARDENS SURGERY,Active,ENGLAND,False,93C,Z9B2Z,London,full,1
E83031,THE VILLAGE SURGERY,Active,ENGLAND,False,93C,Z9B2Z,London,full,1
E83032,OAK LODGE MEDICAL CENTRE,Active,ENGLAND,False,93C,Z9B2Z,London,full,1
E83034,COLNEY HATCH LANE SURGERY,Active,ENGLAND,False,93C,Z9B2Z,London,full,1
E83035,WENTWORTH GROUP PRACTICE - FINCHLEY,Active,ENGLAND,False,93C,Z9B2Z,London,full,1
E83036,VALE DRIVE MEDICAL PRACTICE,Inactive,ENGLAND,False,93C,Z9B2Z,London,full,1
E83037,DERWENT CRESCENT MEDICAL CENTRE,Inactive,ENGLAND,False,93C,Z9B2Z,London,full,1
E83038,JAI MEDICAL CENTRE,Active,ENGLAND,False,93C,Z9B2Z,London,full,1
E83039,RAVENSCROFT MEDICAL CENTRE,Active,ENGLAND,False,93C,Z9B2Z,London,full,1
E83040,THE FINCHLEY PRACTICE,Inactive,ENGLAND,False,,,,archive,1
E83041,WAKEMANS HILL SURGERY,Active,ENGLAND,False,93C,Z9B2Z,London,full,1
E83042,DR MAKANJUOLA'S SURGERY,Inactive,ENGLAND,False,07M,,,full,1
E83044,ADDINGTON MEDICAL CENTRE,Active,ENGLAND,False,93C,Z9B2Z,London,full,1
E83045,FRIERN BARNET MEDICAL CENTRE,Active,ENGLAND,False,93C,Z9B2Z,London,full,1
E83046,MULBERRY MEDICAL PRACTICE,Active,ENGLAND,False,93C,Z9B2Z,London,full,1
E83049,LANGSTONE WAY SURGERY,Active,ENGLAND,False,93C,Z9B2Z,London,full,1
E83050,EAST FINCHLEY MEDICAL CENTRE,Active,ENGLAND,False,93C,Z9B2Z,London,full,1
E83053,LANE END MEDICAL GROUP,Active,ENGLAND,False,93C,Z9B2Z,London,full,1
E83600,DRS ADLER AND ROSENBERG,Active,ENGLAND,False,93C,Z9B2Z,London,full,1
E83613,EAST BARNET HEALTH CENTRE,Active,ENGLAND,False,93C,Z9B2Z,London,full,1
E83621,BRUNSWICK PARK MEDICAL PRACTICE,Active,ENGLAND,False,93C,Z9B2Z,London,full,1
E83622,TEMPLE FORTUNE MEDICAL GROUP,Active,ENGLAND,False,93C,Z9B2Z,London,full,1
E83624,STATION ROAD NEW BARNET SURGERY,Inactive,ENGLAND,False,93C,Z9B2Z,London,full,1
E83629,EBHC DR P WESTON,Inactive,ENGLAND,False,93C,Z9B2Z,London,full,1
E83631,CHERRY TREE SURGERY,Inactive,ENGLAND,False,07M,,,full,1
E83632,EBHC DR CJ PESKIN,Inactive,ENGLAND,False,93C,Z9B2Z,London,full,1
E83633,WATFORD WAY CENTRE LIMITED,Inactive,ENGLAND,False,07M,,,full,1
E83637,COLINDALE MEDICAL CENTRE LP,Active,ENGLAND,False,93C,Z9B2Z,London,full,1
E83638,THE MOUNTFIELD SURGERY,Active,ENGLAND,False,93C,Z9B2Z,London,full,1
E83639,ROSEMARY SURGERY,Active,ENGLAND,False,93C,Z9B2Z,London,full,1
E83640,DR V. AZIZ,Inactive,ENGLAND,False,07M,,,archive,1
E83644,BALLARDS LANE SURGERY,Inactive,ENGLAND,False,07M,,,full,1
E83645,OSIDGE MEDICAL PRACTICE,Inactive,ENGLAND,False,07M,,,archive,1
E83649,THE HODFORD ROAD PRACTICE,Active,ENGLAND,False,93C,Z9B2Z,London,full,1
E83650,GLOUCESTER ROAD SURGERY,Inactive,ENGLAND,False,93C,Z9B2Z,London,full,1
E83651,HARRIS M-THE SURGERY,Inactive,ENGLAND,False,07M,,,archive,1
E83652,ROWBURY CA-THE SURGERY,Inactive,ENGLAND,False,07M,,,archive,1
E83653,THE PHOENIX PRACTICE,Active,ENGLAND,False,93C,Z9B2Z,London,full,1
E83654,CRICKLEWOOD BROADWAY SURGERY,Inactive,ENGLAND,False,07P,QRV,North West,full,1
E83656,DR LF MILLER,Inactive,ENGLAND,False,07M,,,full,1
E83657,THE HILLVIEW SURGERY,Inactive,ENGLAND,False,93C,Z9B2Z,London,full,1
E83658,MAKANJI HH-WOODCROFT MEDICAL CENTRE,Inactive,ENGLAND,False,07M,,,full,1
E83659,MOODALEY D-WOODCROFT MEDICAL CENTRE,Inactive,ENGLAND,False,07M,,,archive,1
E83664,HAMID CARETAKING,Inactive,ENGLAND,False,07M,,,archive,1
E83666,HOMELESS ACTION IN BARNET,Active,ENGLAND,False,93C,Z9B2Z,London,full,1
E83668,DR SP TALPAHEWA,Active,ENGLAND,False,93C,Z9B2Z,London,full,1
E84002,FORTY WILLOWS SURGERY,Active,ENGLAND,False,W2U3Z,Z9B2Z,London,full,1
E84003,PREMIER MEDICAL CENTRE,Active,ENGLAND,False,W2U3Z,Z9B2Z,London,full,1
E84004,THE CIRCLE PRACTICE,Active,ENGLAND,False,W2U3Z,Z9B2Z,London,full,1
E84005,KINGS ROAD SURGERY,Active,ENGLAND,False,W2U3Z,Z9B2Z,London,full,1
E84006,THE LAW MEDICAL GROUP PRACTICE,Active,ENGLAND,False,W2U3Z,Z9B2Z,London,full,1
E84007,UXENDON CRESCENT SURGERY,Active,ENGLAND,False,W2U3Z,Z9B2Z,London,full,1
E84008,SIMPSON HOUSE MEDICAL CENTRE,Active,ENGLAND,False,W2U3Z,Z9B2Z,London,full,1
E84009,ENDERLEY ROAD MEDICAL CENTRE,Active,ENGLAND,False,W2U3Z,Z9B2Z,London,full,1
E84011,ST ANDREWS MEDICAL CENTRE,Active,ENGLAND,False,W2U3Z,Z9B2Z,London,full,1
E84012,MAPESBURY MEDICAL GROUP,Active,ENGLAND,False,W2U3Z,Z9B2Z,London,full,1
E84013,CHURCH END MEDICAL CENTRE,Active,ENGLAND,False,W2U3Z,Z9B2Z,London,full,1
E84014,BACON LANE SURGERY,Active,ENGLAND,False,W2U3Z,Z9B2Z,London,full,1
E84015,WILLOW TREE FAMILY DOCTORS,Active,ENGLAND,False,W2U3Z,Z9B2Z,London,full,1
E84017,SUDBURY & ALPERTON MEDICAL CENTRE,Active,ENGLAND,False,W2U3Z,Z9B2Z,London,full,1
E84018,STREATFIELD HEALTH CENTRE,Active,ENGLAND,False,W2U3Z,Z9B2Z,London,full,1
E84019,THE VILLAGE SURGERY,Inactive,ENGLAND,False,,,,archive,1
E84020,JAI MEDICAL CENTRE (BRENT),Active,ENGLAND,False,W2U3Z,Z9B2Z,London,full,1
E84021,THE WILLESDEN MEDICAL CENTRE,Active,ENGLAND,False,W2U3Z,Z9B2Z,London,full,1
E84022,ROXBOURNE MEDICAL CENTRE,Active,ENGLAND,False,W2U3Z,Z9B2Z,London,full,1
E84023,PARK HOUSE MEDICAL CENTRE,Inactive,ENGLAND,False,07P,QRV,North West,full,1
E84024,THE PINN MEDICAL CENTRE,Active,ENGLAND,False,W2U3Z,Z9B2Z,London,full,1
E84025,THE LONSDALE MEDICAL CENTRE,Active,ENGLAND,False,W2U3Z,Z9B2Z,London,full,1
E84026,BUCKINGHAM RD SURGERY,Inactive,ENGLAND,False,07P,QRV,North West,full,1
E84028,THE STONEBRIDGE PRACTICE,Active,ENGLAND,False,W2U3Z,Z9B2Z,London,full,1
E84029,HARNESS HARLESDEN PRACTICE,Inactive,ENGLAND,False,07P,QRV,North West,full,1
E84030,PRESTON HILL SURGERY,Active,ENGLAND,False,W2U3Z,Z9B2Z,London,full,1
E84031,BRENTFIELD MEDICAL CENTRE,Active,ENGLAND,False,W2U3Z,Z9B2Z,London,full,1
E84032,ELLIS PRACTICE,Active,ENGLAND,False,W2U3Z,Z9B2Z,London,full,1
E84033,CHALKHILL FAMILY PRACTICE,Active,ENGLAND,False,W2U3Z,Z9B2Z,London,full,1
E84036,GLADSTONE MEDICAL CENTRE,Active,ENGLAND,False,W2U3Z,Z9B2Z,London,full,1
E84039,HONEYPOT MEDICAL CENTRE,Active,ENGLAND,False,W2U3Z,Z9B2Z,London,full,1
E84040,THE PINNER ROAD SURGERY,Active,ENGLAND,False,W2U3Z,Z9B2Z,London,full,1
E84042,KILBURN PARK MEDICAL CENTRE,Active,ENGLAND,False,W2U3Z,Z9B2Z,London,full,1
E84044,THE NORTHWICK SURGERY,Active,ENGLAND,False,W2U3Z,Z9B2Z,London,full,1
E84048,THE FRYENT WAY SURGERY,Active,ENGLAND,False,W2U3Z,Z9B2Z,London,full,1
E84049,BRAMPTON HEALTH CENTRE,Active,ENGLAND,False,W2U3Z,Z9B2Z,London,full,1
E84051,STANLEY CORNER MEDICAL CENTRE,Active,ENGLAND,False,W2U3Z,Z9B2Z,London,full,1
E84053,HATCH END MEDICAL CENTRE,Active,ENGLAND,False,W2U3Z,Z9B2Z,London,full,1
E84056,THE CLARENCE MEDICAL CENTRE,Inactive,ENGLAND,False,07P,QRV,North West,full,1
E84057,THE STANMORE MEDICAL CENTRE,Active,ENGLAND,False,W2U3Z,Z9B2Z,London,full,1
E84058,GP DIRECT,Active,ENGLAND,False,W2U3Z,Z9B2Z,London,full,1
E84059,THE ALLENDALE ROAD SURGERY,Active,ENGLAND,False,W2U3Z,Z9B2Z,London,full,1
E84061,ELLIOTT HALL MEDICAL CTR.,Active,ENGLAND,False,W2U3Z,Z9B2Z,London,full,1
E84062,THE SHAFTESBURY MEDICAL CENTRE,Active,ENGLAND,False,W2U3Z,Z9B2Z,London,full,1
E84063,LANCELOT MEDICAL CENTRE,Active,ENGLAND,False,W2U3Z,Z9B2Z,London,full,1
E84064,CHARLTON ROAD MEDICAL CENTRE,Inactive,ENGLAND,False,08E,QRV,North West,archive,1
E84066,GP PATHFINDER CLINICS,Active,ENGLAND,False,W2U3Z,Z9B2Z,London,full,1
E84067,CHURCH LANE SURGERY,Active,ENGLAND,False,W2U3Z,Z9B2Z,London,full,1
E84068,THE RIDGEWAY SURGERY,Active,ENGLAND,False,W2U3Z,Z9B2Z,London,full,1
E84069,BELMONT HEALTH CENTRE,Active,ENGLAND,False,W2U3Z,Z9B2Z,London,full,1
E84070,PINNER VIEW MEDICAL CENTRE,Active,ENGLAND,False,W2U3Z,Z9B2Z,London,full,1
E84074,FREUCHEN MEDICAL CENTRE,Active,ENGLAND,False,W2U3Z,Z9B2Z,London,full,1
E84075,MOLLISON WAY SURGERY,Active,ENGLAND,False,W2U3Z,Z9B2Z,London,full,1
E84076,OXGATE GARDENS SURGERY,Active,ENGLAND,False,W2U3Z,Z9B2Z,London,full,1
E84077,THE SHELDON PRACTICE,Inactive,ENGLAND,False,07P,QRV,North West,full,1
E84078,KINGSBURY HEALTH AND WELLBEING,Active,ENGLAND,False,W2U3Z,Z9B2Z,London,full,1
E84079,THE ELMCROFT SURGERY,Inactive,ENGLAND,False,,,,archive,1
E84080,STAVERTON SURGERY,Active,ENGLAND,False,W2U3Z,Z9B2Z,London,full,1
E84083,LANFRANC MEDICAL CENTRE,Active,ENGLAND,False,W2U3Z,Z9B2Z,London,full,1
E84084,THE BEECHCROFT MEDICAL CENTRE,Inactive,ENGLAND,False,07P,QRV,North West,full,1
E84086,WALM LANE SURGERY,Active,ENGLAND,False,W2U3Z,Z9B2Z,London,full,1
E84601,KENTON BRIDGE MEDICAL CENTRE DR GOLDEN,Active,ENGLAND,False,W2U3Z,Z9B2Z,London,full,1
E84617,THE CIVIC MEDICAL CENTRE,Active,ENGLAND,False,W2U3Z,Z9B2Z,London,full,1
E84620,PRESTON ROAD SURGERY,Active,ENGLAND,False,W2U3Z,Z9B2Z,London,full,1
E84624,PARK ROAD SURGERY,Inactive,ENGLAND,False,07P,QRV,North West,full,1
E84626,THE SUNFLOWER MEDICAL CENTRE,Active,ENGLAND,False,W2U3Z,Z9B2Z,London,full,1
E84627,DUKES MEDICAL CENTRE,Inactive,ENGLAND,False,,,,archive,1
E84635,THE SURGERY,Active,ENGLAND,False,W2U3Z,Z9B2Z,London,full,1
E84637,HILLTOP MEDICAL PRACTICE,Active,ENGLAND,False,W2U3Z,Z9B2Z,London,full,1
E84638,ALPERTON MEDICAL CENTRE,Active,ENGLAND,False,W2U3Z,Z9B2Z,London,full,1
E84645,PARK ROYAL MEDICAL PRACTICE,Active,ENGLAND,False,W2U3Z,Z9B2Z,London,full,1
E84646,THE STREATFIELD MEDICAL CENTRE,Active,ENGLAND,False,W2U3Z,Z9B2Z,London,full,1
E84647,KENTON CLINIC,Active,ENGLAND,False,W2U3Z,Z9B2Z,London,full,1
E84649,THE SURGERY BRENT TPCT (WCHC),Inactive,ENGLAND,False,,,,archive,1
E84653,ZAIN MEDICAL CENTRE,Active,ENGLAND,False,W2U3Z,Z9B2Z,London,full,1
E84656,ROUNDWOOD PARK MEDICAL CENTRE,Active,ENGLAND,False,W2U3Z,Z9B2Z,London,full,1
E84657,THE STANMORE SURGERY,Inactive,ENGLAND,False,08E,QRV,North West,full,1
E84658,ASPRI MEDICAL CENTRE,Active,ENGLAND,False,W2U3Z,Z9B2Z,London,full,1
E84661,PRIMARY CARE MEDICAL CENTRE,Inactive,ENGLAND,False,07P,QRV,North West,archive,1
E84662,THE GIRTON PRACTICE,Inactive,ENGLAND,False,,,,archive,1
E84663,KENTON BRIDGE MEDICAL CENTRE - DR RAJA,Active,ENGLAND,False,W2U3Z,Z9B2Z,London,full,1
E84665,NEASDEN MEDICAL CENTRE,Active,ENGLAND,False,W2U3Z,Z9B2Z,London,full,1
E84667,BLESSING MEDICAL CENTRE,Inactive,ENGLAND,False,07P,QRV,North West,full,1
E84669,THE EAGLE EYE,Inactive,ENGLAND,False,07P,QRV,North West,full,1
E84670,WASU MEDICAL CENTRE,Inactive,ENGLAND,False,,,,archive,1
E84674,CHICHELE ROAD SURGERY,Active,ENGLAND,False,W2U3Z,Z9B2Z,London,full,1
E84676,HEADSTONE LANE MEDICAL CENTRE,Active,ENGLAND,False,W2U3Z,Z9B2Z,London,full,1
E84678,PRESTON MEDICAL CENTRE,Active,ENGLAND,False,W2U3Z,Z9B2Z,London,full,1
E84680,HEADSTONE ROAD SURGERY,Active,ENGLAND,False,W2U3Z,Z9B2Z,London,full,1
E84681,SAVITA MEDICAL CENTRE,Inactive,ENGLAND,False,W2U3Z,Z9B2Z,London,full,1
E84684,THE TUDOR HOUSE MEDICAL CENTRE,Active,ENGLAND,False,W2U3Z,Z9B2Z,London,full,1
E84685,SUDBURY SURGERY,Active,ENGLAND,False,W2U3Z,Z9B2Z,London,full,1
E84686,THE BUCKINGHAM ROAD MED CTR,Inactive,ENGLAND,False,,,,archive,1
E84690,CREST MEDICAL CENTRE,Inactive,ENGLAND,False,07P,QRV,North West,full,1
E84693,ST. PETER'S MEDICAL CENTRE,Active,ENGLAND,False,W2U3Z,Z9B2Z,London,full,1
E84696,PEEL PRECINCT SURGERY,Inactive,ENGLAND,False,W2U3Z,Z9B2Z,London,full,1
E84699,KINGS EDGE MEDICAL CENTRE,Active,ENGLAND,False,W2U3Z,Z9B2Z,London,full,1
E84701,PEARL MEDICAL PRACTICE,Active,ENGLAND,False,W2U3Z,Z9B2Z,London,full,1
E84702,WILLESDEN GREEN SURGERY,Active,ENGLAND,False,W2U3Z,Z9B2Z,London,full,1
E84704,ST. GEORGES MEDICAL CENTRE,Active,ENGLAND,False,W2U3Z,Z9B2Z,London,full,1
E84705,CHAMBERLAYNE RD SURGERY,Inactive,ENGLAND,False,07P,QRV,North West,full,1
E84706,WILLOW TREE FAMILY DOCTORS,Inactive,ENGLAND,False,07P,QRV,North West,full,1
E84708,THE VILLAGE MEDICAL CENTRE,Inactive,ENGLAND,False,07P,QRV,North West,full,1
E84709,WEMBLEY PARK MEDICAL CENTRE,Active,ENGLAND,False,W2U3Z,Z9B2Z,London,full,1
E84713,THE ENTERPRISE PRACTICE,Inactive,ENGLAND,False,W2U3Z,Z9B2Z,London,full,1
E85001,THORNBURY ROAD CENTRE FOR HEALTH,Active,ENGLAND,False,W2U3Z,Z9B2Z,London,full,1
E85003,NORTH END MEDICAL CENTRE,Active,ENGLAND,False,W2U3Z,Z9B2Z,London,full,1
E85004,ALBANY PRACTICE,Active,ENGLAND,False,W2U3Z,Z9B2Z,London,full,1
E85005,THE WESTWAY SURGERY,Active,ENGLAND,False,W2U3Z,Z9B2Z,London,full,1
E85006,WATERSIDE MEDICAL CENTRE,Active,ENGLAND,False,W2U3Z,Z9B2Z,London,full,1
E85007,ST. MARGARETS PRACTICE,Active,ENGLAND,False,W2U3Z,Z9B2Z,London,full,1
E85008,NORTH FULHAM SURGERY,Active,ENGLAND,False,W2U3Z,Z9B2Z,London,full,1
E85012,KS MEDICAL CENTRE,Active,ENGLAND,False,W2U3Z,Z9B2Z,London,full,1
E85013,WESTSEVEN GP,Active,ENGLAND,False,W2U3Z,Z9B2Z,London,full,1
E85014,NORTHFIELDS SURGERY,Active,ENGLAND,False,W2U3Z,Z9B2Z,London,full,1
E85015,HOUNSLOW MEDICAL CENTRE,Active,ENGLAND,False,W2U3Z,Z9B2Z,London,full,1
E85016,RICHFORD GATE MEDICAL CENTRE,Active,ENGLAND,False,W2U3Z,Z9B2Z,London,full,1
E85018,DR SOOD'S PRACTICE,Inactive,ENGLAND,False,W2U3Z,Z9B2Z,London,full,1
E85019,CROWN STREET SURGERY,Active,ENGLAND,False,W2U3Z,Z9B2Z,London,full,1
E85020,BROOK GREEN MEDICAL CENTRE,Active,ENGLAND,False,W2U3Z,Z9B2Z,London,full,1
E85021,YEADING MEDICAL CENTRE,Active,ENGLAND,False,W2U3Z,Z9B2Z,London,full,1
E85022,DR BK DHAR,Inactive,ENGLAND,False,,,,archive,1
E85023,CHEPSTOW GARDENS MEDICAL CENTRE,Active,ENGLAND,False,W2U3Z,Z9B2Z,London,full,1
E85024,CARLTON SURGERY,Active,ENGLAND,False,W2U3Z,Z9B2Z,London,full,1
E85025,CASSIDY ROAD MEDICAL CENTRE,Active,ENGLAND,False,W2U3Z,Z9B2Z,London,full,1
E85026,GORDON HOUSE SURGERY,Active,ENGLAND,False,W2U3Z,Z9B2Z,London,full,1
E85028,HILLCREST SURGERY,Active,ENGLAND,False,W2U3Z,Z9B2Z,London,full,1
E85029,"THE MEDICAL CENTRE, DR JEFFERIES & PARTN",Active,ENGLAND,False,W2U3Z,Z9B2Z,London,full,1
E85030,CHISWICK HEALTH PRACTICE,Active,ENGLAND,False,W2U3Z,Z9B2Z,London,full,1
E85032,ASHCHURCH SURGERY,Active,ENGLAND,False,W2U3Z,Z9B2Z,London,full,1
E85033,HAMMERSMITH SURGERY,Active,ENGLAND,False,W2U3Z,Z9B2Z,London,full,1
E85034,GROSVENOR HOUSE SURGERY,Active,ENGLAND,False,W2U3Z,Z9B2Z,London,full,1
E85035,MOUNT MEDICAL CENTRE,Active,ENGLAND,False,W2U3Z,Z9B2Z,London,full,1
E85038,PALACE SURGERY,Active,ENGLAND,False,W2U3Z,Z9B2Z,London,full,1
E85039,GREENBROOK BROADWALK,Inactive,ENGLAND,False,,,,archive,1
E85040,WEST4 GPS,Active,ENGLAND,False,W2U3Z,Z9B2Z,London,full,1
E85041,HANWELL HEALTH CENTRE (NAISH),Active,ENGLAND,False,W2U3Z,Z9B2Z,London,full,1
E85042,THE NEW SURGERY,Active,ENGLAND,False,W2U3Z,Z9B2Z,London,full,1
E85044,THE 303 BATH ROAD SURGERY,Inactive,ENGLAND,False,07Y,QRV,North West,full,1
E85045,TWICKENHAM PARK MEDICAL CENTRE,Active,ENGLAND,False,W2U3Z,Z9B2Z,London,full,1
E85046,EASTMEAD AVENUE SURGERY,Active,ENGLAND,False,W2U3Z,Z9B2Z,London,full,1
E85048,"DR CANISIUS & DR HASAN, PARKVIEW CFH&W",Active,ENGLAND,False,W2U3Z,Z9B2Z,London,full,1
E85049,BELMONT MEDICAL CENTRE,Active,ENGLAND,False,W2U3Z,Z9B2Z,London,full,1
E85050,GREENFORD ROAD MED.CTR.,Active,ENGLAND,False,W2U3Z,Z9B2Z,London,full,1
E85051,GREENFORD AVENUE FHP,Active,ENGLAND,False,W2U3Z,Z9B2Z,London,full,1
E85052,CRANFORD MEDICAL CENTRE,Active,ENGLAND,False,W2U3Z,Z9B2Z,London,full,1
E85053,THE MEDICAL CENTRE,Active,ENGLAND,False,W2U3Z,Z9B2Z,London,full,1
E85054,HILLVIEW SURGERY,Active,ENGLAND,False,W2U3Z,Z9B2Z,London,full,1
E85055,THE BUSH DOCTORS,Active,ENGLAND,False,W2U3Z,Z9B2Z,London,full,1
E85056,ST DAVIDS PRACTICE,Active,ENGLAND,False,W2U3Z,Z9B2Z,London,full,1
E85057,QUEENS WALK PRACTICE,Active,ENGLAND,False,W2U3Z,Z9B2Z,London,full,1
E85058,BLUE WING FAMILY DOCTOR UNIT,Active,ENGLAND,False,W2U3Z,Z9B2Z,London,full,1
E85059,CHESTNUT PRACTICE,Active,ENGLAND,False,W2U3Z,Z9B2Z,London,full,1
E85060,KINGFISHER PRACTICE,Active,ENGLAND,False,W2U3Z,Z9B2Z,London,full,1
E85061,WELCOME PRACTICE,Active,ENGLAND,False,W2U3Z,Z9B2Z,London,full,1
E85062,HIYOS,Active,ENGLAND,False,W2U3Z,Z9B2Z,London,full,1
E85064,WEST END SURGERY,Active,ENGLAND,False,W2U3Z,Z9B2Z,London,full,1
E85066,THE BEDFORD PARK SURGERY,Active,ENGLAND,False,W2U3Z,Z9B2Z,London,full,1
E85069,OLDFIELD FAMILY PRACTICE,Active,ENGLAND,False,W2U3Z,Z9B2Z,London,full,1
E85071,CLIFFORD HOUSE MEDICAL CENTRE,Active,ENGLAND,False,W2U3Z,Z9B2Z,London,full,1
E85074,WEST KENSINGTON GP SURGERY,Active,ENGLAND,False,W2U3Z,Z9B2Z,London,full,1
E85075,GP SURGERY @ ACTON GARDENS,Active,ENGLAND,False,W2U3Z,Z9B2Z,London,full,1
E85077,SHEPHERDS BUSH MEDICAL CENTRE,Active,ENGLAND,False,W2U3Z,Z9B2Z,London,full,1
E85083,DR SIVANESAN & PARTNER,Active,ENGLAND,False,W2U3Z,Z9B2Z,London,full,1
E85088,ELMBANK SURGERY,Active,ENGLAND,False,W2U3Z,Z9B2Z,London,full,1
E85090,HAMMOND ROAD SURGERY,Active,ENGLAND,False,W2U3Z,Z9B2Z,London,full,1
E85091,BRUNSWICK SURGERY,Active,ENGLAND,False,W2U3Z,Z9B2Z,London,full,1
E85096,MEDICAL CENTRE,Active,ENGLAND,False,W2U3Z,Z9B2Z,London,full,1
E85098,ISLIP MANOR MEDICAL CENTRE,Active,ENGLAND,False,W2U3Z,Z9B2Z,London,full,1
E85099,THE AVENUE SURGERY,Active,ENGLAND,False,W2U3Z,Z9B2Z,London,full,1
E85103,LADY MARGARET ROAD MEDICAL CENTRE,Active,ENGLAND,False,W2U3Z,Z9B2Z,London,full,1
E85105,ALLENBY CLINIC,Inactive,ENGLAND,False,W2U3Z,Z9B2Z,London,full,1
E85107,THE MILL HILL SURGERY,Active,ENGLAND,False,W2U3Z,Z9B2Z,London,full,1
E85108,MANDEVILLE MEDICAL CENTRE,Active,ENGLAND,False,W2U3Z,Z9B2Z,London,full,1
E85109,THE ACTON HEALTH CENTRE,Active,ENGLAND,False,W2U3Z,Z9B2Z,London,full,1
E85110,"THE SURGERY, DR DAS & PARTNERS",Inactive,ENGLAND,False,08C,QRV,North West,full,1
E85111,PERIVALE MEDICAL CLINIC,Active,ENGLAND,False,W2U3Z,Z9B2Z,London,full,1
E85112,ELMTREES SURGERY,Active,ENGLAND,False,W2U3Z,Z9B2Z,London,full,1
E85113,REDWOOD PRACTICE,Active,ENGLAND,False,W2U3Z,Z9B2Z,London,full,1
E85114,CROSSLANDS SURGERY,Active,ENGLAND,False,W2U3Z,Z9B2Z,London,full,1
E85115,PENTELOW PRACTICE,Active,ENGLAND,False,W2U3Z,Z9B2Z,London,full,1
E85116,THE CUCKOO LANE PRACTICE,Active,ENGLAND,False,W2U3Z,Z9B2Z,London,full,1
E85117,COLE PARK SURGERY,Inactive,ENGLAND,False,07Y,QRV,North West,full,1
E85118,THE FULHAM MEDICAL CENTRE,Active,ENGLAND,False,W2U3Z,Z9B2Z,London,full,1
E85119,THE MWH PRACTICE,Active,ENGLAND,False,W2U3Z,Z9B2Z,London,full,1
E85120,THE ARGYLE SURGERY,Active,ENGLAND,False,W2U3Z,Z9B2Z,London,full,1
E85121,GURU NANAK MEDICAL CENTRE,Active,ENGLAND,False,W2U3Z,Z9B2Z,London,full,1
E85122,THE FLORENCE ROAD SURGERY,Active,ENGLAND,False,W2U3Z,Z9B2Z,London,full,1
E85123,THE CORFTON ROAD SURGERY,Active,ENGLAND,False,W2U3Z,Z9B2Z,London,full,1
E85124,GP AT HAND,Active,ENGLAND,False,W2U3Z,Z9B2Z,London,full,1
E85125,STERNDALE SURGERY,Active,ENGLAND,False,W2U3Z,Z9B2Z,London,full,1
E85126,GREEN PRACTICE,Active,ENGLAND,False,W2U3Z,Z9B2Z,London,full,1
E85127,THE BARNABAS MEDICAL CTRE,Active,ENGLAND,False,W2U3Z,Z9B2Z,London,full,1
E85128,SANDS END HEALTH CLINIC,Active,ENGLAND,False,W2U3Z,Z9B2Z,London,full,1
E85129,THE MANSELL ROAD PRACTICE,Active,ENGLAND,False,W2U3Z,Z9B2Z,London,full,1
E85130,CHISWICK FAMILY PRACTICE,Active,ENGLAND,False,W2U3Z,Z9B2Z,London,full,1
E85600,WILLOW PRACTICE,Active,ENGLAND,False,W2U3Z,Z9B2Z,London,full,1
E85605,BRENTFORD GROUP PRACTICE,Active,ENGLAND,False,W2U3Z,Z9B2Z,London,full,1
E85617,ACTON TOWN MEDICAL CENTRE,Active,ENGLAND,False,W2U3Z,Z9B2Z,London,full,1
E85623,SOMERSET MEDICAL CENTRE,Active,ENGLAND,False,W2U3Z,Z9B2Z,London,full,1
E85624,"DR UPPAL & PARTN, PARKVIEW CTR FOR H&W",Active,ENGLAND,False,W2U3Z,Z9B2Z,London,full,1
E85625,CHISWICK FAMILY DRS PRACTICE,Inactive,ENGLAND,False,W2U3Z,Z9B2Z,London,full,1
E85628,ELTHORNE PARK SURGERY,Active,ENGLAND,False,W2U3Z,Z9B2Z,London,full,1
E85630,WESTERN AVENUE SURGERY,Inactive,ENGLAND,False,W2U3Z,Z9B2Z,London,full,1
E85633,THE SOUTHALL MEDICAL CTR.,Active,ENGLAND,False,W2U3Z,Z9B2Z,London,full,1
E85635,THE VALE SURGERY,Active,ENGLAND,False,W2U3Z,Z9B2Z,London,full,1
E85636,PARK MEDICAL CENTRE,Active,ENGLAND,False,W2U3Z,Z9B2Z,London,full,1
E85640,THE CHURCHFIELD ROAD SURGERY,Active,ENGLAND,False,W2U3Z,Z9B2Z,London,full,1
E85643,MEADOW VIEW,Active,ENGLAND,False,W2U3Z,Z9B2Z,London,full,1
E85644,JUBILEE GARDENS MEDICAL CENTRE,Inactive,ENGLAND,False,,,,archive,1
E85649,FULHAM CROSS MEDICAL CENTRE,Active,ENGLAND,False,W2U3Z,Z9B2Z,London,full,1
E85656,SUNRISE MEDICAL CENTRE,Active,ENGLAND,False,W2U3Z,Z9B2Z,London,full,1
E85657,EALING PARK HEALTH CENTRE,Active,ENGLAND,False,W2U3Z,Z9B2Z,London,full,1
E85658,HOLLY ROAD MEDICAL CENTRE,Active,ENGLAND,False,W2U3Z,Z9B2Z,London,full,1
E85659,"DR RK KUKAR, PARKVIEW CTR FOR H&W",Active,ENGLAND,False,W2U3Z,Z9B2Z,London,full,1
E85663,THE SALUJA CLINIC,Active,ENGLAND,False,W2U3Z,Z9B2Z,London,full,1
E85671,THE COLDERSHAW ROAD SURGERY,Inactive,ENGLAND,False,,,,archive,1
E85672,SALISBURY SURGERY,Inactive,ENGLAND,False,W2U3Z,Z9B2Z,London,full,1
E85673,THE OLD OAK SURGERY,Inactive,ENGLAND,False,08C,QRV,North West,full,1
E85677,THE HORN LANE SURGERY,Active,ENGLAND,False,W2U3Z,Z9B2Z,London,full,1
E85680,CLOISTER ROAD SURGERY,Active,ENGLAND,False,W2U3Z,Z9B2Z,London,full,1
E85681,JERSEY PRACTICE,Active,ENGLAND,False,W2U3Z,Z9B2Z,London,full,1
E85682,DORMERS WELLS MEDICAL CENTRE,Active,ENGLAND,False,W2U3Z,Z9B2Z,London,full,1
E85683,GLEBE STREET SURGERY,Active,ENGLAND,False,W2U3Z,Z9B2Z,London,full,1
E85685,THE LILYVILLE SURGERY,Active,ENGLAND,False,W2U3Z,Z9B2Z,London,full,1
E85686,ISLEWORTH CENTRE FOR HEALTH,Inactive,ENGLAND,False,07Y,QRV,North West,full,1
E85687,ACTON LANE MEDICAL CENTRE,Active,ENGLAND,False,W2U3Z,Z9B2Z,London,full,1
E85691,CROSSLEY HOUSE SURGERY,Inactive,ENGLAND,False,,,,archive,1
E85692,WELLESLEY ROAD PRACTICE,Inactive,ENGLAND,False,W2U3Z,Z9B2Z,London,full,1
E85693,CHISWICK MEDICAL PRACTICE,Active,ENGLAND,False,W2U3Z,Z9B2Z,London,full,1
E85694,THE BOILEAU ROAD SURGERY,Active,ENGLAND,False,W2U3Z,Z9B2Z,London,full,1
E85696,CLIFFORD ROAD SURGERY,Active,ENGLAND,False,W2U3Z,Z9B2Z,London,full,1
E85697,GREENBROOK BEDFONT,Active,ENGLAND,False,W2U3Z,Z9B2Z,London,full,1
E85699,GROVE VILLAGE MEDICAL CENTRE,Active,ENGLAND,False,W2U3Z,Z9B2Z,London,full,1
E85700,MANOR HOUSE PRACTICE,Inactive,ENGLAND,False,07Y,QRV,North West,full,1
E85705,THE BURLINGTON GARDENS SURGERY,Inactive,ENGLAND,False,07W,QRV,North West,full,1
E85707,SKYWAYS MEDICAL CENTRE,Active,ENGLAND,False,W2U3Z,Z9B2Z,London,full,1
E85708,GILL MEDICAL PRACTICE,Active,ENGLAND,False,W2U3Z,Z9B2Z,London,full,1
E85712,GOODCARE PRACTICE,Active,ENGLAND,False,W2U3Z,Z9B2Z,London,full,1
E85713,HOUNSLOW FAMILY PRACTICE,Active,ENGLAND,False,W2U3Z,Z9B2Z,London,full,1
E85714,THE PITSHANGER LANE SURGERY,Inactive,ENGLAND,False,W2U3Z,Z9B2Z,London,full,1
E85715,BROADMEAD SURGERY,Active,ENGLAND,False,W2U3Z,Z9B2Z,London,full,1
E85716,BATH ROAD SURGERY,Active,ENGLAND,False,W2U3Z,Z9B2Z,London,full,1
E85717,THE WESTERN ROAD SURGERY,Inactive,ENGLAND,False,,,,archive,1
E85718,HATTON MEDICAL PRACTICE,Active,ENGLAND,False,W2U3Z,Z9B2Z,London,full,1
E85719,ASHVILLE SURGERY,Active,ENGLAND,False,W2U3Z,Z9B2Z,London,full,1
E85721,THE TOWN SURGERY,Active,ENGLAND,False,W2U3Z,Z9B2Z,London,full,1
E85723,NORTHOLT FAMILY PRACTICE,Inactive,ENGLAND,False,W2U3Z,Z9B2Z,London,full,1
E85724,HIBERNIA HOUSE SURGERY,Inactive,ENGLAND,False,07Y,QRV,North West,archive,1
E85725,THE GROVE MEDICAL PRACTICE,Active,ENGLAND,False,W2U3Z,Z9B2Z,London,full,1
E85726,MATTOCK LANE HEALTH CENTRE,Active,ENGLAND,False,W2U3Z,Z9B2Z,London,full,1
E85727,GREENBROOK CHINCHILLA,Inactive,ENGLAND,False,07Y,QRV,North West,full,1
E85728,RIBCHESTER MEDICAL CENTRE,Inactive,ENGLAND,False,07W,QRV,North West,full,1
E85731,THE FAMILY HEALTH PRACTICE,Inactive,ENGLAND,False,07W,QRV,North West,archive,1
E85732,GREENBROOK MANOR,Inactive,ENGLAND,False,07Y,QRV,North West,full,1
E85733,THE NORTHCOTE MEDICAL CENTRE,Inactive,ENGLAND,False,07W,QRV,North West,full,1
E85734,QUEENS PARK MEDICAL PRACTICE,Active,ENGLAND,False,W2U3Z,Z9B2Z,London,full,1
E85735,BRENTFORD FAMILY PRACTICE,Active,ENGLAND,False,W2U3Z,Z9B2Z,London,full,1
E85736,LITTLE PARK SURGERY,Active,ENGLAND,False,W2U3Z,Z9B2Z,London,full,1
E85739,HMC HEALTH HESTON GREAT WEST,Active,ENGLAND,False,W2U3Z,Z9B2Z,London,full,1
E85740,THE LYNWOOD SURGERY,Inactive,ENGLAND,False,W2U3Z,Z9B2Z,London,full,1
E85743,ST. GEORGES MEDICAL CTR.,Active,ENGLAND,False,W2U3Z,Z9B2Z,London,full,1
E85744,ARGYLE HEALTH-ISLEWORTH PRACTICE,Active,ENGLAND,False,W2U3Z,Z9B2Z,London,full,1
E85745,JUBILEE GARDENS MEDICAL CENTRE,Active,ENGLAND,False,W2U3Z,Z9B2Z,London,full,1
E85746,GROVE PARK TERRACE SURGERY,Active,ENGLAND,False,W2U3Z,Z9B2Z,London,full,1
E85748,"THE MEDICAL CENTRE, DR KUKAR",Active,ENGLAND,False,W2U3Z,Z9B2Z,London,full,1
E85750,SPRING GROVE MEDICAL PRACTICE,Active,ENGLAND,False,W2U3Z,Z9B2Z,London,full,1
E85755,NORTH HYDE MEDICAL PRACTICE,Inactive,ENGLAND,False,07Y,QRV,North West,full,1
E86001,MOUNTWOOD SURGERY,Active,ENGLAND,False,W2U3Z,Z9B2Z,London,full,1
E86003,KINGSWAY SURGERY,Inactive,ENGLAND,False,W2U3Z,Z9B2Z,London,full,1
E86004,THE MEDICAL CENTRE,Active,ENGLAND,False,W2U3Z,Z9B2Z,London,full,1
E86005,THE OAKLAND MEDICAL CENTRE,Active,ENGLAND,False,W2U3Z,Z9B2Z,London,full,1
E86006,THE DEVONSHIRE LODGE PRACTICE,Active,ENGLAND,False,W2U3Z,Z9B2Z,London,full,1
E86007,HAREFIELD PRACTICE,Active,ENGLAND,False,W2U3Z,Z9B2Z,London,full,1
E86009,BELMONT MEDICAL CENTRE,Active,ENGLAND,False,W2U3Z,Z9B2Z,London,full,1
E86010,YIEWSLEY FAMILY PRACTICE,Active,ENGLAND,False,W2U3Z,Z9B2Z,London,full,1
E86011,OXFORD DRIVE MEDICAL CENTRE,Active,ENGLAND,False,W2U3Z,Z9B2Z,London,full,1
E86012,WOOD LANE MEDICAL CENTRE,Active,ENGLAND,False,W2U3Z,Z9B2Z,London,full,1
E86014,CEDARS MEDICAL CENTRE,Active,ENGLAND,False,W2U3Z,Z9B2Z,London,full,1
E86015,CENTRAL UXBRIDGE SURGERY,Active,ENGLAND,False,W2U3Z,Z9B2Z,London,full,1
E86016,THE PINE MEDICAL CENTRE,Active,ENGLAND,False,W2U3Z,Z9B2Z,London,full,1
E86017,HAYES MEDICAL CENTRE,Active,ENGLAND,False,W2U3Z,Z9B2Z,London,full,1
E86018,TOWNFIELD DOCTORS SURGERY,Active,ENGLAND,False,W2U3Z,Z9B2Z,London,full,1
E86019,THE WARREN PRACTICE,Active,ENGLAND,False,W2U3Z,Z9B2Z,London,full,1
E86020,YEADING COURT SURGERY,Active,ENGLAND,False,W2U3Z,Z9B2Z,London,full,1
E86022,THE ABBOTSBURY PRACTICE,Active,ENGLAND,False,W2U3Z,Z9B2Z,London,full,1
E86024,KING EDWARDS MEDICAL CENTRE,Active,ENGLAND,False,W2U3Z,Z9B2Z,London,full,1
E86026,PARKVIEW SURGERY,Active,ENGLAND,False,W2U3Z,Z9B2Z,London,full,1
E86027,OTTERFIELD MEDICAL CENTRE,Active,ENGLAND,False,W2U3Z,Z9B2Z,London,full,1
E86028,EASTBURY SURGERY,Active,ENGLAND,False,W2U3Z,Z9B2Z,London,full,1
E86029,CEDAR BROOK PRACTICE,Active,ENGLAND,False,W2U3Z,Z9B2Z,London,full,1
E86030,BRUNEL MEDICAL CENTRE,Active,ENGLAND,False,W2U3Z,Z9B2Z,London,full,1
E86033,ST MARTINS MEDICAL CENTRE,Active,ENGLAND,False,W2U3Z,Z9B2Z,London,full,1
E86034,CHURCH ROAD SURGERY,Active,ENGLAND,False,W2U3Z,Z9B2Z,London,full,1
E86036,HILLINGDON HEALTH CENTRE,Active,ENGLAND,False,W2U3Z,Z9B2Z,London,full,1
E86038,GLENDALE MEDICAL CENTRE,Active,ENGLAND,False,W2U3Z,Z9B2Z,London,full,1
E86041,ACRE SURGERY,Active,ENGLAND,False,W2U3Z,Z9B2Z,London,full,1
E86042,THE HIGH STREET PRACTICE,Active,ENGLAND,False,W2U3Z,Z9B2Z,London,full,1
E86605,LADYGATE LANE MEDICAL PRACTICE,Active,ENGLAND,False,W2U3Z,Z9B2Z,London,full,1
E86609,NORTH HYDE ROAD SURGERY,Active,ENGLAND,False,W2U3Z,Z9B2Z,London,full,1
E86610,WILLOW TREE SURGERY,Active,ENGLAND,False,W2U3Z,Z9B2Z,London,full,1
E86612,SHAKESPEARE HEALTH CENTRE,Active,ENGLAND,False,W2U3Z,Z9B2Z,London,full,1
E86615,ACREFIELD SURGERY,Active,ENGLAND,False,W2U3Z,Z9B2Z,London,full,1
E86618,CAREPOINT PRACTICE,Active,ENGLAND,False,W2U3Z,Z9B2Z,London,full,1
E86619,WALLASEY MEDICAL CENTRE,Active,ENGLAND,False,W2U3Z,Z9B2Z,London,full,1
E86620,WEST LONDON MEDICAL CENTRE,Active,ENGLAND,False,W2U3Z,Z9B2Z,London,full,1
E86622,DR PR KANTHAN'S PRACTICE,Inactive,ENGLAND,False,08G,QRV,North West,archive,1
E86625,KINCORA DOCTORS SURGERY,Active,ENGLAND,False,W2U3Z,Z9B2Z,London,full,1
E86626,QUEENS WALK MEDICAL CENTRE,Active,ENGLAND,False,W2U3Z,Z9B2Z,London,full,1
E86629,DR MLR SIDDIQUI'S PRACTICE,Active,ENGLAND,False,W2U3Z,Z9B2Z,London,full,1
E86632,ACORN MEDICAL CENTRE,Active,ENGLAND,False,W2U3Z,Z9B2Z,London,full,1
E86635,THE EVERGREEN PRACTICE,Inactive,ENGLAND,False,08G,QRV,North West,archive,1
E86637,HEATHROW MEDICAL CENTRE,Active,ENGLAND,False,W2U3Z,Z9B2Z,London,full,1
E86640,SOUTHCOTE CLINIC,Active,ENGLAND,False,W2U3Z,Z9B2Z,London,full,1
E87002,VICTORIA MEDICAL CENTRE,Active,ENGLAND,False,W2U3Z,Z9B2Z,London,full,1
E87003,NORTH KENSINGTON MEDICAL CENTRE,Active,ENGLAND,False,W2U3Z,Z9B2Z,London,full,1
E87004,HEALTH PARTNERS AT VIOLET MELCHETT,Active,ENGLAND,False,W2U3Z,Z9B2Z,London,full,1
E87005,BELGRAVIA SURGERY,Active,ENGLAND,False,W2U3Z,Z9B2Z,London,full,1
E87006,LITTLE VENICE MEDICAL CENTRE,Active,ENGLAND,False,W2U3Z,Z9B2Z,London,full,1
E87007,WESTBOURNE GROVE MEDICAL CENTRE,Active,ENGLAND,False,W2U3Z,Z9B2Z,London,full,1
E87008,PADDINGTON GREEN HEALTH CENTRE,Active,ENGLAND,False,W2U3Z,Z9B2Z,London,full,1
E87009,THE GARWAY MEDICAL PRACTICE,Active,ENGLAND,False,W2U3Z,Z9B2Z,London,full,1
E87010,MAIDA VALE MEDICAL CENTRE,Active,ENGLAND,False,W2U3Z,Z9B2Z,London,full,1
E87011,LISSON GROVE HEALTH CENTRE,Active,ENGLAND,False,W2U3Z,Z9B2Z,London,full,1
E87012,KENSINGTON PLACE SURGERY,Inactive,ENGLAND,False,,,,archive,1
E87013,STANHOPE MEWS SURGERY,Active,ENGLAND,False,W2U3Z,Z9B2Z,London,full,1
E87014,WESTMINSTER AND PIMLICO HEALTH CENTRE,Inactive,ENGLAND,False,,,,archive,1
E87016,HOLLAND PARK SURGERY,Active,ENGLAND,False,W2U3Z,Z9B2Z,London,full,1
E87017,NORTH WEST LONDON MEDICAL CENTRE,Inactive,ENGLAND,False,09A,QRV,North West,full,1
E87020,THE SURGERY,Inactive,ENGLAND,False,,,,archive,1
E87021,SHIRLAND MEDICAL,Active,ENGLAND,False,W2U3Z,Z9B2Z,London,full,1
E87024,THE GOLBORNE MEDICAL CENTRE,Active,ENGLAND,False,W2U3Z,Z9B2Z,London,full,1
E87026,MEANWHILE GARDEN MEDICAL CENTRE,Active,ENGLAND,False,W2U3Z,Z9B2Z,London,full,1
E87029,PORTLAND ROAD PRACTICE,Active,ENGLAND,False,W2U3Z,Z9B2Z,London,full,1
E87034,PIMLICO HEALTH AT THE MARVEN SURGERY,Active,ENGLAND,False,W2U3Z,Z9B2Z,London,full,1
E87037,CONNAUGHT SQUARE PRACTICE,Active,ENGLAND,False,W2U3Z,Z9B2Z,London,full,1
E87038,ELGIN CLINIC,Active,ENGLAND,False,W2U3Z,Z9B2Z,London,full,1
E87041,THE COURTFIELD MEDICAL CENTRE,Inactive,ENGLAND,False,,,,archive,1
E87043,EMPEROR'S GATE SURGERY,Active,ENGLAND,False,W2U3Z,Z9B2Z,London,full,1
E87045,COVENT GARDEN MEDICAL CENTRE,Active,ENGLAND,False,W2U3Z,Z9B2Z,London,full,1
E87046,THE RANDOLPH SURGERY,Active,ENGLAND,False,W2U3Z,Z9B2Z,London,full,1
E87047,EARLS COURT MEDICAL CENTRE,Active,ENGLAND,False,W2U3Z,Z9B2Z,London,full,1
E87048,ROSARY GARDEN SURGERY,Active,ENGLAND,False,W2U3Z,Z9B2Z,London,full,1
E87050,THE PRACTICE BEACON,Inactive,ENGLAND,False,W2U3Z,Z9B2Z,London,full,1
E87052,CROMPTON MEDICAL CENTRE,Active,ENGLAND,False,W2U3Z,Z9B2Z,London,full,1
E87055,THE SURGERY,Inactive,ENGLAND,False,08Y,QRV,North West,archive,1
E87057,NAGARAJAN QUEENS PARK HEALTH CENTRE,Inactive,ENGLAND,False,08Y,QRV,North West,full,1
E87061,THE PEMBRIDGE VILLAS SURGERY,Active,ENGLAND,False,W2U3Z,Z9B2Z,London,full,1
E87063,KINGS ROAD MEDICAL CENTRE,Active,ENGLAND,False,W2U3Z,Z9B2Z,London,full,1
E87065,THE NOTTING HILL MEDICAL CENTRE,Active,ENGLAND,False,W2U3Z,Z9B2Z,London,full,1
E87066,FITZROVIA MEDICAL CENTRE,Active,ENGLAND,False,W2U3Z,Z9B2Z,London,full,1
E87067,COLVILLE HEALTH CENTRE,Active,ENGLAND,False,W2U3Z,Z9B2Z,London,full,1
E87069,SOHO CENTRE FOR HEALTH AND CARE,Active,ENGLAND,False,W2U3Z,Z9B2Z,London,full,1
E87070,CRAWFORD STREET SURGERY,Active,ENGLAND,False,W2U3Z,Z9B2Z,London,full,1
E87071,THE SURGERY,Inactive,ENGLAND,False,08Y,QRV,North West,full,1
E87609,ST JOHNS WOOD MEDICAL PRACTICE,Active,ENGLAND,False,W2U3Z,Z9B2Z,London,full,1
E87630,MILNE HOUSE MEDICAL CENTRE,Inactive,ENGLAND,False,,,,archive,1
E87637,GRAND UNION HEALTH CENTRE,Active,ENGLAND,False,W2U3Z,Z9B2Z,London,full,1
E87648,MAYFAIR MEDICAL CENTRE,Active,ENGLAND,False,W2U3Z,Z9B2Z,London,full,1
E87649,THE SURGERY,Inactive,ENGLAND,False,08Y,QRV,North West,full,1
E87663,THIRD FLOOR LANARK ROAD MEDICAL CENTRE,Active,ENGLAND,False,W2U3Z,Z9B2Z,London,full,1
E87665,THE CHELSEA PRACTICE,Active,ENGLAND,False,W2U3Z,Z9B2Z,London,full,1
E87670,WEST TWO HEALTH CENTRE,Inactive,ENGLAND,False,,,,archive,1
E87677,IMPERIAL COLLEGE HEALTH CENTRE,Active,ENGLAND,False,W2U3Z,Z9B2Z,London,full,1
E87681,NEWTON MEDICAL CENTRE,Active,ENGLAND,False,W2U3Z,Z9B2Z,London,full,1
E87682,BAYSWATER MEDICAL CENTRE,Inactive,ENGLAND,False,08Y,QRV,North West,full,1
E87691,WESTMINSTER SCHOOL,Active,ENGLAND,False,W2U3Z,Z9B2Z,London,full,1
E87694,THE ROYAL MEWS SURGERY,Inactive,ENGLAND,False,W2U3Z,Z9B2Z,London,full,1
E87699,THE COLVILLE HEALTH CENTRE,Inactive,ENGLAND,False,08Y,QRV,North West,archive,1
E87701,THE ABINGDON HEALTH CENTRE,Active,ENGLAND,False,W2U3Z,Z9B2Z,London,full,1
E87702,THE SURGERY,Active,ENGLAND,False,W2U3Z,Z9B2Z,London,full,1
E87705,DR ROSE'S PRACTICE,Inactive,ENGLAND,False,08Y,QRV,North West,archive,1
E87706,THE FORELAND MEDICAL CENTRE,Active,ENGLAND,False,W2U3Z,Z9B2Z,London,full,1
E87711,ROYAL HOSPITAL CHELSEA,Active,ENGLAND,False,W2U3Z,Z9B2Z,London,full,1
E87714,SOHO SQUARE GENERAL PRACTICE,Active,ENGLAND,False,W2U3Z,Z9B2Z,London,full,1
E87715,SCARSDALE MEDICAL CENTRE,Active,ENGLAND,False,W2U3Z,Z9B2Z,London,full,1
E87717,HARLEY STREET MEDICAL CENTRE,Inactive,ENGLAND,False,,,,archive,1
E87718,THE SURGERY,Inactive,ENGLAND,False,08Y,QRV,North West,archive,1
E87720,KENSINGTON PARK MEDICAL CENTRE,Active,ENGLAND,False,W2U3Z,Z9B2Z,London,full,1
E87722,LANCASTER GATE MEDICAL CENTRE,Active,ENGLAND,False,W2U3Z,Z9B2Z,London,full,1
E87723,NEW ELGIN PRACTICE,Inactive,ENGLAND,False,08Y,QRV,North West,archive,1
E87727,THE SURGERY,Inactive,ENGLAND,False,08Y,QRV,North West,archive,1
E87728,THE SURGERY,Inactive,ENGLAND,False,,,,archive,1
E87733,THE EXMOOR SURGERY,Active,ENGLAND,False,W2U3Z,Z9B2Z,London,full,1
E87735,LAI CHUNG FONG QUEENS PARK HEALTH CENTRE,Inactive,ENGLAND,False,W2U3Z,Z9B2Z,London,full,1
E87737,MARYLEBONE HEALTH CENTRE,Active,ENGLAND,False,W2U3Z,Z9B2Z,London,full,1
E87738,KNIGHTSBRIDGE MEDICAL CENTRE,Active,ENGLAND,False,W2U3Z,Z9B2Z,London,full,1
E87739,MILLBANK MEDICAL CENTRE,Active,ENGLAND,False,W2U3Z,Z9B2Z,London,full,1
E87740,THE DR HICKEY SURGERY FOR THE HOMELESS,Active,ENGLAND,False,W2U3Z,Z9B2Z,London,full,1
E87741,WOODFIELD ROAD MEDICAL CENTRE,Active,ENGLAND,False,W2U3Z,Z9B2Z,London,full,1
E87742,THE GOLBORNE MEDICAL CENTRE,Active,ENGLAND,False,W2U3Z,Z9B2Z,London,full,1
E87745,CAVENDISH HEALTH CENTRE,Active,ENGLAND,False,W2U3Z,Z9B2Z,London,full,1
E87746,BROMPTON MEDICAL CENTRE,Active,ENGLAND,False,W2U3Z,Z9B2Z,London,full,1
E87750,EARLS COURT SURGERY,Active,ENGLAND,False,W2U3Z,Z9B2Z,London,full,1
E87751,SRIKRISHNAMURTHY HARROW ROAD SURGERY,Active,ENGLAND,False,W2U3Z,Z9B2Z,London,full,1
E87753,BELGRAVE MEDICAL CENTRE,Active,ENGLAND,False,W2U3Z,Z9B2Z,London,full,1
E87754,WELLINGTON HEALTH CENTRE,Active,ENGLAND,False,W2U3Z,Z9B2Z,London,full,1
E87755,QUEENS PARK HEALTH CENTRE,Active,ENGLAND,False,W2U3Z,Z9B2Z,London,full,1
E87756,GROUND FLOOR LANARK MEDICAL CENTRE,Active,ENGLAND,False,W2U3Z,Z9B2Z,London,full,1
E87762,THE GOOD PRACTICE,Active,ENGLAND,False,W2U3Z,Z9B2Z,London,full,1
E87768,KINGS COLLEGE HEALTH CENTRE,Active,ENGLAND,False,W2U3Z,Z9B2Z,London,full,1
E87772,GREAT CHAPEL STREET MEDICAL CENTRE,Active,ENGLAND,False,W2U3Z,Z9B2Z,London,full,1
F81001,DR KHAN & PARTNERS,Active,ENGLAND,False,99F,D7T5G,,full,1
F81003,DR F KHAN CARNAVON ROAD SURGERY,Active,ENGLAND,False,99G,D7T5G,,full,1
F81004,THE EDEN SURGERIES,Active,ENGLAND,False,07H,D7T5G,,full,1
F81005,SHRUB END SURGERY,Inactive,ENGLAND,False,06T,D7T5G,,archive,1
F81006,CLAYHILL MEDICAL PRACTICE,Active,ENGLAND,False,99E,D7T5G,,full,1
F81007,"DR PUZEY,DR KOTHARI AND DR NANDA",Active,ENGLAND,False,99F,D7T5G,,full,1
F81009,THE GOLD STREET SURGERY,Active,ENGLAND,False,07H,D7T5G,,full,1
F81010,AVELEY MEDICAL CENTRE,Active,ENGLAND,False,07G,D7T5G,,full,1
F81011,KELVEDON & FEERING HEALTH CENTRE,Active,ENGLAND,False,06Q,D7T5G,,full,1
F81012,WEST MERSEA SURGERY,Active,ENGLAND,False,06T,D7T5G,,full,1
F81013,WESTERN ROAD SURGERY,Active,ENGLAND,False,99E,D7T5G,,full,1
F81014,CHURCH LANE SURGERY,Active,ENGLAND,False,06Q,D7T5G,,full,1
F81015,CROCUS MEDICAL PRACTICE,Active,ENGLAND,False,07H,D7T5G,,full,1
F81016,BARBARA CASTLE HEALTH CENTRE,Inactive,ENGLAND,False,07H,D7T5G,,full,1
F81017,WALTON MEDICAL CENTRE,Active,ENGLAND,False,06T,D7T5G,,full,1
F81018,GREAT CLACTON MEDICAL PRACTICE,Inactive,ENGLAND,False,06T,D7T5G,,full,1
F81019,MAYFLOWER MEDICAL CENTRE,Active,ENGLAND,False,06T,D7T5G,,full,1
F81020,THE FRESHFORD PRACTICE,Active,ENGLAND,False,06Q,D7T5G,,full,1
F81021,GREAT BENTLEY SURGERY,Active,ENGLAND,False,06T,D7T5G,,full,1
F81022,LONGFIELD MEDICAL CENTRE,Active,ENGLAND,False,06Q,D7T5G,,full,1
F81023,BEECHWOOD SURGERY,Active,ENGLAND,False,99E,D7T5G,,full,1
F81024,DICKENS PLACE SURGERY,Inactive,ENGLAND,False,06Q,D7T5G,,full,1
F81025,DR GC CHAJED'S PRACTICE,Active,ENGLAND,False,99E,D7T5G,,full,1
F81026,CARADOC SURGERY,Active,ENGLAND,False,06T,D7T5G,,full,1
F81027,LISTER MEDICAL CENTRE,Active,ENGLAND,False,07H,D7T5G,,full,1
F81028,WIVENHOE SURGERY,Active,ENGLAND,False,06T,D7T5G,,full,1
F81029,THE KNARES MEDICAL PRACTICE,Active,ENGLAND,False,99E,D7T5G,,full,1
F81030,FERN HOUSE SURGERY,Active,ENGLAND,False,06Q,D7T5G,,full,1
F81031,MURREE MEDICAL GROUP,Active,ENGLAND,False,99E,D7T5G,,full,1
F81032,GRACE HOUSE SURGERY,Active,ENGLAND,False,99F,D7T5G,,full,1
F81033,SWAN LANE SURGERY,Inactive,ENGLAND,False,99E,D7T5G,,archive,1
F81034,NEWPORT SURGERY,Active,ENGLAND,False,07H,D7T5G,,full,1
F81035,MOULSHAM LODGE SURGERY,Inactive,ENGLAND,False,06Q,D7T5G,,full,1
F81036,ROBERT FREW MEDICAL CENTRE,Active,ENGLAND,False,99E,D7T5G,,full,1
F81037,EAST LYNNE MEDICAL CENTRE,Active,ENGLAND,False,06T,D7T5G,,full,1
F81038,TILE HOUSE SURGERY,Active,ENGLAND,False,99E,D7T5G,,full,1
F81040,STOCK SURGERY,Active,ENGLAND,False,06Q,D7T5G,,full,1
F81041,LONDON ROAD SURGERY,Active,ENGLAND,False,99E,D7T5G,,full,1
F81042,COLCHESTER MEDICAL PRACTICE,Active,ENGLAND,False,06T,D7T5G,,full,1
F81043,THE LIMES MEDICAL CENTRE,Active,ENGLAND,False,07H,D7T5G,,full,1
F81044,THE ARDLEIGH SURGERY,Active,ENGLAND,False,06T,D7T5G,,full,1
F81045,THE NEW SURGERY,Active,ENGLAND,False,99E,D7T5G,,full,1
F81046,DR KRISHNAN & PTNR - KENT ELMS HC,Active,ENGLAND,False,99G,D7T5G,,full,1
F81047,THE HAMILTON PRACTICE,Active,ENGLAND,False,07H,D7T5G,,full,1
F81048,LOUGHTON HEALTH CENTRE,Active,ENGLAND,False,07H,D7T5G,,full,1
F81049,ONGAR HEALTH CENTRE,Active,ENGLAND,False,07H,D7T5G,,full,1
F81051,THIRD AVENUE HEALTH CENTRE,Active,ENGLAND,False,99F,D7T5G,,full,1
F81052,ST. JAMES SURGERY,Active,ENGLAND,False,06T,D7T5G,,full,1
F81053,PEACOCK SURGERY,Active,ENGLAND,False,07H,D7T5G,,full,1
F81055,MOUNT AVENUE SURGERY,Active,ENGLAND,False,99E,D7T5G,,full,1
F81056,OLD HARLOW HEALTH CENTRE,Active,ENGLAND,False,07H,D7T5G,,full,1
F81057,WHITLEY HOUSE SURGERY,Active,ENGLAND,False,06Q,D7T5G,,full,1
F81060,AEGIS MEDICAL CENTRE,Active,ENGLAND,False,99E,D7T5G,,full,1
F81061,CONNER & PARTNERS,Active,ENGLAND,False,99F,D7T5G,,full,1
F81062,CHIGWELL MEDICAL CENTRE,Active,ENGLAND,False,07H,D7T5G,,full,1
F81065,WILLIAM HARVEY SURGERY,Active,ENGLAND,False,99F,D7T5G,,full,1
F81066,THE GREENSWARD SURGERY,Active,ENGLAND,False,99F,D7T5G,,full,1
F81067,AMBROSE AVENUE GROUP PRACTICE,Active,ENGLAND,False,06T,D7T5G,,full,1
F81068,THE ELIZABETH COURTAULD SURGERY,Active,ENGLAND,False,06Q,D7T5G,,full,1
F81069,WINSTREE MEDICAL PRACTICE,Active,ENGLAND,False,06T,D7T5G,,full,1
F81070,GRAFTON SURGERY,Inactive,ENGLAND,False,99F,D7T5G,,full,1
F81071,RIVERMEAD GATE MED.CTR.,Active,ENGLAND,False,06Q,D7T5G,,full,1
F81072,"HIGH STREET SURGERY, EPPING",Active,ENGLAND,False,07H,D7T5G,,full,1
F81073,WESTBOROUGH ROAD HEALTH CENTRE,Inactive,ENGLAND,False,99G,D7T5G,,full,1
F81074,MELBOURNE HOUSE SURGERY,Inactive,ENGLAND,False,06Q,D7T5G,,full,1
F81075,THE HOLLIES,Active,ENGLAND,False,99F,D7T5G,,full,1
F81076,THE TOLLESBURY PRACTICE,Active,ENGLAND,False,06Q,D7T5G,,full,1
F81077,MAYFLOWER MEDICAL CENTRE - WYNNE,Inactive,ENGLAND,False,,,,archive,1
F81078,CHURCH LANGLEY MEDICAL PRACTICE,Active,ENGLAND,False,07H,D7T5G,,full,1
F81079,PARSONS HEATH MEDICAL CENTRE,Inactive,ENGLAND,False,06T,D7T5G,,full,1
F81080,THE BILLERICAY MEDICAL PRACTICE,Active,ENGLAND,False,99E,D7T5G,,full,1
F81081,THE QUEENSWAY SURGERY,Active,ENGLAND,False,99G,D7T5G,,full,1
F81082,THE RIGG-MILNER MEDICAL CENTRE,Active,ENGLAND,False,07G,D7T5G,,full,1
F81083,BEAUCHAMP HOUSE,Active,ENGLAND,False,06Q,D7T5G,,full,1
F81084,CHADWELL MEDICAL CENTRE,Inactive,ENGLAND,False,07G,D7T5G,,full,1
F81085,"DR A NAEEM & PARTNERS,THE NEW SURGERY",Active,ENGLAND,False,99E,D7T5G,,full,1
F81086,CENTRAL SURGERY - SOUTHCHURCH BLVD,Active,ENGLAND,False,99G,D7T5G,,full,1
F81087,MOUNT CHAMBERS MEDICAL PRACTICE,Active,ENGLAND,False,06Q,D7T5G,,full,1
F81088,SOUTHEND ROAD SURGERY,Active,ENGLAND,False,07G,D7T5G,,full,1
F81089,WAKERING MEDICAL CTR.,Active,ENGLAND,False,99F,D7T5G,,full,1
F81090,ANGEL LANE SURGERY,Active,ENGLAND,False,07H,D7T5G,,full,1
F81091,EAST HILL SURGERY,Active,ENGLAND,False,06T,D7T5G,,full,1
F81092,DR SOORIAKUMARAN,Active,ENGLAND,False,99G,D7T5G,,full,1
F81094,NORTH HILL MEDICAL GROUP,Inactive,ENGLAND,False,06T,D7T5G,,full,1
F81095,ABBEY FIELD MEDICAL CENTRE,Active,ENGLAND,False,06T,D7T5G,,full,1
F81096,OAKLANDS SURGERY,Active,ENGLAND,False,99F,D7T5G,,full,1
F81097,THE VALKYRIE SURGERY,Active,ENGLAND,False,99G,D7T5G,,full,1
F81098,THE WRITTLE SURGERY,Active,ENGLAND,False,06Q,D7T5G,,full,1
F81099,BLACKWATER MEDICAL CENTRE,Active,ENGLAND,False,06Q,D7T5G,,full,1
F81100,BEACON HEALTH GROUP-DANBURY MEDICAL CTR,Active,ENGLAND,False,06Q,D7T5G,,full,1
F81101,ESSEX WAY SURGERY,Active,ENGLAND,False,99F,D7T5G,,full,1
F81102,ROCKLEIGH COURT SURGERY,Active,ENGLAND,False,99E,D7T5G,,full,1
F81104,CHAPEL STREET SURGERY,Active,ENGLAND,False,99E,D7T5G,,full,1
F81105,LITTLE WALTHAM & GT NOTLEY SURGERY,Active,ENGLAND,False,06Q,D7T5G,,full,1
F81106,THE ROSS PRACTICE,Active,ENGLAND,False,07H,D7T5G,,full,1
F81108,LAINDON MEDICAL GROUP,Active,ENGLAND,False,99E,D7T5G,,full,1
F81109,LAYER ROAD SURGERY,Inactive,ENGLAND,False,06T,D7T5G,,full,1
F81110,TILBURY HEALTH CENTRE,Active,ENGLAND,False,07G,D7T5G,,full,1
F81111,ELSENHAM SURGERY,Inactive,ENGLAND,False,07H,D7T5G,,full,1
F81112,HIGHLANDS SURGERY,Active,ENGLAND,False,99G,D7T5G,,full,1
F81113,CHAFFORD HUNDRED MEDICAL CENTRE,Active,ENGLAND,False,07G,D7T5G,,full,1
F81114,BADDOW VILLAGE SURGERY,Active,ENGLAND,False,06Q,D7T5G,,full,1
F81115,CREFFIELD MEDICAL GROUP,Active,ENGLAND,False,06T,D7T5G,,full,1
F81116,COLNE MEDICAL CENTRE,Active,ENGLAND,False,06T,D7T5G,,full,1
F81117,SUTHERLAND LODGE SURGERY,Active,ENGLAND,False,06Q,D7T5G,,full,1
F81118,JOHN TASKER HOUSE SURGERY,Active,ENGLAND,False,07H,D7T5G,,full,1
F81119,THE PUMP HOUSE SURGERY,Active,ENGLAND,False,06Q,D7T5G,,full,1
F81120,NUFFIELD HOUSE HEALTH CENTRE,Active,ENGLAND,False,07H,D7T5G,,full,1
F81121,SOUTHEND COASTAL SURGERIES - THORPE BAY,Active,ENGLAND,False,99G,D7T5G,,full,1
F81122,CHELMER MEDICAL PARTNERSHIP,Active,ENGLAND,False,06Q,D7T5G,,full,1
F81123,AUDLEY MILLS SURGERY,Active,ENGLAND,False,99F,D7T5G,,full,1
F81125,CHURCH VIEW SURGERY,Active,ENGLAND,False,99F,D7T5G,,full,1
F81126,BURNHAM SURGERY,Active,ENGLAND,False,06Q,D7T5G,,full,1
F81127,HUMBER ROAD SURGERY,Inactive,ENGLAND,False,06Q,D7T5G,,full,1
F81128,EASTWOOD GROUP PRACTICE,Active,ENGLAND,False,99G,D7T5G,,full,1
F81129,WIMPOLE ROAD SURGERY,Inactive,ENGLAND,False,06T,D7T5G,,archive,1
F81130,WILLIAM FISHER MED.CTR.,Active,ENGLAND,False,06Q,D7T5G,,full,1
F81131,THAXTED SURGERY,Active,ENGLAND,False,07H,D7T5G,,full,1
F81132,BLANDFORD MEDICAL CENTRE,Active,ENGLAND,False,06Q,D7T5G,,full,1
F81133,TIPTREE MEDICAL CENTRE,Active,ENGLAND,False,06T,D7T5G,,full,1
F81134,PEARTREE SURGERY & WEST HORNDON SURGERY,Active,ENGLAND,False,07G,D7T5G,,full,1
F81136,THE LOUGHTON SURGERY,Active,ENGLAND,False,07H,D7T5G,,full,1
F81137,ORSETT SURGERY,Active,ENGLAND,False,07G,D7T5G,,full,1
F81138,HILTON HOUSE,Inactive,ENGLAND,False,06Q,D7T5G,,full,1
F81141,ROWHEDGE SURGERY,Active,ENGLAND,False,06T,D7T5G,,full,1
F81142,ST GEORGES MEDICAL PRACTICE,Active,ENGLAND,False,99F,D7T5G,,full,1
F81144,THE PALL MALL SURGERY,Active,ENGLAND,False,99G,D7T5G,,full,1
F81147,DR NAVIN KUMAR,Active,ENGLAND,False,99G,D7T5G,,full,1
F81149,THE LAURELS SURGERY,Active,ENGLAND,False,06Q,D7T5G,,full,1
F81150,BALLARDS WALK SURGERY,Active,ENGLAND,False,99E,D7T5G,,full,1
F81151,MALLING HEALTH - DIPPLE MEDICAL CENTRE,Inactive,ENGLAND,False,99E,D7T5G,,full,1
F81152,FOREST PRACTICE,Active,ENGLAND,False,07H,D7T5G,,full,1
F81153,HASSENGATE MEDICAL CENTRE,Active,ENGLAND,False,07G,D7T5G,,full,1
F81155,BALFOUR MEDICAL CENTRE,Active,ENGLAND,False,07G,D7T5G,,full,1
F81156,RANWORTH SURGERY,Active,ENGLAND,False,06T,D7T5G,,full,1
F81157,THE FRINTON ROAD MED CTR,Inactive,ENGLAND,False,06T,D7T5G,,full,1
F81158,DR NASAH & PARTNERS,Active,ENGLAND,False,99E,D7T5G,,full,1
F81159,SOUTHEND MEDICAL CENTRE,Active,ENGLAND,False,99G,D7T5G,,full,1
F81162,CASTLE HEDINGHAM SURGERY,Inactive,ENGLAND,False,06Q,D7T5G,,full,1
F81163,THE NEW FOLLY SURGERY,Active,ENGLAND,False,99E,D7T5G,,full,1
F81164,WEST ROAD SURGERY,Active,ENGLAND,False,99G,D7T5G,,full,1
F81165,PALMERSTON ROAD SURGERY,Active,ENGLAND,False,07H,D7T5G,,full,1
F81168,SOUTHVIEW PARK SURGERY,Inactive,ENGLAND,False,99E,D7T5G,,full,1
F81169,KINGS MEDICAL CENTRE,Active,ENGLAND,False,07H,D7T5G,,full,1
F81170,KINGSWAY SURGERY,Active,ENGLAND,False,06Q,D7T5G,,full,1
F81172,TRAPS HILL SURGERY,Inactive,ENGLAND,False,07H,D7T5G,,archive,1
F81173,DOUGLAS GROVE SURGERY,Active,ENGLAND,False,06Q,D7T5G,,full,1
F81176,NORTH AVENUE SURGERY,Active,ENGLAND,False,99G,D7T5G,,full,1
F81177,NEERA MEDICAL CENTRE,Active,ENGLAND,False,07G,D7T5G,,full,1
F81180,MOUNTBATTEN HOUSE SURGERY,Inactive,ENGLAND,False,06Q,D7T5G,,archive,1
F81181,ADDISON HOUSE - HAQUE PRACTICE,Active,ENGLAND,False,07H,D7T5G,,full,1
F81183,THE DENGIE MEDICAL PARTNERSHIP,Active,ENGLAND,False,06Q,D7T5G,,full,1
F81184,ABRIDGE SURGERY,Active,ENGLAND,False,07H,D7T5G,,full,1
F81185,THE PRACTICE SOUTH WOODHAM FERRERS,Inactive,ENGLAND,False,06Q,D7T5G,,full,1
F81186,FELMORES MEDICAL CENTRE,Active,ENGLAND,False,99E,D7T5G,,full,1
F81192,STIFFORD CLAYS MEDICAL CENTRE,Active,ENGLAND,False,07G,D7T5G,,full,1
F81193,WITHAM HEALTH CENTRE,Active,ENGLAND,False,06Q,D7T5G,,full,1
F81195,STEEPLE BUMPSTEAD SURGERY,Inactive,ENGLAND,False,07H,D7T5G,,full,1
F81197,SANCTA MARIA MEDICAL CENTRE,Active,ENGLAND,False,07G,D7T5G,,full,1
F81198,HORNDON-ON-THE-HILL SURGERY,Active,ENGLAND,False,07G,D7T5G,,full,1
F81200,DR SATHANANDANS PRACTICE,Inactive,ENGLAND,False,99G,D7T5G,,full,1
F81205,GHAURI PRACTICE,Active,ENGLAND,False,99F,D7T5G,,full,1
F81206,COMMONWEALTH HEALTH CENTRE,Active,ENGLAND,False,07G,D7T5G,,full,1
F81207,WESTCLIFF MEDICAL CENTRE,Active,ENGLAND,False,99G,D7T5G,,full,1
F81209,THE SHAFTESBURY AVENUE SURGERY,Inactive,ENGLAND,False,99G,D7T5G,,full,1
F81210,BOROUGH LANE SURGERY,Inactive,ENGLAND,False,07H,D7T5G,,archive,1
F81211,DR YADAVA N PRACTICE,Active,ENGLAND,False,07G,D7T5G,,full,1
F81212,OLD ROAD SURGERY,Active,ENGLAND,False,06T,D7T5G,,full,1
F81213,THORPE SURGERY,Active,ENGLAND,False,06T,D7T5G,,full,1
F81214,C3 - LAINDON HEALTH CENTRE,Inactive,ENGLAND,False,99E,D7T5G,,full,1
F81215,DEAL TREE HEALTH CENTRE,Active,ENGLAND,False,99E,D7T5G,,full,1
F81216,THE RIVER SURGERY,Active,ENGLAND,False,07H,D7T5G,,full,1
F81218,THE GRAYS SURGERY,Inactive,ENGLAND,False,07G,D7T5G,,full,1
F81219,DELL MEDICAL CENTRE,Active,ENGLAND,False,07G,D7T5G,,full,1
F81221,FRONKS RD FAMILY SURGERY,Active,ENGLAND,False,06T,D7T5G,,full,1
F81222,QUEENS PARK SURGERY,Active,ENGLAND,False,99E,D7T5G,,full,1
F81223,DR MALIK - KENT ELMS HC,Active,ENGLAND,False,99G,D7T5G,,full,1
F81606,HAREWOOD SURGERY,Active,ENGLAND,False,06T,D7T5G,,full,1
F81608,KEYHEALTH MEDICAL CENTRE,Inactive,ENGLAND,False,07H,D7T5G,,full,1
F81613,DR KUMAR & PTNR - SHOEBURY HC,Active,ENGLAND,False,99G,D7T5G,,full,1
F81618,HIGH ROAD FAMILY DOCTORS,Active,ENGLAND,False,99F,D7T5G,,full,1
F81619,SYDENHAM HOUSE SURGERY,Active,ENGLAND,False,07H,D7T5G,,full,1
F81622,DR MARASCO'S SURGERY,Inactive,ENGLAND,False,99G,D7T5G,,full,1
F81623,KADIM PRIMECARE MEDICAL CENTRE,Active,ENGLAND,False,07G,D7T5G,,full,1
F81632,DR YASIN SA PRACTICE,Active,ENGLAND,False,07G,D7T5G,,full,1
F81633,LAWFORD SURGERY,Active,ENGLAND,False,06T,D7T5G,,full,1
F81635,COLLINGWOOD ROAD SURGERY,Active,ENGLAND,False,06Q,D7T5G,,full,1
F81636,MILL ROAD SURGERY,Active,ENGLAND,False,06T,D7T5G,,full,1
F81639,DR VELMURUGAN'S SURGERY,Inactive,ENGLAND,False,99G,D7T5G,,full,1
F81640,ARYAN MEDICAL CENTRE,Active,ENGLAND,False,99E,D7T5G,,full,1
F81641,MILTON ROAD AND THE GRAYS SURGERY,Active,ENGLAND,False,07G,D7T5G,,full,1
F81644,DR CHEUNG KK PRACTICE,Inactive,ENGLAND,False,07G,D7T5G,,full,1
F81645,ROSE VILLA SURGERY,Active,ENGLAND,False,99E,D7T5G,,full,1
F81648,OAKDIN SURGERY,Inactive,ENGLAND,False,99E,D7T5G,,full,1
F81649,SHOEBURY PRACTICE,Active,ENGLAND,False,99G,D7T5G,,full,1
F81651,SOUTH GREEN SURGERY,Active,ENGLAND,False,99E,D7T5G,,full,1
F81652,MEDIC HOUSE,Active,ENGLAND,False,07G,D7T5G,,full,1
F81656,WARRIOR SQUARE SURGERY,Active,ENGLAND,False,99G,D7T5G,,full,1
F81658,DR AHMED WITHAM HEALTH CENTRE,Inactive,ENGLAND,False,,,,archive,1
F81661,LEIGH BECK SURGERY,Inactive,ENGLAND,False,99F,D7T5G,,full,1
F81665,CHELMER VILLAGE SURGERY,Active,ENGLAND,False,06Q,D7T5G,,full,1
F81666,DR SHARMA & PARTNERS,Active,ENGLAND,False,99E,D7T5G,,full,1
F81667,GARDINER PRACTICE,Inactive,ENGLAND,False,99F,D7T5G,,archive,1
F81669,DERRY COURT MEDICAL PRACTICE,Active,ENGLAND,False,07G,D7T5G,,full,1
F81670,EPPING CLOSE,Inactive,ENGLAND,False,06T,D7T5G,,full,1
F81672,PORTLAND MEDICAL PRACTICE,Inactive,ENGLAND,False,06T,D7T5G,,full,1
F81674,GREENWOOD AND WYNCROFT SURGERY,Active,ENGLAND,False,06Q,D7T5G,,full,1
F81675,THE PRACTICE LEECON WAY,Active,ENGLAND,False,99F,D7T5G,,full,1
F81676,DR KONGAR,Inactive,ENGLAND,False,,,,archive,1
F81677,CLEMENTS HOUSE SURGERY,Inactive,ENGLAND,False,,,,archive,1
F81679,HIGHWOODS SURGERY,Active,ENGLAND,False,06T,D7T5G,,full,1
F81681,CLACTON COMMUNITY PRACTICES,Active,ENGLAND,False,06T,D7T5G,,full,1
F81683,BLYTH'S MEADOW SURGERY,Active,ENGLAND,False,06Q,D7T5G,,full,1
F81684,NORTH SHOEBURY SURGERY,Inactive,ENGLAND,False,99G,D7T5G,,full,1
F81688,DR DHILLON'S SURGERY,Inactive,ENGLAND,False,99G,D7T5G,,full,1
F81690,ASHINGDON MEDICAL CENTRE,Active,ENGLAND,False,99F,D7T5G,,full,1
F81691,EAST TILBURY & CORRINGHAM MEDICAL CENTRE,Inactive,ENGLAND,False,07G,D7T5G,,full,1
F81693,GALLEYWOOD MEDICAL CENTRE,Inactive,ENGLAND,False,,,,archive,1
F81695,ELMSLEIGH DRIVE SURGERY,Active,ENGLAND,False,99G,D7T5G,,full,1
F81696,THE LEIGH SURGERY,Active,ENGLAND,False,99G,D7T5G,,full,1
F81697,DR DEVARAJA VC PRACTICE,Active,ENGLAND,False,07G,D7T5G,,full,1
F81698,DILIP SABNIS MEDICAL CTR PMS,Inactive,ENGLAND,False,07G,D7T5G,,full,1
F81699,THE LONG ROAD SURGERY,Inactive,ENGLAND,False,,,,archive,1
F81700,CANVEY VILLAGE SURGERY,Active,ENGLAND,False,99F,D7T5G,,full,1
F81704,DOWNHALL PARK SURGERY,Active,ENGLAND,False,99F,D7T5G,,full,1
F81707,FRYERNS MEDICAL CENTRE,Active,ENGLAND,False,99E,D7T5G,,full,1
F81708,SAI MEDICAL CENTRE,Active,ENGLAND,False,07G,D7T5G,,full,1
F81710,DR HS RAO'S PRACTICE,Inactive,ENGLAND,False,99E,D7T5G,,archive,1
F81711,KNIGHTS SURGERY,Active,ENGLAND,False,99E,D7T5G,,full,1
F81713,BENFLEET SURGERY,Active,ENGLAND,False,99F,D7T5G,,full,1
F81716,TOLLGATE HEALTH CENTRE,Active,ENGLAND,False,06T,D7T5G,,full,1
F81717,MAYLANDSEA MEDICAL CENTRE,Inactive,ENGLAND,False,06Q,D7T5G,,archive,1
F81718,LYDIA HOUSE PRACTICE,Inactive,ENGLAND,False,99G,D7T5G,,full,1
F81719,DR BHAT V PRACTICE,Inactive,ENGLAND,False,07G,D7T5G,,full,1
F81720,SHOTGATE SURGERY,Inactive,ENGLAND,False,99E,D7T5G,,full,1
F81721,BRICKFIELDS SURGERY,Inactive,ENGLAND,False,06Q,D7T5G,,full,1
F81724,"DR GUL, NEW WESTBOROUGH SURGERY",Inactive,ENGLAND,False,99G,D7T5G,,full,1
F81725,MAYNARD COURT SURGERY,Active,ENGLAND,False,07H,D7T5G,,full,1
F81728,THE ONGAR SURGERY,Inactive,ENGLAND,False,07H,D7T5G,,full,1
F81729,MATCHING GREEN SURGERY,Active,ENGLAND,False,99E,D7T5G,,full,1
F81730,THE COGGESHALL SURGERY,Active,ENGLAND,False,06Q,D7T5G,,full,1
F81732,SWANWOOD PARTNERSHIP,Active,ENGLAND,False,99E,D7T5G,,full,1
F81733,SOUTHBOURNE GROVE SURGERY,Inactive,ENGLAND,False,99G,D7T5G,,full,1
F81734,DR SAHA PK PRACTICE,Inactive,ENGLAND,False,,,,archive,1
F81736,MALTING GREEN SURGERY,Inactive,ENGLAND,False,,,,archive,1
F81737,THE HIGHWOOD SURGERY,Active,ENGLAND,False,99E,D7T5G,,full,1
F81738,BRIMPTON HOUSE,Inactive,ENGLAND,False,06Q,D7T5G,,full,1
F81739,THE ISLAND SURGERY,Active,ENGLAND,False,99F,D7T5G,,full,1
F81740,THE COMMUNITY PRACTICE,Active,ENGLAND,False,99F,D7T5G,,full,1
F81741,NORTH CLACTON MEDICAL PRACTICE,Active,ENGLAND,False,06T,D7T5G,,full,1
F81742,ACORNS,Inactive,ENGLAND,False,07G,D7T5G,,full,1
F81743,WICKFORD PMS PRACTICE,Inactive,ENGLAND,False,99E,D7T5G,,full,1
F81744,SCOTT PARK SURGERY,Active,ENGLAND,False,99G,D7T5G,,full,1
F81746,BLUEBELL SURGERY,Active,ENGLAND,False,06T,D7T5G,,full,1
F81749,MARKET SQUARE SURGERY,Active,ENGLAND,False,07H,D7T5G,,full,1
F81751,THE TRINITY MEDICAL PRACTICE,Active,ENGLAND,False,06Q,D7T5G,,full,1
F81754,THE GLOBE SURGERY,Inactive,ENGLAND,False,,,,archive,1
F81755,THE VICTORIA SURGERY,Inactive,ENGLAND,False,99G,D7T5G,,full,1
F81756,PMS THE GORE SURGERY,Inactive,ENGLAND,False,99E,D7T5G,,full,1
F81757,THE RIVERSIDE HEALTH CTR,Active,ENGLAND,False,06T,D7T5G,,full,1
F81758,OSLER HOUSE MEDICAL CENTRE,Inactive,ENGLAND,False,07H,D7T5G,,full,1
F82001,HALBUTT STREET SURGERY,Active,ENGLAND,False,A3A8R,QMF,London,full,1
F82002,HAIDERIAN MEDICAL CENTRE,Active,ENGLAND,False,A3A8R,QMF,London,full,1
F82003,FIRST AVENUE SURGERY,Active,ENGLAND,False,A3A8R,QMF,London,full,1
F82004,VENKAT HEALTH CENTRE,Inactive,ENGLAND,False,07L,QMF,London,full,1
F82005,DR M GOYAL'S PRACTICE,Active,ENGLAND,False,A3A8R,QMF,London,full,1
F82006,CRANHAM VILLAGE SURGERY,Active,ENGLAND,False,A3A8R,QMF,London,full,1
F82007,THE GREEN WOOD PRACTICE,Active,ENGLAND,False,A3A8R,QMF,London,full,1
F82008,MAYLANDS HEALTHCARE,Active,ENGLAND,False,A3A8R,QMF,London,full,1
F82009,NORTH STREET MEDICAL CARE,Active,ENGLAND,False,A3A8R,QMF,London,full,1
F82010,PETERSFIELD SURGERY,Active,ENGLAND,False,A3A8R,QMF,London,full,1
F82011,ST EDWARDS MEDICAL CENTRE,Active,ENGLAND,False,A3A8R,QMF,London,full,1
F82012,FIVE ELMS MEDICAL PRACTICE,Inactive,ENGLAND,False,A3A8R,QMF,London,full,1
F82013,WESTERN ROAD MEDICAL CENTRE,Active,ENGLAND,False,A3A8R,QMF,London,full,1
F82014,THE SAHEECHA'S PRACTICES,Active,ENGLAND,False,A3A8R,QMF,London,full,1
F82015,HEDGEMANS MEDICAL CENTRE,Active,ENGLAND,False,A3A8R,QMF,London,full,1
F82016,CENTRAL PARK SURGERY,Active,ENGLAND,False,A3A8R,QMF,London,full,1
F82017,ST ALBANS SURGERY,Active,ENGLAND,False,A3A8R,QMF,London,full,1
F82018,BARKING MEDICAL GROUP PRACTICE,Active,ENGLAND,False,A3A8R,QMF,London,full,1
F82019,THE UPSTAIRS SURGERY,Active,ENGLAND,False,A3A8R,QMF,London,full,1
F82020,BAY TREE MEDICAL CENTRE,Inactive,ENGLAND,False,08F,QMF,London,full,1
F82021,THE NEW MEDICAL CENTRE,Active,ENGLAND,False,A3A8R,QMF,London,full,1
F82022,THE ROSEWOOD MEDICAL CENTRE,Active,ENGLAND,False,A3A8R,QMF,London,full,1
F82023,HIGH STREET SURGERY,Active,ENGLAND,False,A3A8R,QMF,London,full,1
F82025,DR BK JAISWAL'S PRACTICE,Active,ENGLAND,False,A3A8R,QMF,London,full,1
F82027,DR P PRASAD'S PRACTICE,Active,ENGLAND,False,A3A8R,QMF,London,full,1
F82028,WOOD LANE SURGERY,Active,ENGLAND,False,A3A8R,QMF,London,full,1
F82030,LYNWOOD MEDICAL CENTRE,Active,ENGLAND,False,A3A8R,QMF,London,full,1
F82031,THE COLLEGE PRACTICE,Active,ENGLAND,False,A3A8R,QMF,London,full,1
F82033,DR VM PATEL,Active,ENGLAND,False,A3A8R,QMF,London,full,1
F82034,VICTORIA & FIVE ELMS MEDICAL CENTRE,Active,ENGLAND,False,A3A8R,QMF,London,full,1
F82038,DR SZ HAIDER'S PRACTICE,Active,ENGLAND,False,A3A8R,QMF,London,full,1
F82039,EASTBROOK SURGERY,Active,ENGLAND,False,A3A8R,QMF,London,full,1
F82040,JOHN SMITH MEDICAL CENTRE,Active,ENGLAND,False,A3A8R,QMF,London,full,1
F82042,AURORA MEDCARE,Active,ENGLAND,False,A3A8R,QMF,London,full,1
F82045,CHOWDHURY,Active,ENGLAND,False,A3A8R,QMF,London,full,1
F82051,LABURNUM HEALTH CENTRE,Active,ENGLAND,False,A3A8R,QMF,London,full,1
F82052,DR SJ HASKELL,Inactive,ENGLAND,False,08F,QMF,London,archive,1
F82053,UPMINSTER MEDICAL CENTRE,Inactive,ENGLAND,False,A3A8R,QMF,London,full,1
F82055,HORNCHURCH HEALTHCARE,Active,ENGLAND,False,A3A8R,QMF,London,full,1
F82604,MARKS GATE HEALTH CENTRE,Active,ENGLAND,False,A3A8R,QMF,London,full,1
F82607,SOUTH HORNCHURCH MEDICAL PRACTICE,Active,ENGLAND,False,A3A8R,QMF,London,full,1
F82608,KWAN,Inactive,ENGLAND,False,,,,archive,1
F82609,SUTTONS AVENUE SURGERY,Active,ENGLAND,False,A3A8R,QMF,London,full,1
F82610,DR GUPTA,Active,ENGLAND,False,A3A8R,QMF,London,full,1
F82612,THE WHITE HOUSE SURGERY,Active,ENGLAND,False,A3A8R,QMF,London,full,1
F82614,MUNGO PARK SURGERY,Inactive,ENGLAND,False,A3A8R,QMF,London,full,1
F82618,DR JAISWAL,Inactive,ENGLAND,False,,,,archive,1
F82619,HARLOW ROAD SURGERY,Active,ENGLAND,False,A3A8R,QMF,London,full,1
F82621,DEWEY PRACTICE (DR CHRISTOPHER),Inactive,ENGLAND,False,A3A8R,QMF,London,full,1
F82624,ST GEORGES COUNTRY PARK SURGERY,Active,ENGLAND,False,A3A8R,QMF,London,full,1
F82625,ABBEY MEDICAL CENTRE,Active,ENGLAND,False,A3A8R,QMF,London,full,1
F82627,RAINHAM HEALTH CENTRE,Active,ENGLAND,False,A3A8R,QMF,London,full,1
F82629,THE LAWNS MEDICAL CARE,Inactive,ENGLAND,False,07L,QMF,London,archive,1
F82630,CHASE CROSS MEDICAL CENTRE,Active,ENGLAND,False,A3A8R,QMF,London,full,1
F82634,HEATHWAY MEDICAL CENTRE,Active,ENGLAND,False,A3A8R,QMF,London,full,1
F82638,MODERN MEDICAL CENTRE,Active,ENGLAND,False,A3A8R,QMF,London,full,1
F82639,DR JOSEPH,Inactive,ENGLAND,False,08F,QMF,London,full,1
F82641,DR GILLETT-WALLER,Inactive,ENGLAND,False,08F,QMF,London,full,1
F82642,GABLES SURGERY,Active,ENGLAND,False,A3A8R,QMF,London,full,1
F82643,CHOPRA,Inactive,ENGLAND,False,08F,QMF,London,full,1
F82646,DR UBEROY,Inactive,ENGLAND,False,08F,QMF,London,full,1
F82647,SALISBURY AVENUE SURGERY,Active,ENGLAND,False,A3A8R,QMF,London,full,1
F82648,INGREBOURNE MEDICAL CENTRE,Active,ENGLAND,False,A3A8R,QMF,London,full,1
F82649,BERWICK SURGERY,Active,ENGLAND,False,A3A8R,QMF,London,full,1
F82650,DR AA ANSARI'S PRACTICE,Active,ENGLAND,False,A3A8R,QMF,London,full,1
F82653,CECIL AVENUE SURGERY,Inactive,ENGLAND,False,08F,QMF,London,full,1
F82657,CHAKARAVARTY,Inactive,ENGLAND,False,,,,archive,1
F82660,TULASI MEDICAL CENTRE,Active,ENGLAND,False,A3A8R,QMF,London,full,1
F82661,GREEN LANE SURGERY,Active,ENGLAND,False,A3A8R,QMF,London,full,1
F82663,DR MARKS PRACTICE,Active,ENGLAND,False,A3A8R,QMF,London,full,1
F82665,THE V & M PRACTICE,Inactive,ENGLAND,False,07L,QMF,London,full,1
F82666,RAHMAN & TSOI,Inactive,ENGLAND,False,A3A8R,QMF,London,full,1
F82668,DR AK MITTAL'S PRACTICE,Inactive,ENGLAND,False,07L,QMF,London,full,1
F82670,ABBAMOOR SURGERY,Active,ENGLAND,False,A3A8R,QMF,London,full,1
F82671,STRAIGHT ROAD SURGERY,Active,ENGLAND,False,A3A8R,QMF,London,full,1
F82674,CRANHAM HEALTH CENTRE,Active,ENGLAND,False,A3A8R,QMF,London,full,1
F82675,BILLET LANE MEDICAL PRACTICE,Active,ENGLAND,False,A3A8R,QMF,London,full,1
F82676,DR GS KALKAT'S PRACTICE,Inactive,ENGLAND,False,A3A8R,QMF,London,full,1
F82677,BECONTREE MEDICAL CENTRE,Active,ENGLAND,False,A3A8R,QMF,London,full,1
F82678,DR KM ALKAISY PRACTICE,Active,ENGLAND,False,A3A8R,QMF,London,full,1
F82679,DR DP SHAH'S PRACTICE,Active,ENGLAND,False,A3A8R,QMF,London,full,1
F82680,HIGHGROVE SURGERY,Active,ENGLAND,False,A3A8R,QMF,London,full,1
F82686,ASHTON GARDENS SURGERY,Active,ENGLAND,False,A3A8R,QMF,London,full,1
F82744,DR WANI,Inactive,ENGLAND,False,,,,archive,1
F83002,RIVER PLACE HEALTH CENTRE,Active,ENGLAND,False,93C,Z9B2Z,London,full,1
F83003,PARK END SURGERY,Active,ENGLAND,False,93C,Z9B2Z,London,full,1
F83004,ARCHWAY MEDICAL CENTRE,Active,ENGLAND,False,93C,Z9B2Z,London,full,1
F83005,GOWER STREET PRACTICE,Active,ENGLAND,False,93C,Z9B2Z,London,full,1
F83006,AMPTHILL & REGENTS PARK PRACTICE,Active,ENGLAND,False,93C,Z9B2Z,London,full,1
F83007,ROMAN WAY MEDICAL CENTRE,Active,ENGLAND,False,93C,Z9B2Z,London,full,1
F83008,THE GOODINGE GROUP PRACTICE,Active,ENGLAND,False,93C,Z9B2Z,London,full,1
F83009,DR DESAI,Inactive,ENGLAND,False,,,,archive,1
F83010,ISLINGTON CENTRAL MEDICAL CENTRE,Active,ENGLAND,False,93C,Z9B2Z,London,full,1
F83011,PRIMROSE HILL SURGERY,Active,ENGLAND,False,93C,Z9B2Z,London,full,1
F83012,ELIZABETH AVENUE GROUP PRACTICE,Active,ENGLAND,False,93C,Z9B2Z,London,full,1
F83013,DR WOOLF,Inactive,ENGLAND,False,08H,,,archive,1
F83015,ST JOHNS WAY MEDICAL CENTRE,Active,ENGLAND,False,93C,Z9B2Z,London,full,1
F83017,HAMPSTEAD GROUP PRACTICE,Active,ENGLAND,False,93C,Z9B2Z,London,full,1
F83018,PRINCE OF WALES GROUP SURGERY,Active,ENGLAND,False,93C,Z9B2Z,London,full,1
F83019,ABBEY MEDICAL CENTRE,Active,ENGLAND,False,93C,Z9B2Z,London,full,1
F83020,ADELAIDE MEDICAL CENTRE,Active,ENGLAND,False,93C,Z9B2Z,London,full,1
F83021,RITCHIE STREET GROUP PRACTICE,Active,ENGLAND,False,93C,Z9B2Z,London,full,1
F83022,CAVERSHAM GROUP PRACTICE,Active,ENGLAND,False,93C,Z9B2Z,London,full,1
F83023,JAMES WIGG PRACTICE,Active,ENGLAND,False,93C,Z9B2Z,London,full,1
F83025,THE REGENTS PARK PRACTICE,Inactive,ENGLAND,False,93C,Z9B2Z,London,full,1
F83027,DRS BOWRY & BOWRY'S PRACTICE,Inactive,ENGLAND,False,93C,Z9B2Z,London,full,1
F83030,FOUR TREES SURGERY,Inactive,ENGLAND,False,07R,,,full,1
F83031,DR FLINDERS,Inactive,ENGLAND,False,08H,,,archive,1
F83032,ST PETER'S STREET MEDICAL PRACTICE,Active,ENGLAND,False,93C,Z9B2Z,London,full,1
F83033,BARNSBURY MEDICAL PRACTICE,Active,ENGLAND,False,93C,Z9B2Z,London,full,1
F83034,NEW NORTH HEALTH CENTRE,Active,ENGLAND,False,93C,Z9B2Z,London,full,1
F83039,THE RISE GROUP PRACTICE,Active,ENGLAND,False,93C,Z9B2Z,London,full,1
F83040,BEDFORD SQUARE MEDICAL CENTRE,Inactive,ENGLAND,False,,,,archive,1
F83042,GRAY'S INN MEDICAL GROUP CHANCERY LANE,Active,ENGLAND,False,93C,Z9B2Z,London,full,1
F83043,RIDGMOUNT PRACTICE,Active,ENGLAND,False,93C,Z9B2Z,London,full,1
F83044,THE BLOOMSBURY SURGERY,Active,ENGLAND,False,93C,Z9B2Z,London,full,1
F83045,THE MILLER PRACTICE,Active,ENGLAND,False,93C,Z9B2Z,London,full,1
F83046,CAMDEN ROAD SURGERY,Inactive,ENGLAND,False,,,,archive,1
F83048,BRUNSWICK MEDICAL CENTRE UHPC,Active,ENGLAND,False,93C,Z9B2Z,London,full,1
F83049,WEST END LANE MEDICAL PRACTICE,Inactive,ENGLAND,False,07R,,,archive,1
F83050,GRAY'S INN MEDICAL GROUP WEST HAMPSTEAD,Active,ENGLAND,False,93C,Z9B2Z,London,full,1
F83051,TUFNELL PARK SURGERY,Inactive,ENGLAND,False,93C,Z9B2Z,London,full,1
F83052,BROOKFIELD PARK SURGERY,Active,ENGLAND,False,93C,Z9B2Z,London,full,1
F83053,MILDMAY MEDICAL PRACTICE,Active,ENGLAND,False,93C,Z9B2Z,London,full,1
F83055,WEST HAMPSTEAD MEDICAL CENTRE,Active,ENGLAND,False,93C,Z9B2Z,London,full,1
F83056,THE MITCHISON ROAD SURGERY,Active,ENGLAND,False,93C,Z9B2Z,London,full,1
F83057,PARLIAMENT HILL SURGERY,Active,ENGLAND,False,93C,Z9B2Z,London,full,1
F83058,HOLBORN MEDICAL CENTRE,Active,ENGLAND,False,93C,Z9B2Z,London,full,1
F83059,BRONDESBURY MEDICAL CENTRE,Active,ENGLAND,False,93C,Z9B2Z,London,full,1
F83060,THE NORTHERN MEDICAL CENTRE,Active,ENGLAND,False,93C,Z9B2Z,London,full,1
F83061,MUSEUM PRACTICE,Active,ENGLAND,False,93C,Z9B2Z,London,full,1
F83063,KILLICK STREET HEALTH CENTRE,Active,ENGLAND,False,93C,Z9B2Z,London,full,1
F83064,CITY ROAD MEDICAL CENTRE,Active,ENGLAND,False,93C,Z9B2Z,London,full,1
F83602,WESTFIELD MEDICAL CENTRE,Inactive,ENGLAND,False,07R,,,archive,1
F83615,CHOLMLEY GARDENS SURGERY,Active,ENGLAND,False,93C,Z9B2Z,London,full,1
F83623,KEATS GROUP PRACTICE,Active,ENGLAND,False,93C,Z9B2Z,London,full,1
F83624,CLERKENWELL MEDICAL PRACTICE,Active,ENGLAND,False,93C,Z9B2Z,London,full,1
F83630,DR HUSSAIN,Inactive,ENGLAND,False,,,,archive,1
F83632,QUEENS CRESCENT PRACTICE,Active,ENGLAND,False,93C,Z9B2Z,London,full,1
F83633,GRAY'S INN MEDICAL GROUP HAMPSTEAD,Active,ENGLAND,False,93C,Z9B2Z,London,full,1
F83635,KINGS CROSS SURGERY,Active,ENGLAND,False,93C,Z9B2Z,London,full,1
F83648,DR HANS,Inactive,ENGLAND,False,08H,,,full,1
F83652,AMWELL GROUP PRACTICE,Active,ENGLAND,False,93C,Z9B2Z,London,full,1
F83658,BELSIZE PRIORY MEDICAL PRACTICE (GROUP),Active,ENGLAND,False,93C,Z9B2Z,London,full,1
F83660,HIGHBURY GRANGE MEDICAL PRACTICE,Active,ENGLAND,False,93C,Z9B2Z,London,full,1
F83663,DR SHINA'S SURGERY,Inactive,ENGLAND,False,,,,archive,1
F83664,THE VILLAGE PRACTICE,Active,ENGLAND,False,93C,Z9B2Z,London,full,1
F83665,SWISS COTTAGE SURGERY,Active,ENGLAND,False,93C,Z9B2Z,London,full,1
F83666,THE ANDOVER MEDICAL CENTRE,Active,ENGLAND,False,93C,Z9B2Z,London,full,1
F83671,THE BEAUMONT PRACTICE,Active,ENGLAND,False,93C,Z9B2Z,London,full,1
F83672,ST PHILIPS MEDICAL CENTRE,Active,ENGLAND,False,93C,Z9B2Z,London,full,1
F83673,THE MEDICAL CENTRE,Active,ENGLAND,False,93C,Z9B2Z,London,full,1
F83674,THE JUNCTION MEDICAL PRACTICE,Active,ENGLAND,False,93C,Z9B2Z,London,full,1
F83677,THE MATTHEWMAN PRACTICE,Inactive,ENGLAND,False,93C,Z9B2Z,London,full,1
F83678,DR SEGARAJASINGHE,Active,ENGLAND,False,93C,Z9B2Z,London,full,1
F83680,SOBELL MEDICAL CENTRE,Active,ENGLAND,False,93C,Z9B2Z,London,full,1
F83681,PARTNERSHIP PRIMARY CARE CENTRE,Active,ENGLAND,False,93C,Z9B2Z,London,full,1
F83682,ROSSLYN HILL SURGERY,Inactive,ENGLAND,False,93C,Z9B2Z,London,full,1
F83683,SOMERS TOWN MEDICAL CENTRE,Active,ENGLAND,False,93C,Z9B2Z,London,full,1
F83686,STROUD GREEN MEDICAL CENTRE,Active,ENGLAND,False,93C,Z9B2Z,London,full,1
F84003,LOWER CLAPTON GENERAL PRACTICE,Active,ENGLAND,False,A3A8R,QMF,London,full,1
F84004,MARKET STREET HEALTH GROUP,Active,ENGLAND,False,A3A8R,QMF,London,full,1
F84006,SHREWSBURY ROAD SURGERY,Active,ENGLAND,False,A3A8R,QMF,London,full,1
F84008,BARTON HOUSE GROUP PRACTICE,Active,ENGLAND,False,A3A8R,QMF,London,full,1
F84009,STRATFORD VILLAGE SURGERY,Active,ENGLAND,False,A3A8R,QMF,London,full,1
F84010,ASPIRE MEDICAL CENTRE,Active,ENGLAND,False,A3A8R,QMF,London,full,1
F84012,ALBION HEALTH CENTRE,Active,ENGLAND,False,A3A8R,QMF,London,full,1
F84013,STAMFORD HILL GROUP PRACTICE,Active,ENGLAND,False,A3A8R,QMF,London,full,1
F84014,UPTON LANE MEDICAL CENTRE,Active,ENGLAND,False,A3A8R,QMF,London,full,1
F84015,KINGSMEAD HEALTHCARE,Active,ENGLAND,False,A3A8R,QMF,London,full,1
F84016,THE MISSION PRACTICE,Active,ENGLAND,False,A3A8R,QMF,London,full,1
F84017,STAR LANE MEDICAL CENTRE,Active,ENGLAND,False,A3A8R,QMF,London,full,1
F84018,THE NIGHTINGALE PRACTICE,Active,ENGLAND,False,A3A8R,QMF,London,full,1
F84021,LONDON FIELDS MEDICAL CENTRE,Active,ENGLAND,False,A3A8R,QMF,London,full,1
F84022,STRATFORD HEALTH CENTRE,Active,ENGLAND,False,A3A8R,QMF,London,full,1
F84025,GOUGH WALK PRACTICE,Active,ENGLAND,False,A3A8R,QMF,London,full,1
F84030,RUSTON STREET CLINIC,Active,ENGLAND,False,A3A8R,QMF,London,full,1
F84031,THE JUBILEE STREET PRACTICE LTD,Active,ENGLAND,False,A3A8R,QMF,London,full,1
F84032,BARKING ROAD MEDICAL CENTRE,Inactive,ENGLAND,False,08M,QMF,London,full,1
F84033,SOMERFORD GROVE PRACTICE,Active,ENGLAND,False,A3A8R,QMF,London,full,1
F84034,ST. STEPHENS HEALTH CENTRE,Active,ENGLAND,False,A3A8R,QMF,London,full,1
F84035,RICHMOND ROAD MEDICAL CENTRE,Active,ENGLAND,False,A3A8R,QMF,London,full,1
F84036,THE CEDAR PRACTICE,Active,ENGLAND,False,A3A8R,QMF,London,full,1
F84038,BEECHWOOD MEDICAL CENTRE,Active,ENGLAND,False,A3A8R,QMF,London,full,1
F84039,GOODMAN'S FIELD HEALTH CENTRE,Active,ENGLAND,False,A3A8R,QMF,London,full,1
F84041,SOUTHGATE ROAD MEDICAL CENTRE,Inactive,ENGLAND,False,A3A8R,QMF,London,full,1
F84042,THE SURGERY (KINGSLAND ROAD),Inactive,ENGLAND,False,,,,archive,1
F84043,THE SORSBY HEALTH CENTRE,Inactive,ENGLAND,False,07T,QMF,London,full,1
F84044,HARLEY GROVE MEDICAL CTR.,Active,ENGLAND,False,A3A8R,QMF,London,full,1
F84046,BRAYFORD SQUARE SURGERY,Inactive,ENGLAND,False,A3A8R,QMF,London,full,1
F84047,CUSTOM HOUSE SURGERY,Active,ENGLAND,False,A3A8R,QMF,London,full,1
F84050,BOLEYN MEDICAL CENTRE,Active,ENGLAND,False,A3A8R,QMF,London,full,1
F84051,STROUTS PLACE MEDICAL CENTRE,Active,ENGLAND,False,A3A8R,QMF,London,full,1
F84052,ESSEX LODGE,Active,ENGLAND,False,A3A8R,QMF,London,full,1
F84053,GREENGATE MEDICAL CENTRE,Active,ENGLAND,False,A3A8R,QMF,London,full,1
F84054,THE LIMEHOUSE PRACTICE,Active,ENGLAND,False,A3A8R,QMF,London,full,1
F84055,THE GROVE ROAD SURGERY,Active,ENGLAND,False,A3A8R,QMF,London,full,1
F84060,ATHENA MEDICAL CENTRE,Active,ENGLAND,False,A3A8R,QMF,London,full,1
F84062,THE CHRISP STREET HTH CTR,Active,ENGLAND,False,A3A8R,QMF,London,full,1
F84063,DALSTON PRACTICE,Active,ENGLAND,False,A3A8R,QMF,London,full,1
F84069,WELL STREET SURGERY,Active,ENGLAND,False,A3A8R,QMF,London,full,1
F84070,LATHOM ROAD MEDICAL CENTRE,Active,ENGLAND,False,A3A8R,QMF,London,full,1
F84072,DE BEAUVOIR SURGERY,Active,ENGLAND,False,A3A8R,QMF,London,full,1
F84074,WORDSWORTH HEALTH CENTRE,Active,ENGLAND,False,A3A8R,QMF,London,full,1
F84077,NEWHAM VICARAGE PRACTICE,Active,ENGLAND,False,A3A8R,QMF,London,full,1
F84079,THE WAPPING GROUP PRACTICE,Active,ENGLAND,False,A3A8R,QMF,London,full,1
F84080,FOUNTAYNE ROAD MEDICAL PRACTICE,Active,ENGLAND,False,A3A8R,QMF,London,full,1
F84081,THE SPITALFIELDS PRACTICE,Active,ENGLAND,False,A3A8R,QMF,London,full,1
F84083,BETHNAL GREEN HEALTH CTR.,Active,ENGLAND,False,A3A8R,QMF,London,full,1
F84086,THE FOREST PRACTICE,Active,ENGLAND,False,A3A8R,QMF,London,full,1
F84087,HARFORD HEALTH CENTRE,Active,ENGLAND,False,A3A8R,QMF,London,full,1
F84088,PLASHET ROAD MEDICAL CENTRE,Active,ENGLAND,False,A3A8R,QMF,London,full,1
F84089,MANOR PARK MEDICAL CENTRE,Inactive,ENGLAND,False,08M,QMF,London,full,1
F84091,THE SURGERY - DR A ARSHAD,Inactive,ENGLAND,False,08M,QMF,London,full,1
F84092,GLEN ROAD MEDICAL CENTRE,Active,ENGLAND,False,A3A8R,QMF,London,full,1
F84093,TOLLGATE MEDICAL CENTRE,Active,ENGLAND,False,A3A8R,QMF,London,full,1
F84096,THE LAWSON PRACTICE,Active,ENGLAND,False,A3A8R,QMF,London,full,1
F84097,CLAREMONT CLINIC,Active,ENGLAND,False,A3A8R,QMF,London,full,1
F84105,THE LEA SURGERY,Active,ENGLAND,False,A3A8R,QMF,London,full,1
F84111,ABBEY ROAD MEDICAL PRACTICE,Active,ENGLAND,False,A3A8R,QMF,London,full,1
F84114,CITY SQUARE MEDICAL GROUP,Active,ENGLAND,False,A3A8R,QMF,London,full,1
F84115,THE STATHAM GROVE SURGERY,Active,ENGLAND,False,A3A8R,QMF,London,full,1
F84117,QUEENSBRIDGE GROUP PRACTICE,Active,ENGLAND,False,A3A8R,QMF,London,full,1
F84118,WELLINGTON WAY HEALTH CENTRE,Active,ENGLAND,False,A3A8R,QMF,London,full,1
F84119,THE HERON PRACTICE,Active,ENGLAND,False,A3A8R,QMF,London,full,1
F84121,E12 HEALTH,Active,ENGLAND,False,A3A8R,QMF,London,full,1
F84122,XX PLACE HEALTH CENTRE,Active,ENGLAND,False,A3A8R,QMF,London,full,1
F84123,SUTTONS WHARF HEALTH CENTRE,Active,ENGLAND,False,A3A8R,QMF,London,full,1
F84124,THE PROJECT SURGERY,Active,ENGLAND,False,A3A8R,QMF,London,full,1
F84601,ELSDALE STREET SURGERY,Active,ENGLAND,False,A3A8R,QMF,London,full,1
F84619,THE RIVERSIDE PRACTICE,Active,ENGLAND,False,A3A8R,QMF,London,full,1
F84620,THE WICK HEALTH CENTRE,Active,ENGLAND,False,A3A8R,QMF,London,full,1
F84621,SANDRINGHAM PRACTICE,Active,ENGLAND,False,A3A8R,QMF,London,full,1
F84624,ABNEY HOUSE MEDICAL CENTRE,Inactive,ENGLAND,False,07T,QMF,London,full,1
F84631,LORD LISTER HEALTH CENTRE,Inactive,ENGLAND,False,08M,QMF,London,full,1
F84632,THE GREENHOUSE WALK-IN,Active,ENGLAND,False,A3A8R,QMF,London,full,1
F84635,SHOREDITCH PARK SURGERY,Active,ENGLAND,False,A3A8R,QMF,London,full,1
F84636,THE SURGERY (BARRETTS GROVE),Active,ENGLAND,False,A3A8R,QMF,London,full,1
F84640,THE NEAMAN PRACTICE,Active,ENGLAND,False,A3A8R,QMF,London,full,1
F84641,BIRCHDALE ROAD MEDICAL CENTRE,Active,ENGLAND,False,A3A8R,QMF,London,full,1
F84642,LUCAS AVENUE PRACTICE,Active,ENGLAND,False,A3A8R,QMF,London,full,1
F84647,ROSERTON STREET SURGERY,Active,ENGLAND,False,A3A8R,QMF,London,full,1
F84653,THE SURGERY (PATEL),Inactive,ENGLAND,False,,,,archive,1
F84654,RODING PRACTICE,Inactive,ENGLAND,False,,,,archive,1
F84656,DOCKLANDS MEDICAL CENTRE,Active,ENGLAND,False,A3A8R,QMF,London,full,1
F84657,CUMBERLAND MEDICAL CENTRE,Inactive,ENGLAND,False,A3A8R,QMF,London,full,1
F84658,SANGAM PRACTICE,Active,ENGLAND,False,A3A8R,QMF,London,full,1
F84659,THE TOWER OF LONDON SURGERY,Inactive,ENGLAND,False,07T,QMF,London,full,1
F84660,DR CM PATEL'S SURGERY,Active,ENGLAND,False,A3A8R,QMF,London,full,1
F84661,WEST HAM MEDICAL PRACTICE,Inactive,ENGLAND,False,08M,QMF,London,full,1
F84666,THE RUIZ MEDICAL PRACTICE,Active,ENGLAND,False,A3A8R,QMF,London,full,1
F84668,THE CLAPTON SURGERY,Active,ENGLAND,False,A3A8R,QMF,London,full,1
F84669,CENTRAL PARK SURGERY,Active,ENGLAND,False,A3A8R,QMF,London,full,1
F84670,WESTBURY ROAD MEDICAL PRACTICE,Active,ENGLAND,False,A3A8R,QMF,London,full,1
F84671,KATHERINE ROAD MEDICAL CENTRE,Inactive,ENGLAND,False,08M,QMF,London,full,1
F84672,FIRST 4 HEALTH GROUP - E7 HEALTH,Active,ENGLAND,False,A3A8R,QMF,London,full,1
F84673,ESK ROAD MEDICAL CENTRE,Inactive,ENGLAND,False,A3A8R,QMF,London,full,1
F84676,THE STROUDLEY WLK HTH CTR,Inactive,ENGLAND,False,A3A8R,QMF,London,full,1
F84677,EAST END MEDICAL CENTRE,Active,ENGLAND,False,A3A8R,QMF,London,full,1
F84679,UPPER ROAD MEDICAL CENTRE,Inactive,ENGLAND,False,08M,QMF,London,full,1
F84681,BALAAM STREET PRACTICE,Active,ENGLAND,False,A3A8R,QMF,London,full,1
F84682,EAST ONE HEALTH,Inactive,ENGLAND,False,A3A8R,QMF,London,full,1
F84685,THE ELM PRACTICE,Inactive,ENGLAND,False,A3A8R,QMF,London,full,1
F84686,THE SURGERY (CRANWICH ROAD),Active,ENGLAND,False,A3A8R,QMF,London,full,1
F84692,THE HOXTON SURGERY,Active,ENGLAND,False,A3A8R,QMF,London,full,1
F84694,THE SURGERY (BROOKE ROAD),Active,ENGLAND,False,A3A8R,QMF,London,full,1
F84696,TREDEGAR PRACTICE,Active,ENGLAND,False,A3A8R,QMF,London,full,1
F84698,ABERFELDY PRACTICE,Active,ENGLAND,False,A3A8R,QMF,London,full,1
F84699,STRATFORD MEDICAL CENTRE,Inactive,ENGLAND,False,08M,QMF,London,archive,1
F84700,DMC HEALTHCARE 1,Inactive,ENGLAND,False,08M,QMF,London,full,1
F84702,ALL SAINTS PRACTICE,Inactive,ENGLAND,False,08V,QMF,London,full,1
F84706,DR SKS SWEDAN,Inactive,ENGLAND,False,A3A8R,QMF,London,full,1
F84707,ST LUKES HEALTH CENTRE - PSU,Inactive,ENGLAND,False,,,,archive,1
F84708,DR T LWIN,Inactive,ENGLAND,False,08M,QMF,London,full,1
F84710,ISLAND HEALTH,Active,ENGLAND,False,A3A8R,QMF,London,full,1
F84711,ROSEWOOD PRACTICE,Inactive,ENGLAND,False,A3A8R,QMF,London,full,1
F84713,EAST HAM MEDICAL CENTRE,Inactive,ENGLAND,False,08M,QMF,London,full,1
F84714,ST.PAUL'S WAY MEDICAL CTR,Inactive,ENGLAND,False,A3A8R,QMF,London,full,1
F84716,THE ALLERTON ROAD SURGERY,Active,ENGLAND,False,A3A8R,QMF,London,full,1
F84717,ROYAL DOCKS MEDICAL PRACTICE,Active,ENGLAND,False,A3A8R,QMF,London,full,1
F84718,THE BLITHEHALE MED.CTR.,Active,ENGLAND,False,A3A8R,QMF,London,full,1
F84719,LATIMER HEALTH CENTRE,Active,ENGLAND,False,A3A8R,QMF,London,full,1
F84720,HEALY MEDICAL CENTRE,Active,ENGLAND,False,A3A8R,QMF,London,full,1
F84724,WOODGRANGE MEDICAL PRACTICE,Active,ENGLAND,False,A3A8R,QMF,London,full,1
F84727,PRIME MEDICAL CENTRE,Inactive,ENGLAND,False,08M,QMF,London,archive,1
F84729,THE MANOR PARK PRACTICE,Active,ENGLAND,False,A3A8R,QMF,London,full,1
F84730,THE VICARAGE LANE SURGERY,Active,ENGLAND,False,A3A8R,QMF,London,full,1
F84731,ST. KATHERINE'S DOCK PRACTICE,Active,ENGLAND,False,A3A8R,QMF,London,full,1
F84733,HEALTH E1,Active,ENGLAND,False,A3A8R,QMF,London,full,1
F84734,BOLEYN ROAD PRACTICE,Inactive,ENGLAND,False,A3A8R,QMF,London,full,1
F84735,THE AZAD PRACTICE,Active,ENGLAND,False,A3A8R,QMF,London,full,1
F84736,PSU CHURCH ROAD,Inactive,ENGLAND,False,,,,archive,1
F84739,E12 MEDICAL CENTRE,Active,ENGLAND,False,A3A8R,QMF,London,full,1
F84740,NEWHAM TRANSITIONAL PRACTICE,Active,ENGLAND,False,A3A8R,QMF,London,full,1
F84741,PLASHET HARMONY PRACTICE,Active,ENGLAND,False,A3A8R,QMF,London,full,1
F84742,THE SUMMITT PRACTICE,Inactive,ENGLAND,False,A3A8R,QMF,London,full,1
F84747,THE BARKANTINE PRACTICE,Active,ENGLAND,False,A3A8R,QMF,London,full,1
F84749,CARPENTERS PRACTICE,Active,ENGLAND,False,A3A8R,QMF,London,full,1
F84750,COMMUNITY DERMATOLOGY CLINIC,Active,ENGLAND,False,A3A8R,QMF,London,full,1
F85002,MEDICUS HEALTH PARTNERS,Active,ENGLAND,False,93C,Z9B2Z,London,full,1
F85003,MEDICUS HEALTH PARTNERS-RILEY HOUSE,Inactive,ENGLAND,False,93C,Z9B2Z,London,full,1
F85004,EAGLE HOUSE SURGERY,Active,ENGLAND,False,93C,Z9B2Z,London,full,1
F85007,LAWRENCE HOUSE SURGERY,Active,ENGLAND,False,93C,Z9B2Z,London,full,1
F85008,STAUNTON GROUP PRACTICE,Active,ENGLAND,False,93C,Z9B2Z,London,full,1
F85009,RIVERSIDE PRACTICE,Inactive,ENGLAND,False,,,,archive,1
F85010,KEATS SURGERY,Active,ENGLAND,False,93C,Z9B2Z,London,full,1
F85011,BOWES MEDICAL CENTRE,Inactive,ENGLAND,False,07X,,,full,1
F85012,THE GREENS MEDICAL PRACTICE,Inactive,ENGLAND,False,,,,archive,1
F85013,TYNEMOUTH MEDICAL PRACTICE,Active,ENGLAND,False,93C,Z9B2Z,London,full,1
F85014,HIGHGATE GROUP PRACTICE,Active,ENGLAND,False,93C,Z9B2Z,London,full,1
F85015,DOVER HOUSE SURGERY,Inactive,ENGLAND,False,07X,,,full,1
F85016,COCKFOSTERS MEDICAL CTRE,Active,ENGLAND,False,93C,Z9B2Z,London,full,1
F85017,CHARLTON HOUSE MEDICAL CENTRE,Active,ENGLAND,False,93C,Z9B2Z,London,full,1
F85018,TURNPIKE LANE (EL KINANI),Inactive,ENGLAND,False,,,,archive,1
F85019,MORRIS HOUSE GROUP PRACTICE,Active,ENGLAND,False,93C,Z9B2Z,London,full,1
F85020,THE WOODBERRY PRACTICE,Active,ENGLAND,False,93C,Z9B2Z,London,full,1
F85022,TOTTENHAM LANE SURGERY,Inactive,ENGLAND,False,,,,archive,2
F85023,THE ORDNANCE UNITY CENTRE FOR HEALTH,Active,ENGLAND,False,93C,Z9B2Z,London,full,1
F85024,MEDICUS HEALTH PARTNERS-DEAN HOUSE,Inactive,ENGLAND,False,93C,Z9B2Z,London,full,1
F85025,WHITE LODGE MEDICAL PRACTICE,Active,ENGLAND,False,93C,Z9B2Z,London,full,1
F85026,PARK ROAD SURGERY,Inactive,ENGLAND,False,08D,,,full,1
F85027,MEDICUS HEALTH PARTNERS-CARLTON HOUSE,Inactive,ENGLAND,False,93C,Z9B2Z,London,full,1
F85028,BRUCE GROVE PRIMARY HEALTH CARE CTR,Active,ENGLAND,False,93C,Z9B2Z,London,full,1
F85029,ABERNETHY HOUSE SURGERY,Active,ENGLAND,False,93C,Z9B2Z,London,full,1
F85030,SOMERSET GARDENS FAMILY HEALTH CENTRE,Active,ENGLAND,False,93C,Z9B2Z,London,full,1
F85031,WESTBURY MEDICAL CENTRE,Active,ENGLAND,False,93C,Z9B2Z,London,full,1
F85032,SOUTHGATE,Active,ENGLAND,False,93C,Z9B2Z,London,full,1
F85033,WINCHMORE HILL PRACTICE,Active,ENGLAND,False,93C,Z9B2Z,London,full,1
F85034,ARCADIAN GARDENS SURGERY,Active,ENGLAND,False,93C,Z9B2Z,London,full,1
F85035,HIGHLANDS PRACTICE,Active,ENGLAND,False,93C,Z9B2Z,London,full,1
F85036,MEDICUS HEALTH PARTNERS-WILLOW HOUSE,Inactive,ENGLAND,False,93C,Z9B2Z,London,full,1
F85037,JAINA HOUSE SURGERY,Inactive,ENGLAND,False,,,,archive,1
F85039,RAINBOW PRACTICE,Active,ENGLAND,False,93C,Z9B2Z,London,full,1
F85043,BOUNDARY COURT SURGERY,Inactive,ENGLAND,False,93C,Z9B2Z,London,full,1
F85044,BOUNCES ROAD SURGERY LTD,Active,ENGLAND,False,93C,Z9B2Z,London,full,1
F85045,QUEENS AVENUE PRACTICE,Inactive,ENGLAND,False,93C,Z9B2Z,London,full,1
F85046,HORNSEY PARK SURGERY,Active,ENGLAND,False,93C,Z9B2Z,London,full,1
F85048,MEDICUS HEALTH PARTNERS-MOORFIELD ROAD,Inactive,ENGLAND,False,93C,Z9B2Z,London,full,1
F85049,PHILIP LANE SURGERY (SIVA),Inactive,ENGLAND,False,08D,,,full,1
F85052,SPUR ROAD SURGERY,Inactive,ENGLAND,False,93C,Z9B2Z,London,full,1
F85053,PARK LODGE MEDICAL CENTRE,Inactive,ENGLAND,False,93C,Z9B2Z,London,full,1
F85055,MEDICUS HEALTH PARTNERS-CONNAUGHTSURGERY,Inactive,ENGLAND,False,93C,Z9B2Z,London,full,1
F85058,NIGHTINGALE HOUSE SURGERY,Active,ENGLAND,False,93C,Z9B2Z,London,full,1
F85059,ST JOHN'S SURGERY,Inactive,ENGLAND,False,08D,,,full,1
F85060,HAVERGAL SURGERY,Active,ENGLAND,False,93C,Z9B2Z,London,full,1
F85061,CHRISTCHURCH HALL SURGERY,Active,ENGLAND,False,93C,Z9B2Z,London,full,1
F85063,THE MUSWELL HILL PRACTICE,Active,ENGLAND,False,93C,Z9B2Z,London,full,1
F85064,HIGH ROAD SURGERY (STUART CRESCENT HC),Active,ENGLAND,False,93C,Z9B2Z,London,full,1
F85065,STUART CRESCENT MEDICAL PRACTICE,Active,ENGLAND,False,93C,Z9B2Z,London,full,1
F85066,BOUNDS GREEN GROUP PRACTICE,Active,ENGLAND,False,93C,Z9B2Z,London,full,1
F85067,THE 157 MEDICAL PRACTICE,Active,ENGLAND,False,93C,Z9B2Z,London,full,1
F85069,CROUCH HALL ROAD SURGERY,Active,ENGLAND,False,93C,Z9B2Z,London,full,1
F85071,FERNLEA SURGERY,Active,ENGLAND,False,93C,Z9B2Z,London,full,1
F85072,GROVELANDS MEDICAL CENTRE,Active,ENGLAND,False,93C,Z9B2Z,London,full,1
F85076,MEDICUS HEALTH PARTNERS-FREEZYWATER PCC,Inactive,ENGLAND,False,93C,Z9B2Z,London,full,1
F85077,GRENOBLE GARDENS SURGERY,Inactive,ENGLAND,False,,,,archive,1
F85615,TOTTENHAM HEALTH CENTRE,Active,ENGLAND,False,93C,Z9B2Z,London,full,1
F85623,GROVE ROAD SURGERY,Active,ENGLAND,False,93C,Z9B2Z,London,full,1
F85625,BINCOTE SURGERY,Active,ENGLAND,False,93C,Z9B2Z,London,full,1
F85628,"WELBOURNE GP SURGERY, WELBOURNE H C",Active,ENGLAND,False,93C,Z9B2Z,London,full,1
F85632,GREEN LANES (ANSARI),Inactive,ENGLAND,False,08D,,,full,1
F85634,EAST ENFIELD MEDICAL CENTRE,Active,ENGLAND,False,93C,Z9B2Z,London,full,1
F85640,CHESHIRE ROAD SURGERY,Active,ENGLAND,False,93C,Z9B2Z,London,full,1
F85641,HIGH ROAD SURGERY (SINGH),Inactive,ENGLAND,False,,,,archive,2
F85642,THE NORTH LONDON HEALTH CENTRE,Active,ENGLAND,False,93C,Z9B2Z,London,full,1
F85643,WESTBURY AVENUE SURGERY,Inactive,ENGLAND,False,08D,,,archive,1
F85645,MYDDLETON ROAD SURGERY,Inactive,ENGLAND,False,93C,Z9B2Z,London,full,1
F85650,MORECAMBE SURGERY,Active,ENGLAND,False,93C,Z9B2Z,London,full,1
F85652,MEDICUS HEALTH PARTNERS-SOUTHBURY,Inactive,ENGLAND,False,93C,Z9B2Z,London,full,1
F85654,BRICK LANE SURGERY,Inactive,ENGLAND,False,93C,Z9B2Z,London,full,1
F85656,MEDICUS HEALTH PARTNERS- BUSH HILL PARK,Inactive,ENGLAND,False,93C,Z9B2Z,London,full,1
F85658,GROSVENOR ROAD SURGERY,Inactive,ENGLAND,False,08D,,,archive,1
F85660,PARK LANE SURGERY,Inactive,ENGLAND,False,08D,,,archive,1
F85663,LATYMER ROAD SURGERY,Active,ENGLAND,False,93C,Z9B2Z,London,full,1
F85665,ST PAUL'S ROAD SURGERY,Inactive,ENGLAND,False,,,,archive,1
F85666,DR ME SILVER'S PRACTICE,Active,ENGLAND,False,93C,Z9B2Z,London,full,1
F85669,WEST GREEN SURGERY,Active,ENGLAND,False,93C,Z9B2Z,London,full,1
F85675,THE ALEXANDRA SURGERY,Active,ENGLAND,False,93C,Z9B2Z,London,full,1
F85676,BOUNDARY HOUSE SURGERY,Active,ENGLAND,False,93C,Z9B2Z,London,full,1
F85678,THE TOWN SURGERY LTD,Active,ENGLAND,False,93C,Z9B2Z,London,full,1
F85679,ALLENSON HOUSE MEDICAL CENTRE,Inactive,ENGLAND,False,08D,,,full,1
F85680,THE 157 MEDICAL PRACTICE (NUBI),Inactive,ENGLAND,False,08D,,,archive,1
F85681,MEDICUS HEALTH PARTNERS-GREEN STREET,Inactive,ENGLAND,False,93C,Z9B2Z,London,full,1
F85682,CHALFONT SURGERY,Active,ENGLAND,False,93C,Z9B2Z,London,full,1
F85684,MEDICUS HEALTH PARTNERS-CURZON AVENUE,Inactive,ENGLAND,False,93C,Z9B2Z,London,full,1
F85686,TRINITY AVENUE SURGERY,Inactive,ENGLAND,False,93C,Z9B2Z,London,full,1
F85687,OAKWOOD MEDICAL CENTRE,Active,ENGLAND,False,93C,Z9B2Z,London,full,1
F85688,RUTLAND HOUSE SURGERY,Active,ENGLAND,False,93C,Z9B2Z,London,full,1
F85697,THE OLD SURGERY,Active,ENGLAND,False,93C,Z9B2Z,London,full,1
F85699,BROADWATER FARM HEALTH CENTRE,Inactive,ENGLAND,False,08D,,,archive,1
F85700,ARNOS GROVE MEDICAL CENTR,Active,ENGLAND,False,93C,Z9B2Z,London,full,1
F85701,GILLAN HOUSE SURGERY,Active,ENGLAND,False,93C,Z9B2Z,London,full,1
F85703,MEDICUS HEALTH PARTNERS-LINCOLN ROAD MED,Inactive,ENGLAND,False,93C,Z9B2Z,London,full,1
F85705,JS MEDICAL PRACTICE,Active,ENGLAND,False,93C,Z9B2Z,London,full,1
F85706,THE GREEN PRACTICE,Inactive,ENGLAND,False,,,,archive,1
F85707,MEDICUS HEALTH PARTNERS-ENFIELD ISLAND,Inactive,ENGLAND,False,93C,Z9B2Z,London,full,1
F85708,GREEN LANES (RAJA),Inactive,ENGLAND,False,08D,,,full,1
F86001,THE FIRS,Active,ENGLAND,False,A3A8R,QMF,London,full,1
F86004,HANDSWORTH MEDICAL PRACTICE,Active,ENGLAND,False,A3A8R,QMF,London,full,1
F86005,THE PENRHYN SURGERY,Active,ENGLAND,False,A3A8R,QMF,London,full,1
F86006,SEYMOUR MEDICAL CENTRE,Active,ENGLAND,False,A3A8R,QMF,London,full,1
F86007,THE FOREST EDGE PRACTICE,Active,ENGLAND,False,A3A8R,QMF,London,full,1
F86008,GANTS HILL MED CTR & THE REDBRIDGE SURG,Active,ENGLAND,False,A3A8R,QMF,London,full,1
F86009,THE PALMS MEDICAL CENTRE,Active,ENGLAND,False,A3A8R,QMF,London,full,1
F86010,FULLWELL CROSS MED. CTR.,Active,ENGLAND,False,A3A8R,QMF,London,full,1
F86011,THE MANOR PRACTICE,Active,ENGLAND,False,A3A8R,QMF,London,full,1
F86012,RYDAL,Active,ENGLAND,False,A3A8R,QMF,London,full,1
F86013,THE BROADWAY SURGERY,Active,ENGLAND,False,A3A8R,QMF,London,full,1
F86018,THE ECCLESBOURNE PRACTICE,Active,ENGLAND,False,A3A8R,QMF,London,full,1
F86020,GLEBELANDS PRACTICE,Active,ENGLAND,False,A3A8R,QMF,London,full,1
F86022,ILFORD MEDICAL CENTRE,Active,ENGLAND,False,A3A8R,QMF,London,full,1
F86023,THE EVERGREEN SURGERY,Active,ENGLAND,False,A3A8R,QMF,London,full,1
F86025,OAK TREE MEDICAL CENTRE,Active,ENGLAND,False,A3A8R,QMF,London,full,1
F86026,THE FOREST SURGERY,Active,ENGLAND,False,A3A8R,QMF,London,full,1
F86028,CHADWELL HEATH SURGERY,Active,ENGLAND,False,A3A8R,QMF,London,full,1
F86030,QUEENS ROAD MEDICAL CENTRE,Active,ENGLAND,False,A3A8R,QMF,London,full,1
F86032,WANSTEAD PLACE SURGERY,Active,ENGLAND,False,A3A8R,QMF,London,full,1
F86034,"GREEN LANE, GOODMAYES MEDICAL PRACTICE",Active,ENGLAND,False,A3A8R,QMF,London,full,1
F86036,THE ALLUM MEDICAL CENTRE,Active,ENGLAND,False,A3A8R,QMF,London,full,1
F86038,SMA MEDICAL PRACTICE,Active,ENGLAND,False,A3A8R,QMF,London,full,1
F86040,DR A ARIF,Active,ENGLAND,False,A3A8R,QMF,London,full,1
F86042,BALFOUR ROAD SURGERY,Active,ENGLAND,False,A3A8R,QMF,London,full,1
F86044,CRAWLEY ROAD MEDICAL CENTRE,Active,ENGLAND,False,A3A8R,QMF,London,full,1
F86045,HIGH ROAD SURGERY,Active,ENGLAND,False,A3A8R,QMF,London,full,1
F86049,DR UDUKU PRACTICE,Inactive,ENGLAND,False,08W,QMF,London,full,1
F86057,THE WILLOWS PRACTICE,Active,ENGLAND,False,A3A8R,QMF,London,full,1
F86058,ST JAMES MEDICAL PRACTICE LIMITED,Active,ENGLAND,False,A3A8R,QMF,London,full,1
F86060,NEWBURY GROUP PRACTICE,Active,ENGLAND,False,A3A8R,QMF,London,full,1
F86062,GROVE SURGERY,Active,ENGLAND,False,A3A8R,QMF,London,full,1
F86064,THE ELMHURST PRACTICE,Active,ENGLAND,False,A3A8R,QMF,London,full,1
F86066,SOUTHDENE SURGERY,Active,ENGLAND,False,A3A8R,QMF,London,full,1
F86073,LEYTON GREEN NEIGHBOURHOOD HS,Inactive,ENGLAND,False,08W,QMF,London,full,1
F86074,LEYTON HEALTHCARE 4TH FLOOR,Active,ENGLAND,False,A3A8R,QMF,London,full,1
F86078,THE RIDGEWAY SURGERY,Active,ENGLAND,False,A3A8R,QMF,London,full,1
F86081,KENWOOD MEDICAL,Active,ENGLAND,False,A3A8R,QMF,London,full,1
F86082,ILFORD LANE SURGERY,Active,ENGLAND,False,A3A8R,QMF,London,full,1
F86083,THE EASTERN AVENUE MEDICAL CENTRE,Active,ENGLAND,False,A3A8R,QMF,London,full,1
F86085,HAINAULT SURGERY,Active,ENGLAND,False,A3A8R,QMF,London,full,1
F86086,DR DHITAL PRACTICE,Active,ENGLAND,False,A3A8R,QMF,London,full,1
F86087,GOODMAYES MEDICAL CENTRE,Active,ENGLAND,False,A3A8R,QMF,London,full,1
F86088,THE LYNDHURST SURGERY,Active,ENGLAND,False,A3A8R,QMF,London,full,1
F86607,ADDISON ROAD MEDICAL PRACTICE,Active,ENGLAND,False,A3A8R,QMF,London,full,1
F86612,THE FULLWELL AVENUE SURGERY,Active,ENGLAND,False,A3A8R,QMF,London,full,1
F86616,THE OLD CHURCH SURGERY,Active,ENGLAND,False,A3A8R,QMF,London,full,1
F86621,DR MOHAMMED GREEN MAN MEDICAL CENTRE,Active,ENGLAND,False,A3A8R,QMF,London,full,1
F86624,THE HEATHCOTE PRIMARY CARE CENTRE,Active,ENGLAND,False,A3A8R,QMF,London,full,1
F86625,LL MEDICAL CARE LTD,Active,ENGLAND,False,A3A8R,QMF,London,full,1
F86626,DR SHANTIR PRACTICE,Active,ENGLAND,False,A3A8R,QMF,London,full,1
F86627,CHURCHILL MEDICAL CENTRE,Active,ENGLAND,False,A3A8R,QMF,London,full,1
F86635,SPEARPOINT SURGERY,Inactive,ENGLAND,False,08N,QMF,London,full,1
F86637,SEVEN KINGS PRACTICE,Active,ENGLAND,False,A3A8R,QMF,London,full,1
F86638,THE MICROFACULTY,Active,ENGLAND,False,A3A8R,QMF,London,full,1
F86639,THATCHED HOUSE MEDICAL CENTRE,Inactive,ENGLAND,False,08W,QMF,London,full,1
F86641,THE SHRUBBERIES MEDICAL CENTRE,Active,ENGLAND,False,A3A8R,QMF,London,full,1
F86642,CASTLETON ROAD HEALTH CENTRE,Inactive,ENGLAND,False,A3A8R,QMF,London,full,1
F86644,WALTHAM FOREST COMM & FAM HTH SERV LTD,Active,ENGLAND,False,A3A8R,QMF,London,full,1
F86650,LIME TREE SURGERY,Active,ENGLAND,False,A3A8R,QMF,London,full,1
F86652,THE DRIVE SURGERY,Active,ENGLAND,False,A3A8R,QMF,London,full,1
F86655,THE COURTLAND SURGERY,Inactive,ENGLAND,False,08N,QMF,London,full,1
F86657,YORK ROAD SURGERY,Active,ENGLAND,False,A3A8R,QMF,London,full,1
F86658,QUEEN MARY PRACTICE,Active,ENGLAND,False,A3A8R,QMF,London,full,1
F86664,LARKSHALL MEDICAL CENTRE,Active,ENGLAND,False,A3A8R,QMF,London,full,1
F86666,HARROW ROAD GP CENTRE,Active,ENGLAND,False,A3A8R,QMF,London,full,1
F86675,RODING (LANE) SURGERY,Inactive,ENGLAND,False,08N,QMF,London,full,1
F86679,HIGHAM HILL MEDICAL CENTRE,Active,ENGLAND,False,A3A8R,QMF,London,full,1
F86680,FERNDALE SURGERY,Inactive,ENGLAND,False,,,,archive,1
F86686,HAYAT MEDICAL CENTRE,Inactive,ENGLAND,False,08W,QMF,London,full,1
F86689,THE BAILEY PRACTICE,Active,ENGLAND,False,A3A8R,QMF,London,full,1
F86691,CLAYHALL CLINIC,Active,ENGLAND,False,A3A8R,QMF,London,full,1
F86692,MATHUKIA'S SURGERY,Active,ENGLAND,False,A3A8R,QMF,London,full,1
F86696,FRANCIS ROAD MEDICAL CENTRE,Active,ENGLAND,False,A3A8R,QMF,London,full,1
F86698,CRANBROOK SURGERY,Active,ENGLAND,False,A3A8R,QMF,London,full,1
F86699,DR SIDDIQUI PRACTICE,Inactive,ENGLAND,False,,,,archive,1
F86700,KINGS HEAD MEDICAL PRACTICE,Active,ENGLAND,False,A3A8R,QMF,London,full,1
F86701,KIYANI MEDICAL PRACTICE,Active,ENGLAND,False,A3A8R,QMF,London,full,1
F86702,ST CLEMENT'S SURGERY,Active,ENGLAND,False,A3A8R,QMF,London,full,1
F86703,THE REDBRIDGE SURGERY,Inactive,ENGLAND,False,A3A8R,QMF,London,full,1
F86704,PAULZ SURGERY,Inactive,ENGLAND,False,08N,QMF,London,full,1
F86705,LANGTHORNE SHARMA FAMILY PRACTICE,Active,ENGLAND,False,A3A8R,QMF,London,full,1
F86707,FENCE PIECE ROAD MEDICAL CENTRE,Active,ENGLAND,False,A3A8R,QMF,London,full,1
F86708,CLAREMONT MEDICAL CENTRE,Active,ENGLAND,False,A3A8R,QMF,London,full,1
F86712,HAMPTON MEDICAL CENTRE,Active,ENGLAND,False,A3A8R,QMF,London,full,1
F86731,ALDERSBROOK MEDICAL CENTRE,Active,ENGLAND,False,A3A8R,QMF,London,full,1
G81001,HOVE MEDICAL CENTRE,Active,ENGLAND,False,09D,S9B9J,,full,1
G81002,GROVE ROAD SURGERY,Active,ENGLAND,False,97R,S9B9J,,full,1
G81003,THE LIGHTHOUSE MEDICAL PRACTICE,Active,ENGLAND,False,97R,S9B9J,,full,1
G81004,DOWNLANDS MEDICAL CENTRE,Active,ENGLAND,False,97R,S9B9J,,full,1
G81005,EATON PLACE SURGERY,Inactive,ENGLAND,False,09D,S9B9J,,archive,1
G81006,ARDINGLY COURT SURGERY,Active,ENGLAND,False,09D,S9B9J,,full,1
G81007,MID DOWNS MEDICAL PRACTICE,Inactive,ENGLAND,False,97R,S9B9J,,full,1
G81008,STONE CROSS SURGERY,Active,ENGLAND,False,97R,S9B9J,,full,1
G81009,SACKVILLE MEDICAL CENTRE,Inactive,ENGLAND,False,09D,S9B9J,,full,1
G81011,ST. PETER'S MEDICAL CENTRE,Active,ENGLAND,False,09D,S9B9J,,full,1
G81012,BRIDGESIDE SURGERY,Active,ENGLAND,False,97R,S9B9J,,full,1
G81013,CORNWALLIS PLAZA SURGERY,Inactive,ENGLAND,False,09P,,,full,1
G81014,CARDEN SURGERY,Active,ENGLAND,False,09D,S9B9J,,full,1
G81016,QUAYSIDE MEDICAL PRACTICE,Active,ENGLAND,False,97R,S9B9J,,full,1
G81017,SEASIDE MEDICAL CENTRE,Active,ENGLAND,False,97R,S9B9J,,full,1
G81018,PRESTON PARK SURGERY,Active,ENGLAND,False,09D,S9B9J,,full,1
G81019,BEACON SURGERY,Active,ENGLAND,False,97R,S9B9J,,full,1
G81020,THE PRACTICE NORTH STREET,Inactive,ENGLAND,False,09D,S9B9J,,full,1
G81021,FOUNDRY HEALTHCARE LEWES,Active,ENGLAND,False,97R,S9B9J,,full,1
G81022,SOVEREIGN PRACTICE,Active,ENGLAND,False,97R,S9B9J,,full,1
G81023,MARTINS OAK SURGERY,Active,ENGLAND,False,97R,S9B9J,,full,1
G81024,ASHDOWN FOREST HEALTH CENTRE,Active,ENGLAND,False,97R,S9B9J,,full,1
G81025,PEBSHAM SURGERY,Inactive,ENGLAND,False,97R,S9B9J,,full,1
G81026,WARRIOR SQUARE SURGERY,Inactive,ENGLAND,False,97R,S9B9J,,full,1
G81027,BOLTON ROAD SURGERY,Inactive,ENGLAND,False,97R,S9B9J,,full,1
G81028,PARK CRESCENT HEALTH CENTRE,Active,ENGLAND,False,09D,S9B9J,,full,1
G81029,SEAFORD MEDICAL PRACTICE,Active,ENGLAND,False,97R,S9B9J,,full,1
G81030,WADHURST MEDICAL GROUP,Active,ENGLAND,False,97R,S9B9J,,full,1
G81031,THE HILL SURGERY,Active,ENGLAND,False,97R,S9B9J,,full,1
G81032,VICTORIA MEDICAL CENTRE,Active,ENGLAND,False,97R,S9B9J,,full,1
G81033,SILVER SPRINGS MEDICAL PRACTICE,Inactive,ENGLAND,False,09P,,,full,1
G81034,CHARTER MEDICAL CENTRE,Active,ENGLAND,False,09D,S9B9J,,full,1
G81035,RIVER LODGE SURGERY,Inactive,ENGLAND,False,97R,S9B9J,,full,1
G81036,WARMDENE SURGERY,Active,ENGLAND,False,09D,S9B9J,,full,1
G81037,THE MEADS SURGERY,Active,ENGLAND,False,97R,S9B9J,,full,1
G81038,STANFORD MEDICAL CENTRE,Active,ENGLAND,False,09D,S9B9J,,full,1
G81039,LITTLE COMMON SURGERY,Active,ENGLAND,False,97R,S9B9J,,full,1
G81040,WOODHILL SURGERY,Active,ENGLAND,False,97R,S9B9J,,full,1
G81041,SIDLEY MEDICAL PRACTICE,Active,ENGLAND,False,97R,S9B9J,,full,1
G81042,BEACONSFIELD MEDICAL PRACTICE,Active,ENGLAND,False,09D,S9B9J,,full,1
G81043,ROTHERFIELD SURGERY,Active,ENGLAND,False,97R,S9B9J,,full,1
G81044,MONTPELIER SURGERY,Active,ENGLAND,False,09D,S9B9J,,full,1
G81045,ST ANDREWS SURGERY,Inactive,ENGLAND,False,97R,S9B9J,,full,1
G81046,PORTSLADE HEALTH CENTRE,Active,ENGLAND,False,09D,S9B9J,,full,1
G81047,SEVEN DIALS MEDICAL CENTRE,Active,ENGLAND,False,09D,S9B9J,,full,1
G81048,CARISBROOKE SURGERY,Active,ENGLAND,False,97R,S9B9J,,full,1
G81049,MANOR PARK MEDICAL CENTRE,Active,ENGLAND,False,97R,S9B9J,,full,1
G81050,ARLINGTON ROAD SURGERY,Active,ENGLAND,False,97R,S9B9J,,full,1
G81051,RYE MEDICAL CENTRE,Active,ENGLAND,False,97R,S9B9J,,full,1
G81052,FAIRFIELD SURGERY,Active,ENGLAND,False,97R,S9B9J,,full,1
G81053,ROWE AVENUE SURGERY,Inactive,ENGLAND,False,97R,S9B9J,,full,1
G81054,PAVILION SURGERY,Active,ENGLAND,False,09D,S9B9J,,full,1
G81055,SAXONBURY HOUSE SURGERY,Active,ENGLAND,False,97R,S9B9J,,full,1
G81056,ENYS ROAD SURGERY,Inactive,ENGLAND,False,97R,S9B9J,,full,1
G81057,SEDLESCOMBE & WESTFIELD SURGERIES,Active,ENGLAND,False,97R,S9B9J,,full,1
G81059,HAILSHAM MEDICAL GROUP,Active,ENGLAND,False,97R,S9B9J,,full,1
G81060,VICARAGE FIELD SURGERY,Inactive,ENGLAND,False,,,,archive,1
G81061,CHAPEL STREET SURGERY,Active,ENGLAND,False,97R,S9B9J,,full,1
G81063,LEWES ROAD SURGERY,Inactive,ENGLAND,False,09D,S9B9J,,full,1
G81064,ESSENDEN ROAD SURGERY,Inactive,ENGLAND,False,09P,,,full,1
G81065,WOODINGDEAN MEDICAL CENTRE,Active,ENGLAND,False,09D,S9B9J,,full,1
G81070,TRINITY MEDICAL CENTRE,Active,ENGLAND,False,09D,S9B9J,,full,1
G81071,UNIVERSITY OF SUSSEX HEALTH CENTRE,Active,ENGLAND,False,09D,S9B9J,,full,1
G81073,MILE OAK MEDICAL CENTRE,Active,ENGLAND,False,09D,S9B9J,,full,1
G81074,HIGH GLADES MEDICAL CENTRE,Active,ENGLAND,False,97R,S9B9J,,full,1
G81075,THE AVENUE SURGERY,Active,ENGLAND,False,09D,S9B9J,,full,1
G81076,SALTDEAN AND ROTTINGDEAN MED PRACTICE,Active,ENGLAND,False,09D,S9B9J,,full,1
G81077,COLLINGTON SURGERY,Active,ENGLAND,False,97R,S9B9J,,full,1
G81082,OLDWOOD SURGERY,Active,ENGLAND,False,97R,S9B9J,,full,1
G81083,WISH PARK SURGERY,Active,ENGLAND,False,09D,S9B9J,,full,1
G81084,BEACONSFIELD ROAD SURGERY,Inactive,ENGLAND,False,97R,S9B9J,,full,1
G81085,FERRY ROAD HEALTH CENTRE,Active,ENGLAND,False,97R,S9B9J,,full,1
G81086,BIRD-IN-EYE SURGERY,Active,ENGLAND,False,97R,S9B9J,,full,1
G81087,NORTHIAM SURGERY,Active,ENGLAND,False,97R,S9B9J,,full,1
G81088,WEALDEN RIDGE MEDICAL PARTNERSHIP,Active,ENGLAND,False,97R,S9B9J,,full,1
G81089,SOUTH SAXON HOUSE SURGERY,Active,ENGLAND,False,97R,S9B9J,,full,1
G81090,ALBION STREET SURGERY,Inactive,ENGLAND,False,09D,S9B9J,,full,1
G81094,HOVE PARK VILLAS SURGERY,Inactive,ENGLAND,False,09D,S9B9J,,full,1
G81095,HASTINGS OLD TOWN SURGERY,Active,ENGLAND,False,97R,S9B9J,,full,1
G81096,SEDLESCOMBE HOUSE,Active,ENGLAND,False,97R,S9B9J,,full,1
G81097,MANOR OAK SURGERY,Inactive,ENGLAND,False,99K,,,full,1
G81098,QUINTINS MEDICAL CENTRE,Active,ENGLAND,False,97R,S9B9J,,full,1
G81099,OLD SCHOOL SURGERY,Active,ENGLAND,False,97R,S9B9J,,full,1
G81100,HAVENSHEALTH,Active,ENGLAND,False,97R,S9B9J,,full,1
G81102,BUXTED MEDICAL CENTRE,Active,ENGLAND,False,97R,S9B9J,,full,1
G81103,NORTH LAINE MEDICAL CENTRE,Inactive,ENGLAND,False,09D,S9B9J,,full,1
G81104,PARK PRACTICE,Active,ENGLAND,False,97R,S9B9J,,full,1
G81105,CHURCHWOOD MEDICAL PRACTICE,Inactive,ENGLAND,False,97R,S9B9J,,full,1
G81611,ROEBUCK HOUSE - PRACTICE 4,Inactive,ENGLAND,False,09P,,,archive,1
G81613,SCHOOL HOUSE SURGERY,Active,ENGLAND,False,09D,S9B9J,,full,1
G81614,GROOMBRIDGE AND HARTFIELD MEDICAL GROUP,Active,ENGLAND,False,97R,S9B9J,,full,1
G81627,FOXHILL MEDICAL CENTRE,Inactive,ENGLAND,False,99K,,,archive,1
G81634,HERSTMONCEUX INTEGRATIVE HEALTH CENTRE,Active,ENGLAND,False,97R,S9B9J,,full,1
G81636,BURWASH MEDICAL CENTRE,Inactive,ENGLAND,False,,,,archive,1
G81638,WELLBN HEALTHCARE,Active,ENGLAND,False,09D,S9B9J,,full,1
G81640,ROEBUCK HOUSE - PRACTICE 5,Inactive,ENGLAND,False,09P,,,archive,1
G81641,PRIORY ROAD SURGERY,Active,ENGLAND,False,97R,S9B9J,,full,1
G81642,RIDGEWAY SURGERY,Inactive,ENGLAND,False,09D,S9B9J,,full,1
G81643,LITTLE RIDGE AVENUE SURGERY,Inactive,ENGLAND,False,09P,,,full,1
G81646,THE HAVEN PRACTICE,Active,ENGLAND,False,09D,S9B9J,,full,1
G81648,ELM GROVE MEDICAL CENTRE,Inactive,ENGLAND,False,,,,archive,1
G81649,THE PLAZA SURGERY,Inactive,ENGLAND,False,09P,,,archive,1
G81651,ROEBUCK HOUSE - PRACTICE 3,Inactive,ENGLAND,False,09P,,,full,1
G81656,REGENCY SURGERY,Active,ENGLAND,False,09D,S9B9J,,full,1
G81658,THE STATION PRACTICE,Active,ENGLAND,False,97R,S9B9J,,full,1
G81661,THE PRACTICE WILLOW HOUSE,Inactive,ENGLAND,False,09D,S9B9J,,full,1
G81662,SHANKILL SURGERY,Inactive,ENGLAND,False,09P,,,full,1
G81663,LINKS ROAD SURGERY,Active,ENGLAND,False,09D,S9B9J,,full,1
G81667,ST LUKE'S SURGERY,Inactive,ENGLAND,False,09D,S9B9J,,full,1
G81669,BROADWAY SURGERY,Active,ENGLAND,False,09D,S9B9J,,full,1
G81675,STONE STREET SURGERY,Inactive,ENGLAND,False,,,,archive,1
G81676,THE PRACTICE WHITEHAWK ROAD,Inactive,ENGLAND,False,09D,S9B9J,,full,1
G81680,BENFIELD VALLEY HEALTHCARE HUB,Inactive,ENGLAND,False,09D,S9B9J,,full,1
G81684,MATLOCK ROAD SURGERY,Inactive,ENGLAND,False,09D,S9B9J,,full,1
G81685,CRESCENT MEDICAL CENTRE,Inactive,ENGLAND,False,09F,,,full,1
G81687,GOODWOOD COURT MEDICAL CENTRE,Inactive,ENGLAND,False,09D,S9B9J,,archive,1
G81689,ARCH HEALTHCARE,Active,ENGLAND,False,09D,S9B9J,,full,1
G81692,THE CENTRAL SURGERY,Inactive,ENGLAND,False,,,,archive,1
G81694,SHIP STREET SURGERY,Active,ENGLAND,False,09D,S9B9J,,full,1
G82002,ST JAMES' SURGERY,Active,ENGLAND,False,91Q,QKS,,full,1
G82004,CROSS LANE MEDICAL PRACTICE,Inactive,ENGLAND,False,,,,archive,1
G82006,DR CJ SHIMMINS & PARTNERS,Active,ENGLAND,False,91Q,QKS,,full,1
G82007,CHURCH LANE HEALTH CENTRE,Active,ENGLAND,False,91Q,QKS,,full,1
G82011,SUNLIGHT CENTRE SURGERY,Inactive,ENGLAND,False,91Q,QKS,,full,1
G82012,COSSINGTON HOUSE SURGERY,Inactive,ENGLAND,False,09E,,,full,1
G82013,AMHERST MEDICAL PRACTICE,Active,ENGLAND,False,91Q,QKS,,full,1
G82014,WOODLANDS FAMILY PRACTICE,Active,ENGLAND,False,91Q,QKS,,full,1
G82015,PENCESTER SURGERY,Active,ENGLAND,False,91Q,QKS,,full,1
G82016,KINGSWOOD SURGERY,Active,ENGLAND,False,91Q,QKS,,full,1
G82017,ALBION PLACE MEDICAL PRACTICE,Inactive,ENGLAND,False,91Q,QKS,,full,1
G82018,SUN LANE,Active,ENGLAND,False,91Q,QKS,,full,1
G82019,EDENBRIDGE MED PRACTICE,Active,ENGLAND,False,91Q,QKS,,full,1
G82020,THE GRANGE PRACTICE,Active,ENGLAND,False,91Q,QKS,,full,1
G82021,THE SHRUBBERY SURGERY,Active,ENGLAND,False,91Q,QKS,,full,1
G82022,SPELDHURST & GREGGSWOOD MEDICAL GROUP,Active,ENGLAND,False,91Q,QKS,,full,1
G82023,SHEERNESS HEALTH CENTRE,Active,ENGLAND,False,91Q,QKS,,full,1
G82024,GREENSAND MEDICAL GROUP,Active,ENGLAND,False,91Q,QKS,,full,1
G82025,THE WELLS MEDICAL PRACTICE,Active,ENGLAND,False,91Q,QKS,,full,1
G82026,GROVEHURST SURGERY,Active,ENGLAND,False,91Q,QKS,,full,1
G82027,FAVERSHAM MEDICAL PRACTICE,Active,ENGLAND,False,91Q,QKS,,full,1
G82028,SWANLEY MEDICAL PRACTICE,Active,ENGLAND,False,91Q,QKS,,full,1
G82029,COACH HOUSE SURGERY,Inactive,ENGLAND,False,09E,,,full,1
G82030,MARSHAM STREET SURGERY,Inactive,ENGLAND,False,,,,archive,1
G82031,BOWER MOUNT MEDICAL PRACTICE,Active,ENGLAND,False,91Q,QKS,,full,1
G82032,PELHAM MEDICAL PRACTICE,Active,ENGLAND,False,91Q,QKS,,full,1
G82035,THE CHESTNUTS SURGERY,Active,ENGLAND,False,91Q,QKS,,full,1
G82036,BALMORAL SURGERY,Active,ENGLAND,False,91Q,QKS,,full,1
G82037,HILDENBOROUGH MEDICAL GROUP,Active,ENGLAND,False,91Q,QKS,,full,1
G82038,ST RICHARDS ROAD SURGERY,Active,ENGLAND,False,91Q,QKS,,full,1
G82039,NEWTON PLACE SURGERY,Active,ENGLAND,False,91Q,QKS,,full,1
G82040,LONDON ROAD SURGERY,Inactive,ENGLAND,False,,,,archive,1
G82041,GROSVENOR & ST JAMES MEDICAL CENTRE,Active,ENGLAND,False,91Q,QKS,,full,1
G82042,TONBRIDGE MEDICAL GROUP,Active,ENGLAND,False,91Q,QKS,,full,1
G82044,SPRINGHEAD HEALTH,Active,ENGLAND,False,91Q,QKS,,full,1
G82046,SUMMERHILL SURGERY,Active,ENGLAND,False,91Q,QKS,,full,1
G82048,HORSMAN'S PLACE SURGERY,Active,ENGLAND,False,91Q,QKS,,full,1
G82049,HOLLINGTON SURGERY,Inactive,ENGLAND,False,91Q,QKS,,full,1
G82050,SYDENHAM HOUSE MEDICAL CENTRE,Active,ENGLAND,False,91Q,QKS,,full,1
G82051,CITY WAY SURGERY,Active,ENGLAND,False,91Q,QKS,,full,1
G82052,THE LIMES MEDICAL CENTRE,Active,ENGLAND,False,91Q,QKS,,full,1
G82053,WOODCHURCH SURGERY,Active,ENGLAND,False,91Q,QKS,,full,1
G82055,WEALD VIEW MEDICAL PRACTICE - HAWKHURST,Active,ENGLAND,False,91Q,QKS,,full,1
G82056,THE WELLCOME PRACTICE,Active,ENGLAND,False,91Q,QKS,,full,1
G82057,ST GEORGES MEDICAL CENTRE,Active,ENGLAND,False,91Q,QKS,,full,1
G82058,AYLESFORD MEDICAL CENTRE,Active,ENGLAND,False,91Q,QKS,,full,1
G82059,WARDERS MEDICAL CENTRE,Active,ENGLAND,False,91Q,QKS,,full,1
G82060,NORTHGATE MEDICAL PRACTICE,Active,ENGLAND,False,91Q,QKS,,full,1
G82061,CHARTHAM SURGERY,Inactive,ENGLAND,False,09E,,,full,1
G82062,PARROCK STREET SURGERY,Active,ENGLAND,False,91Q,QKS,,full,1
G82063,SANDWICH MEDICAL PRACTICE,Active,ENGLAND,False,91Q,QKS,,full,1
G82064,DASHWOOD MEDICAL CENTRE,Active,ENGLAND,False,91Q,QKS,,full,1
G82065,DR SINHA GC,Inactive,ENGLAND,False,91Q,QKS,,full,1
G82066,NORTHDOWN & DASHWOOD SURGERY,Active,ENGLAND,False,91Q,QKS,,full,1
G82067,OLD ROAD WEST SURGERY,Active,ENGLAND,False,91Q,QKS,,full,1
G82069,WHITE HOUSE SURGERY,Active,ENGLAND,False,91Q,QKS,,full,1
G82071,WHITSTABLE MEDICAL PRACTICE,Active,ENGLAND,False,91Q,QKS,,full,1
G82072,ORCHARD HOUSE,Inactive,ENGLAND,False,91Q,QKS,,full,1
G82073,MEOPHAM MEDICAL CENTRE,Active,ENGLAND,False,91Q,QKS,,full,1
G82074,BEARSTED,Active,ENGLAND,False,91Q,QKS,,full,1
G82075,ST JAMES MEDICAL CENTRE,Inactive,ENGLAND,False,99J,,,full,1
G82076,MOTE,Active,ENGLAND,False,91Q,QKS,,full,1
G82077,THE ELMS MEDICAL CENTRE,Active,ENGLAND,False,91Q,QKS,,full,1
G82079,WESTGATE SURGERY,Active,ENGLAND,False,91Q,QKS,,full,1
G82080,ASHFORD MEDICAL PARTNERSHIP,Active,ENGLAND,False,91Q,QKS,,full,1
G82082,STURRY SURGERY,Active,ENGLAND,False,91Q,QKS,,full,1
G82083,THORNHILLS MEDICAL PRACTICE,Active,ENGLAND,False,91Q,QKS,,full,1
G82085,SNODLAND MEDICAL PRACTICE,Active,ENGLAND,False,91Q,QKS,,full,1
G82086,THE NEW SURGERY,Active,ENGLAND,False,91Q,QKS,,full,1
G82087,NEW HAYESBANK SURGERY,Active,ENGLAND,False,91Q,QKS,,full,1
G82088,DEVON ROAD SURGERY,Inactive,ENGLAND,False,91Q,QKS,,full,1
G82089,BREWER STREET,Active,ENGLAND,False,91Q,QKS,,full,1
G82090,THE HERON MEDICAL PRACTICE,Active,ENGLAND,False,91Q,QKS,,full,1
G82091,GUILDHALL STREET SURGERY,Active,ENGLAND,False,91Q,QKS,,full,1
G82092,WESTERHAM PRACTICE,Active,ENGLAND,False,91Q,QKS,,full,1
G82093,LEN VALLEY PRACTICE,Active,ENGLAND,False,91Q,QKS,,full,1
G82094,CHARING SURGERY,Active,ENGLAND,False,91Q,QKS,,full,1
G82095,THORNDIKE PARTNERSHIP,Active,ENGLAND,False,91Q,QKS,,full,1
G82096,THE FORGE SURGERY,Inactive,ENGLAND,False,91Q,QKS,,full,1
G82097,JUBILEE MEDICAL CENTRE,Active,ENGLAND,False,91Q,QKS,,full,1
G82098,BLACKTHORN,Active,ENGLAND,False,91Q,QKS,,full,1
G82099,THE COLLEGE PRACTICE,Active,ENGLAND,False,91Q,QKS,,full,1
G82100,HIGHPARKS MEDICAL PRACTICE,Active,ENGLAND,False,91Q,QKS,,full,1
G82103,ABBEY COURT,Inactive,ENGLAND,False,91Q,QKS,,full,1
G82104,ALLINGTON CLINIC,Inactive,ENGLAND,False,99J,,,full,1
G82105,BETHESDA MEDICAL CENTRE,Active,ENGLAND,False,91Q,QKS,,full,1
G82106,RIVERSIDE MEDICAL PRACTICE,Active,ENGLAND,False,91Q,QKS,,full,1
G82107,MINSTER SURGERY,Active,ENGLAND,False,91Q,QKS,,full,1
G82108,KING GEORGE ROAD SURGERY,Active,ENGLAND,False,91Q,QKS,,full,1
G82109,THE RAILSIDE SURGERY,Inactive,ENGLAND,False,91Q,QKS,,full,1
G82110,TOWN MEDICAL CENTRE,Active,ENGLAND,False,91Q,QKS,,full,1
G82111,THE CEDARS SURGERY,Active,ENGLAND,False,91Q,QKS,,full,1
G82112,HEADCORN SURGERY,Inactive,ENGLAND,False,91Q,QKS,,full,1
G82113,STONECROSS AND WEST DRIVE SURGERY,Active,ENGLAND,False,91Q,QKS,,full,1
G82114,IVY COURT SURGERY,Active,ENGLAND,False,91Q,QKS,,full,1
G82115,NEW DOVER ROAD SURGERY,Active,ENGLAND,False,91Q,QKS,,full,1
G82117,HIGH STREET SURGERY,Active,ENGLAND,False,91Q,QKS,,full,1
G82118,WOODLANDS HEALTH CENTRE,Active,ENGLAND,False,91Q,QKS,,full,1
G82119,PARK SURGERY,Active,ENGLAND,False,91Q,QKS,,full,1
G82120,BOROUGH GREEN MEDICAL PRACTICE,Active,ENGLAND,False,91Q,QKS,,full,1
G82121,SANDGATE ROAD,Active,ENGLAND,False,91Q,QKS,,full,1
G82122,SWANSCOMBE HEALTH CENTRE,Active,ENGLAND,False,91Q,QKS,,full,1
G82123,BALMORAL GARDENS,Inactive,ENGLAND,False,91Q,QKS,,full,1
G82124,WEST KINGSDOWN MEDICAL CENTRE,Inactive,ENGLAND,False,09J,,,full,1
G82125,OTFORD MEDICAL PRACTICE,Active,ENGLAND,False,91Q,QKS,,full,1
G82126,EAST CLIFF MEDICAL PRACTICE,Active,ENGLAND,False,91Q,QKS,,full,1
G82128,PETER STREET SURGERY,Inactive,ENGLAND,False,91Q,QKS,,full,1
G82129,THE GLEBE FAMILY PRACTICE,Active,ENGLAND,False,91Q,QKS,,full,1
G82132,CHURCH HOUSE SURGERY,Inactive,ENGLAND,False,,,,archive,1
G82133,ST.MARY'S MEDICAL CENTRE,Inactive,ENGLAND,False,91Q,QKS,,full,1
G82135,WEST MALLING GROUP PRACTICE,Active,ENGLAND,False,91Q,QKS,,full,1
G82137,ST ANDREWS MEDICAL CENTRE,Active,ENGLAND,False,91Q,QKS,,full,1
G82138,ASH SURGERY,Active,ENGLAND,False,91Q,QKS,,full,1
G82139,MAIDSTONE ROAD SURGERY,Active,ENGLAND,False,91Q,QKS,,full,1
G82140,UNIVERSITY MEDICAL CENTRE,Active,ENGLAND,False,91Q,QKS,,full,1
G82141,YALDING,Active,ENGLAND,False,91Q,QKS,,full,1
G82142,WYE SURGERY,Active,ENGLAND,False,91Q,QKS,,full,1
G82143,LOWFIELD MEDICAL CENTRE,Active,ENGLAND,False,91Q,QKS,,full,1
G82147,OAK HALL,Active,ENGLAND,False,91Q,QKS,,full,1
G82148,THE BUTCHERY SURGERY,Inactive,ENGLAND,False,91Q,QKS,,full,1
G82150,NEWINGTON ROAD SURGERY,Active,ENGLAND,False,91Q,QKS,,full,1
G82152,RUSTHALL MEDICAL PRACTICE,Active,ENGLAND,False,91Q,QKS,,full,1
G82154,THAMES AVE SURGERY,Active,ENGLAND,False,91Q,QKS,,full,1
G82155,WATERFIELD HOUSE SURGERY,Active,ENGLAND,False,91Q,QKS,,full,1
G82156,IVY BOWER SURGERY,Inactive,ENGLAND,False,09J,,,full,1
G82158,HOWELL SURGERY,Active,ENGLAND,False,91Q,QKS,,full,1
G82160,OAKLANDS HEALTH CENTRE,Active,ENGLAND,False,91Q,QKS,,full,1
G82161,REACH HEALTHCARE,Active,ENGLAND,False,91Q,QKS,,full,1
G82162,ORCHARD FAMILY PRACTICE,Active,ENGLAND,False,91Q,QKS,,full,1
G82164,THE VINE MEDICAL CENTRE,Active,ENGLAND,False,91Q,QKS,,full,1
G82165,HAWKINGE AND ELHAM,Active,ENGLAND,False,91Q,QKS,,full,1
G82170,LAMBERHURST,Active,ENGLAND,False,91Q,QKS,,full,1
G82175,DR H BEERSTECHER PRACTICE,Inactive,ENGLAND,False,91Q,QKS,,full,1
G82176,WEST DRIVE SURGERY,Inactive,ENGLAND,False,,,,archive,1
G82179,BOUGHTON MEDICAL CENTRE,Inactive,ENGLAND,False,09E,,,full,1
G82180,MAIDSTONE RD RAINHAM SURGERY,Active,ENGLAND,False,91Q,QKS,,full,1
G82184,WALTHAM ROAD MEDICAL CENTRE,Active,ENGLAND,False,91Q,QKS,,full,1
G82185,REDWOOD PRACTICE,Active,ENGLAND,False,91Q,QKS,,full,1
G82186,HAMSTREET SURGERY,Active,ENGLAND,False,91Q,QKS,,full,1
G82187,FOLKESTONE EAST FAMILY PRACTICE,Inactive,ENGLAND,False,10A,,,full,1
G82197,LAMORNA SURGERY,Inactive,ENGLAND,False,09J,,,full,1
G82198,GUN LANE MEDICAL CENTRE,Inactive,ENGLAND,False,91Q,QKS,,full,1
G82200,WATERINGBURY,Active,ENGLAND,False,91Q,QKS,,full,1
G82203,COURT VIEW SURGERY,Active,ENGLAND,False,91Q,QKS,,full,1
G82204,WILLIAM STREET SURGERY,Inactive,ENGLAND,False,09E,,,full,1
G82205,ST JOHN'S MEDICAL PRACTICE,Active,ENGLAND,False,91Q,QKS,,full,1
G82206,JOYDENS WOOD MEDICAL CENTRE,Inactive,ENGLAND,False,91Q,QKS,,full,1
G82210,OSBORNE ROAD SURGERY,Inactive,ENGLAND,False,10E,,,archive,1
G82211,AYLESHAM MEDICAL PRACTICE,Active,ENGLAND,False,91Q,QKS,,full,1
G82212,PILGRIMS WAY SURGERY,Active,ENGLAND,False,91Q,QKS,,full,1
G82215,MARDEN MEDICAL CENTRE,Active,ENGLAND,False,91Q,QKS,,full,1
G82217,HARBOUR MEDICAL PRACTICE,Active,ENGLAND,False,91Q,QKS,,full,1
G82218,RIVER DARENT MEDICAL GROUP,Active,ENGLAND,False,91Q,QKS,,full,1
G82219,ST PETER'S SURGERY,Active,ENGLAND,False,91Q,QKS,,full,1
G82221,ELMDENE SURGERY,Inactive,ENGLAND,False,91Q,QKS,,full,1
G82224,OLD PARSONAGE SURGERY,Active,ENGLAND,False,91Q,QKS,,full,1
G82225,THE OAKS PARTNERSHIP,Inactive,ENGLAND,False,91Q,QKS,,full,1
G82226,WIGMORE MEDICAL CENTRE,Active,ENGLAND,False,91Q,QKS,,full,1
G82227,LYDDEN SURGERY,Active,ENGLAND,False,91Q,QKS,,full,1
G82228,CANTERBURY MEDICAL PRACTICE,Active,ENGLAND,False,91Q,QKS,,full,1
G82229,SUTTON VALENCE GROUP PRACTICE,Active,ENGLAND,False,91Q,QKS,,full,1
G82230,DR O S SINGH & PARTNER,Inactive,ENGLAND,False,09W,,,full,1
G82231,LONDON ROAD MEDICAL CENTRE,Active,ENGLAND,False,91Q,QKS,,full,1
G82232,MANOR CLINIC,Active,ENGLAND,False,91Q,QKS,,full,1
G82233,ST. WERBURGH MED.PRACTICE,Active,ENGLAND,False,91Q,QKS,,full,1
G82234,PHOENIX MEDICAL PRACTICE,Active,ENGLAND,False,91Q,QKS,,full,1
G82235,OLD SCHOOL SURGERY,Active,ENGLAND,False,91Q,QKS,,full,1
G82600,EASTCOURT LANE SURGERY,Active,ENGLAND,False,91Q,QKS,,full,1
G82604,THE MEDICAL CENTRE GROUP,Active,ENGLAND,False,91Q,QKS,,full,1
G82605,THE CRANE,Inactive,ENGLAND,False,91Q,QKS,,full,1
G82622,THE SURGERY RAILWAY STREET,Inactive,ENGLAND,False,91Q,QKS,,full,1
G82629,DR PASOLA,Inactive,ENGLAND,False,,,,archive,1
G82630,THE BROADWAY PRACTICE,Inactive,ENGLAND,False,10E,,,archive,1
G82631,BRYANT STREET MEDICAL PRACTICE,Active,ENGLAND,False,91Q,QKS,,full,1
G82634,THE MEADS MEDICAL PRACTICE,Active,ENGLAND,False,91Q,QKS,,full,1
G82635,PUMP LANE SURGERY,Active,ENGLAND,False,91Q,QKS,,full,1
G82639,MAPLE PRACTICE,Inactive,ENGLAND,False,91Q,QKS,,full,1
G82641,WALLIS AVENUE,Active,ENGLAND,False,91Q,QKS,,full,1
G82644,WYVILL CLOSE SURGERY,Inactive,ENGLAND,False,,,,archive,1
G82647,TEMPLE HILL SURGERY,Active,ENGLAND,False,91Q,QKS,,full,1
G82648,ROCHESTER ROAD SURGERY,Active,ENGLAND,False,91Q,QKS,,full,1
G82649,UNION ROW SURGERY,Inactive,ENGLAND,False,10E,,,full,1
G82650,MOCKETTS WOOD SURGERY,Active,ENGLAND,False,91Q,QKS,,full,1
G82652,CHURCH ROAD,Active,ENGLAND,False,91Q,QKS,,full,1
G82653,CASTLE MEDICAL PRACTICE,Inactive,ENGLAND,False,91Q,QKS,,full,1
G82656,TUNBURY AVENUE SURGERY,Inactive,ENGLAND,False,09W,,,archive,1
G82658,SELLINDGE SURGERY,Active,ENGLAND,False,91Q,QKS,,full,1
G82659,MANZOORI CLINIC,Inactive,ENGLAND,False,,,,archive,1
G82662,PENCESTER HEALTH,Inactive,ENGLAND,False,91Q,QKS,,full,1
G82663,DR SK MAHTHA PRACTICE,Inactive,ENGLAND,False,,,,archive,1
G82665,MARTELLO HEALTH CENTRE,Active,ENGLAND,False,91Q,QKS,,full,1
G82666,BIRCHINGTON MEDICAL CENTRE,Active,ENGLAND,False,91Q,QKS,,full,1
G82667,TEYNHAM MEDICAL CENTRE,Inactive,ENGLAND,False,10D,,,full,1
G82670,ROCHESTER HEALTH CENTRE SURGERY E,Inactive,ENGLAND,False,09W,,,full,1
G82671,IWADE HEALTH CENTRE,Inactive,ENGLAND,False,91Q,QKS,,full,1
G82674,CLIFTONVILLE SURGERY,Inactive,ENGLAND,False,,,,archive,1
G82676,BRYANT STREET MEDICAL CENTRE,Inactive,ENGLAND,False,,,,archive,1
G82679,APEX MEDICAL CENTRE,Active,ENGLAND,False,91Q,QKS,,full,1
G82681,MALLING HEALTH FOUR,Active,ENGLAND,False,91Q,QKS,,full,1
G82682,THE OM MEDICAL CENTRE,Active,ENGLAND,False,91Q,QKS,,full,1
G82684,NEW LYMINGE SURGERY,Active,ENGLAND,False,91Q,QKS,,full,1
G82686,MINSTER MEDICAL CENTRE,Inactive,ENGLAND,False,91Q,QKS,,full,1
G82687,VEL SURGERY,Active,ENGLAND,False,91Q,QKS,,full,1
G82688,SINGLETON HEALTH CENTRE,Inactive,ENGLAND,False,91Q,QKS,,full,1
G82690,LOWER HIGHAM ROAD SURGERY,Inactive,ENGLAND,False,91Q,QKS,,full,1
G82691,LANGLEY,Active,ENGLAND,False,91Q,QKS,,full,1
G82692,UPPER GROSVENOR ROAD SURGERY,Inactive,ENGLAND,False,,,,archive,1
G82693,MEMORIAL MEDICAL CENTRE,Active,ENGLAND,False,91Q,QKS,,full,1
G82696,THE NEW GOLF ROAD SURGERY,Active,ENGLAND,False,91Q,QKS,,full,1
G82697,THE CHURCHILL CLINIC,Active,ENGLAND,False,91Q,QKS,,full,1
G82698,THE MEDIC CARE SURGERY,Active,ENGLAND,False,91Q,QKS,,full,1
G82700,BUCKLAND MEDICAL PRACTICE,Active,ENGLAND,False,91Q,QKS,,full,1
G82702,GREEN PORCH MEDICAL PARTNERSHIP,Active,ENGLAND,False,91Q,QKS,,full,1
G82704,THE CHURCH VIEW PRACTICE,Inactive,ENGLAND,False,91Q,QKS,,full,1
G82706,BROMPTON MEDICAL CENTRE,Inactive,ENGLAND,False,91Q,QKS,,full,1
G82708,MARLOWE PARK MEDICAL CTR.,Active,ENGLAND,False,91Q,QKS,,full,1
G82710,BENNETT WAY SURGERY,Inactive,ENGLAND,False,09J,,,full,1
G82711,BORSTAL VILLAGE SURGERY,Active,ENGLAND,False,91Q,QKS,,full,1
G82712,SINGLETON MEDICAL CENTRE,Inactive,ENGLAND,False,09C,,,full,1
G82714,BEAN VILLAGE SURGERY,Inactive,ENGLAND,False,,,,archive,1
G82715,ROWAN TREE SURGERY,Inactive,ENGLAND,False,99J,,,full,1
G82718,THE BROADWAY SURGERY,Inactive,ENGLAND,False,,,,archive,1
G82719,MATRIX MEDICAL PRACTICE,Active,ENGLAND,False,91Q,QKS,,full,1
G82721,PARKWOOD FAMILY PRACTICE,Active,ENGLAND,False,91Q,QKS,,full,1
G82722,HEXTABLE SURGERY,Inactive,ENGLAND,False,91Q,QKS,,full,1
G82726,SADDLETON ROAD SURGERY,Inactive,ENGLAND,False,09E,,,full,1
G82727,MALLING HEALTH BLUE SUITE,Inactive,ENGLAND,False,91Q,QKS,,full,1
G82729,WHITE CLIFFS MEDICAL CENTRE,Active,ENGLAND,False,91Q,QKS,,full,1
G82730,KINGSNORTH MEDICAL PRACTICE,Active,ENGLAND,False,91Q,QKS,,full,1
G82731,DENMARK STREET,Inactive,ENGLAND,False,,,,archive,1
G82732,WISH VALLEY SURGERY,Inactive,ENGLAND,False,91Q,QKS,,full,1
G82733,ORCHARD END,Active,ENGLAND,False,91Q,QKS,,full,1
G82735,SOUTH ASHFORD MEDICS,Inactive,ENGLAND,False,91Q,QKS,,full,1
G82737,LONG CATLIS ROAD SURGERY,Active,ENGLAND,False,91Q,QKS,,full,1
G82739,WALDERSLADE MEDICAL CTR. SURGERY P,Inactive,ENGLAND,False,09W,,,archive,1
G82741,PRINCES PARK MEDICAL CTR,Active,ENGLAND,False,91Q,QKS,,full,1
G82743,"OAKFIELD HEALTH CENTRE, PRACTICE 1",Inactive,ENGLAND,False,,,,archive,1
G82744,MARITIME HEALTH PARTNERSHIP,Active,ENGLAND,False,91Q,QKS,,full,1
G82748,MUSGROVE PARK MEDICAL CENTRE,Inactive,ENGLAND,False,,,,archive,1
G82751,THE ORCHARD MEDICAL CENTRE,Inactive,ENGLAND,False,91Q,QKS,,full,1
G82753,THE KINGS FAMILY PRACTICE,Active,ENGLAND,False,91Q,QKS,,full,1
G82754,HADLOW MEDICAL CENTRE,Active,ENGLAND,False,91Q,QKS,,full,1
G82757,LAKE MEDICAL CENTRE,Inactive,ENGLAND,False,91Q,QKS,,full,1
G82760,PARK FARM,Inactive,ENGLAND,False,91Q,QKS,,full,1
G82762,UPPER CANTERBURY ST SURGERY,Inactive,ENGLAND,False,91Q,QKS,,full,1
G82763,NAPIER ROAD SURGERY,Active,ENGLAND,False,91Q,QKS,,full,1
G82764,ESPLANADE HEALTHCARE,Inactive,ENGLAND,False,09W,,,full,1
G82768,LONSDALE MEDICAL CENTRE,Active,ENGLAND,False,91Q,QKS,,full,1
G82769,CECIL SQUARE SURGERY,Inactive,ENGLAND,False,10E,,,archive,1
G82775,MEDWAY MEDICAL CENTRE,Inactive,ENGLAND,False,91Q,QKS,,full,1
G82777,COBTREE,Inactive,ENGLAND,False,91Q,QKS,,full,1
G82780,GRAVESEND MEDICAL CENTRE,Active,ENGLAND,False,91Q,QKS,,full,1
G82788,NORTH STREET SURGERY,Inactive,ENGLAND,False,,,,archive,1
G82790,OLD SCHOOL SURGERY,Active,ENGLAND,False,91Q,QKS,,full,1
G82791,DR S CHANDRAN PRACTICE,Inactive,ENGLAND,False,91Q,QKS,,full,1
G82793,ALLINGTON PARK,Inactive,ENGLAND,False,99J,,,full,1
G82796,BROADSTAIRS MEDICAL PRACTICE,Active,ENGLAND,False,91Q,QKS,,full,1
G82797,GOLF ROAD SURGERY,Inactive,ENGLAND,False,,,,archive,1
G82799,SHEPPEY HEALTHY LIVING CENTRE,Active,ENGLAND,False,91Q,QKS,,full,1
G82802,CANTERBURY HEALTH CENTRE,Active,ENGLAND,False,91Q,QKS,,full,1
G82805,"YELLOW PRACTICE, W. KINGSDOWN MED CENTRE",Inactive,ENGLAND,False,,,,archive,1
G82808,"OAKFIELD HEALTH CENTRE, PRACTICE 2",Active,ENGLAND,False,91Q,QKS,,full,1
G82809,DOWNS WAY MEDICAL PRACTICE,Active,ENGLAND,False,91Q,QKS,,full,1
G82810,GARLINGE SURGERY,Inactive,ENGLAND,False,10E,,,full,1
G82812,WICKHAM SURGERY,Inactive,ENGLAND,False,10E,,,full,1
G82818,DOVER MEDICAL PRACTICE,Inactive,ENGLAND,False,10A,,,archive,1
G82820,WAYFIELD ROAD SURGERY,Inactive,ENGLAND,False,91Q,QKS,,full,1
G82821,BRYANT STREET MEDICAL CTR SURGERY K,Inactive,ENGLAND,False,,,,archive,1
G82888,SOUTH PARK MEDICAL PRACTICE,Active,ENGLAND,False,91Q,QKS,,full,1
G83001,MANOR BROOK PMS,Active,ENGLAND,False,72Q,QKK,London,full,1
G83002,THE WESTWOOD SURGERY,Active,ENGLAND,False,72Q,QKK,London,full,1
G83003,COLDHARBOUR HILL PMS,Inactive,ENGLAND,False,72Q,QKK,London,full,1
G83004,BARNARD MEDICAL GROUP,Active,ENGLAND,False,72Q,QKK,London,full,1
G83005,CAIRNGALL MEDICAL PRACTICE,Inactive,ENGLAND,False,72Q,QKK,London,full,1
G83006,THE ALBION SURGERY,Active,ENGLAND,False,72Q,QKK,London,full,1
G83007,TEWSON ROAD PMS,Inactive,ENGLAND,False,08A,,,full,1
G83009,BELLEGROVE SURGERY,Active,ENGLAND,False,72Q,QKK,London,full,1
G83010,NORTHUMBERLAND HEATH MED.CTR.,Active,ENGLAND,False,72Q,QKK,London,full,1
G83012,GALLIONS REACH HEALTH CENTRE,Active,ENGLAND,False,72Q,QKK,London,full,1
G83013,BLACKHEATH STANDARD PMS,Active,ENGLAND,False,72Q,QKK,London,full,1
G83015,ELTHAM PALACE PMS,Active,ENGLAND,False,72Q,QKK,London,full,1
G83016,ROYAL ARSENAL MEDICAL CENTRE,Active,ENGLAND,False,72Q,QKK,London,full,1
G83017,HENLEY CROSS MEDICAL PRACTICE,Inactive,ENGLAND,False,08A,,,full,1
G83018,LAKESIDE MEDICAL,Active,ENGLAND,False,72Q,QKK,London,full,1
G83019,PLUMSTEAD H/C PMS,Active,ENGLAND,False,72Q,QKK,London,full,1
G83021,VANBRUGH GROUP PRACTICE,Active,ENGLAND,False,72Q,QKK,London,full,1
G83022,DR V SANDRASAGRA'S PRACTICE,Inactive,ENGLAND,False,72Q,QKK,London,full,1
G83024,INGLETON AVENUE SURGERY,Active,ENGLAND,False,72Q,QKK,London,full,1
G83025,WELLING MEDICAL PRACTICE,Active,ENGLAND,False,72Q,QKK,London,full,1
G83026,TRIVENI PMS,Active,ENGLAND,False,72Q,QKK,London,full,1
G83027,EVEREST HEALTH PARTNERSHIP,Active,ENGLAND,False,72Q,QKK,London,full,1
G83028,BEXLEY GROUP PRACTICE,Active,ENGLAND,False,72Q,QKK,London,full,1
G83029,PLAS MEDDYG SURGERY,Active,ENGLAND,False,72Q,QKK,London,full,1
G83030,ALL SAINTS MEDICAL CENTRE PMS,Active,ENGLAND,False,72Q,QKK,London,full,1
G83031,ABBEY WOOD SURGERY,Active,ENGLAND,False,72Q,QKK,London,full,1
G83033,DR DAVIES & PARTNER,Active,ENGLAND,False,72Q,QKK,London,full,1
G83034,ELTHAM PARK SURGERY,Inactive,ENGLAND,False,72Q,QKK,London,full,1
G83037,BULBANKS MEDICAL CENTRE,Inactive,ENGLAND,False,72Q,QKK,London,full,1
G83039,ST MARKS PMS,Active,ENGLAND,False,72Q,QKK,London,full,1
G83042,SHAWBROOKE SURGERY,Inactive,ENGLAND,False,,,,archive,1
G83043,THE PARKSIDE,Inactive,ENGLAND,False,07N,,,full,1
G83044,FAIRFIELD PMS,Active,ENGLAND,False,72Q,QKK,London,full,1
G83046,BURSTED WOOD SURGERY,Active,ENGLAND,False,72Q,QKK,London,full,1
G83047,STATION ROAD SURGERY,Active,ENGLAND,False,72Q,QKK,London,full,1
G83049,LYNDHURST ROAD MEDICAL CENTRE,Active,ENGLAND,False,72Q,QKK,London,full,1
G83052,BELVEDERE MEDICAL CENTRE,Active,ENGLAND,False,72Q,QKK,London,full,1
G83053,BEXLEY MEDICAL GROUP,Active,ENGLAND,False,72Q,QKK,London,full,1
G83057,WOODLANDS SURGERY,Active,ENGLAND,False,72Q,QKK,London,full,1
G83058,PRIMECARE PMS (SOUTH STREET),Active,ENGLAND,False,72Q,QKK,London,full,1
G83060,GLYNDON PMS,Active,ENGLAND,False,72Q,QKK,London,full,1
G83061,CROOK LOG SURGERY,Inactive,ENGLAND,False,72Q,QKK,London,full,1
G83062,SLADE GREEN MEDICAL CTR.,Active,ENGLAND,False,72Q,QKK,London,full,1
G83063,DR BPC PEIRIS' PRACTICE,Inactive,ENGLAND,False,08A,,,full,1
G83064,THANET ROAD SURGERY,Inactive,ENGLAND,False,07N,,,full,1
G83065,BURNEY STREET PMS,Active,ENGLAND,False,72Q,QKK,London,full,1
G83066,SIDCUP MEDICAL CENTRE,Active,ENGLAND,False,72Q,QKK,London,full,1
G83067,VALENTINE HEALTH PARTNERSHIP,Active,ENGLAND,False,72Q,QKK,London,full,1
G83068,DR NS GURAM'S PRACTICE,Inactive,ENGLAND,False,08A,,,full,1
G83605,BEDSIDE MANOR,Inactive,ENGLAND,False,,,,archive,1
G83628,NEW ELTHAM AND BLACKFEN MEDICAL CENTRE,Active,ENGLAND,False,72Q,QKK,London,full,1
G83630,RIVERSIDE SURGERY,Active,ENGLAND,False,72Q,QKK,London,full,1
G83631,ABBEYSLADE PMS (DR CHAND),Active,ENGLAND,False,72Q,QKK,London,full,1
G83633,CONWAY PMS,Active,ENGLAND,False,72Q,QKK,London,full,1
G83635,WAVERLEY PMS,Active,ENGLAND,False,72Q,QKK,London,full,1
G83641,PLUMBRIDGE MEDICAL CENTRE,Active,ENGLAND,False,72Q,QKK,London,full,1
G83642,CRAYFORD TOWN SURGERY,Active,ENGLAND,False,72Q,QKK,London,full,1
G83647,PLUMSTEAD AND WICKHAM LANE SURGERY,Active,ENGLAND,False,72Q,QKK,London,full,1
G83651,WOODLANDS SURGERY,Active,ENGLAND,False,72Q,QKK,London,full,1
G83654,BANNOCKBURN SURGERY,Active,ENGLAND,False,72Q,QKK,London,full,1
G83655,DR V AGARWAL'S PRACTICE,Inactive,ENGLAND,False,08A,,,full,1
G83663,BRISET CORNER SURGERY,Inactive,ENGLAND,False,72Q,QKK,London,full,1
G83668,THE SLADE SURGERY,Inactive,ENGLAND,False,08A,,,full,1
G83670,DR SITHAMPARANATHAN,Inactive,ENGLAND,False,,,,archive,1
G83672,MILL ROAD SURGERY,Inactive,ENGLAND,False,07N,,,full,1
G83673,ELMSTEAD MEDICAL CLINIC,Active,ENGLAND,False,72Q,QKK,London,full,1
G83674,WELLBROOK PRACTICE,Inactive,ENGLAND,False,,,,archive,1
G83675,ANGLESEA PMS,Inactive,ENGLAND,False,,,,archive,1
G83680,ELTHAM MEDICAL PRACTICE,Active,ENGLAND,False,72Q,QKK,London,full,1
G84001,SOUTH VIEW PARTNERSHIP,Active,ENGLAND,False,72Q,QKK,London,full,1
G84002,DYSART SURGERY,Active,ENGLAND,False,72Q,QKK,London,full,1
G84003,LINKS MEDICAL PRACTICE,Active,ENGLAND,False,72Q,QKK,London,full,1
G84004,STOCK HILL SURGERY,Active,ENGLAND,False,72Q,QKK,London,full,1
G84005,DERRY DOWNS SURGERY,Active,ENGLAND,False,72Q,QKK,London,full,1
G84006,SUMMERCROFT SURGERY,Active,ENGLAND,False,72Q,QKK,London,full,1
G84007,POVEREST MEDICAL CENTRE,Active,ENGLAND,False,72Q,QKK,London,full,1
G84008,MANOR ROAD SURGERY,Active,ENGLAND,False,72Q,QKK,London,full,1
G84009,FAMILY SURGERY,Active,ENGLAND,False,72Q,QKK,London,full,1
G84010,THE CHISLEHURST PARTNERSHIP,Active,ENGLAND,False,72Q,QKK,London,full,1
G84011,EDEN PARK SURGERY,Active,ENGLAND,False,72Q,QKK,London,full,1
G84013,ST MARY CRAY PRACTICE,Active,ENGLAND,False,72Q,QKK,London,full,1
G84015,STATION ROAD SURGERY,Active,ENGLAND,False,72Q,QKK,London,full,1
G84016,LONDON LANE CLINIC,Active,ENGLAND,False,72Q,QKK,London,full,1
G84017,ADDINGTON ROAD SURGERY,Active,ENGLAND,False,72Q,QKK,London,full,1
G84018,CORNERWAYS SURGERY,Active,ENGLAND,False,72Q,QKK,London,full,1
G84019,BROOMWOOD HEALTH CENTRE,Active,ENGLAND,False,72Q,QKK,London,full,1
G84020,CHELSFIELD SURGERY,Active,ENGLAND,False,72Q,QKK,London,full,1
G84021,CHARTERHOUSE SURGERY,Inactive,ENGLAND,False,72Q,QKK,London,full,1
G84022,TRINITY MEDICAL CENTRE,Inactive,ENGLAND,False,72Q,QKK,London,full,1
G84023,SOUTHBOROUGH LANE SURGERY,Active,ENGLAND,False,72Q,QKK,London,full,1
G84024,BROMLEY COMMON PRACTICE,Active,ENGLAND,False,72Q,QKK,London,full,1
G84025,THE PARK PRACTICE,Active,ENGLAND,False,72Q,QKK,London,full,1
G84027,ELM HOUSE SURGERY,Active,ENGLAND,False,72Q,QKK,London,full,1
G84028,ST JAMES' PRACTICE,Active,ENGLAND,False,72Q,QKK,London,full,1
G84029,ROBIN HOOD SURGERY,Active,ENGLAND,False,72Q,QKK,London,full,1
G84030,FORGE CLOSE SURGERY,Active,ENGLAND,False,72Q,QKK,London,full,1
G84032,KNOLL MEDICAL PRACTICE,Active,ENGLAND,False,72Q,QKK,London,full,1
G84033,PICKHURST SURGERY,Active,ENGLAND,False,72Q,QKK,London,full,1
G84035,TUDOR WAY SURGERY,Active,ENGLAND,False,72Q,QKK,London,full,1
G84037,DR MATTHEWS & PARTNER,Inactive,ENGLAND,False,,,,archive,1
G84039,NORHEADS LANE SURGERY,Active,ENGLAND,False,72Q,QKK,London,full,1
G84040,BALLATER SURGERY,Active,ENGLAND,False,72Q,QKK,London,full,1
G84041,GILLMANS ROAD SURGERY,Active,ENGLAND,False,72Q,QKK,London,full,1
G84604,HIGHLAND ROAD SURGERY,Active,ENGLAND,False,72Q,QKK,London,full,1
G84607,WICKHAM PARK SURGERY,Active,ENGLAND,False,72Q,QKK,London,full,1
G84609,BANK HOUSE SURGERY,Active,ENGLAND,False,72Q,QKK,London,full,1
G84621,WHITEHOUSE SURGERY,Active,ENGLAND,False,72Q,QKK,London,full,1
G84624,ANERLEY SURGERY,Active,ENGLAND,False,72Q,QKK,London,full,1
G84625,OAKFIELD SURGERY,Active,ENGLAND,False,72Q,QKK,London,full,1
G84627,GREEN STREET GREEN MED CT,Active,ENGLAND,False,72Q,QKK,London,full,1
G84628,CROSS HALL SURGERY,Inactive,ENGLAND,False,72Q,QKK,London,full,1
G84629,SUNDRIDGE MEDICAL CENTRE,Active,ENGLAND,False,72Q,QKK,London,full,1
G84630,CRESCENT SURGERY,Active,ENGLAND,False,72Q,QKK,London,full,1
G85001,FOREST HILL GROUP PRACTICE,Active,ENGLAND,False,72Q,QKK,London,full,1
G85002,STREATHAM HIGH PRACTICE,Active,ENGLAND,False,72Q,QKK,London,full,1
G85003,BELMONT HILL SURGERY,Inactive,ENGLAND,False,72Q,QKK,London,full,1
G85004,MODALITY LEWISHAM (ML),Active,ENGLAND,False,72Q,QKK,London,full,1
G85005,SOUTH LEWISHAM GROUP PRACTICE,Inactive,ENGLAND,False,72Q,QKK,London,full,1
G85006,THE ACORN & GAUMONT HOUSE SURGERY,Active,ENGLAND,False,72Q,QKK,London,full,1
G85007,DR A ULLAH'S PRACTICE,Inactive,ENGLAND,False,,,,archive,1
G85008,MORNINGTON SURGERY,Inactive,ENGLAND,False,72Q,QKK,London,full,1
G85009,ST JAMES CHURCH SURGERY,Inactive,ENGLAND,False,08Q,,,full,1
G85010,DR SHEILA SANTAMARIA,Inactive,ENGLAND,False,08K,,,full,1
G85011,CLAPHAM FAMILY PRACTICE,Active,ENGLAND,False,72Q,QKK,London,full,1
G85012,THE AYLESBURY PARTNERSHIP,Inactive,ENGLAND,False,08Q,,,full,1
G85013,CAMBERWELL GREEN SURGERY,Active,ENGLAND,False,72Q,QKK,London,full,1
G85014,STREATHAM COMMON PRACTICE,Active,ENGLAND,False,72Q,QKK,London,full,1
G85015,THE QRP SURGERY,Active,ENGLAND,False,72Q,QKK,London,full,1
G85016,HERNE HILL GROUP PRACTICE,Active,ENGLAND,False,72Q,QKK,London,full,1
G85019,TRAFALGAR SURGERY,Active,ENGLAND,False,72Q,QKK,London,full,1
G85020,KINGFISHER MEDICAL CENTRE,Active,ENGLAND,False,72Q,QKK,London,full,1
G85021,PRENTIS MEDICAL CENTRE,Active,ENGLAND,False,72Q,QKK,London,full,1
G85022,NORTH WOOD GROUP PRACTICE,Active,ENGLAND,False,72Q,QKK,London,full,1
G85023,LEWISHAM MEDICAL CENTRE,Active,ENGLAND,False,72Q,QKK,London,full,1
G85024,SYDENHAM GREEN GROUP PRACTICE,Active,ENGLAND,False,72Q,QKK,London,full,1
G85025,BRIXTON HILL GROUP PRACTICE,Active,ENGLAND,False,72Q,QKK,London,full,1
G85026,CLIFTON RISE FAMILY PRACTICE,Active,ENGLAND,False,72Q,QKK,London,full,1
G85027,BURNT ASH SURGERY,Inactive,ENGLAND,False,72Q,QKK,London,full,1
G85028,STOCKWELL GROUP PRACTICE,Active,ENGLAND,False,72Q,QKK,London,full,1
G85029,FALMOUTH ROAD GROUP PRACTICE,Active,ENGLAND,False,72Q,QKK,London,full,1
G85030,PARKSIDE MEDICAL CENTRE,Active,ENGLAND,False,72Q,QKK,London,full,1
G85031,DMC CHADWICK ROAD,Active,ENGLAND,False,72Q,QKK,London,full,1
G85032,TORRIDON ROAD MEDICAL PRACTICE,Active,ENGLAND,False,72Q,QKK,London,full,1
G85034,NEXUS HEALTH GROUP,Active,ENGLAND,False,72Q,QKK,London,full,1
G85035,MORDEN HILL SURGERY,Inactive,ENGLAND,False,72Q,QKK,London,full,1
G85036,BARING ROAD MEDICAL CENTRE,Inactive,ENGLAND,False,08L,,,full,1
G85038,THE LEWISHAM CARE PARTNERSHIP,Active,ENGLAND,False,72Q,QKK,London,full,1
G85039,PAXTON GREEN GROUP PRACTICE,Active,ENGLAND,False,72Q,QKK,London,full,1
G85040,QUEENS ROAD SURGERY,Active,ENGLAND,False,72Q,QKK,London,full,1
G85041,PALACE ROAD SURGERY,Active,ENGLAND,False,72Q,QKK,London,full,1
G85042,ST GILES SURGERY,Active,ENGLAND,False,72Q,QKK,London,full,1
G85043,WALDRON TEACHING PRACTICE,Inactive,ENGLAND,False,,,,archive,1
G85044,VALLEY ROAD SURGERY,Active,ENGLAND,False,72Q,QKK,London,full,1
G85045,HETHERINGTON GROUP PRACTICE,Active,ENGLAND,False,72Q,QKK,London,full,1
G85046,LEE ROAD SURGERY,Active,ENGLAND,False,72Q,QKK,London,full,1
G85047,KNIGHTS HILL SURGERY SUITE 1,Active,ENGLAND,False,72Q,QKK,London,full,1
G85048,THE BROCKLEY ROAD SURGERY,Inactive,ENGLAND,False,72Q,QKK,London,full,1
G85050,SIR JOHN KIRK CLOSE SURGERY,Inactive,ENGLAND,False,72Q,QKK,London,full,1
G85051,ELM LODGE SURGERY,Active,ENGLAND,False,72Q,QKK,London,full,1
G85052,OLD KENT ROAD SURGERY,Active,ENGLAND,False,72Q,QKK,London,full,1
G85053,HURLEY AND RIVERSIDE PRACTICES,Active,ENGLAND,False,72Q,QKK,London,full,1
G85054,LAMBETH WALK GROUP PRACTICE,Active,ENGLAND,False,72Q,QKK,London,full,1
G85055,HILLY FIELDS MEDICAL CENTRE,Inactive,ENGLAND,False,72Q,QKK,London,full,1
G85057,ASHDOWN MEDICAL GROUP,Active,ENGLAND,False,72Q,QKK,London,full,1
G85060,DR IRANI,Inactive,ENGLAND,False,,,,archive,1
G85061,WOOLSTONE MEDICAL CENTRE,Active,ENGLAND,False,72Q,QKK,London,full,1
G85073,VASSALL MEDICAL CENTRE,Active,ENGLAND,False,72Q,QKK,London,full,1
G85076,NEW CROSS CENTRE (HURLEY GROUP),Active,ENGLAND,False,72Q,QKK,London,full,1
G85078,MYATTS FIELD MED PRACTICE,Inactive,ENGLAND,False,08K,,,archive,1
G85081,SYDENHAM SURGERY,Inactive,ENGLAND,False,72Q,QKK,London,full,1
G85082,DR RHK SINHA'S PRACTICE,Inactive,ENGLAND,False,72Q,QKK,London,full,1
G85083,SANDMERE PRACTICE,Active,ENGLAND,False,72Q,QKK,London,full,1
G85084,PENROSE SURGERY,Active,ENGLAND,False,72Q,QKK,London,full,1
G85085,GROVE MEDICAL CENTRE,Active,ENGLAND,False,72Q,QKK,London,full,1
G85086,THE SOUTH LAMBETH RD PRACTICE,Active,ENGLAND,False,72Q,QKK,London,full,1
G85087,SILVERLOCK MEDICAL CENTRE,Active,ENGLAND,False,72Q,QKK,London,full,1
G85088,WATER LANE SURGERY,Inactive,ENGLAND,False,08K,,,full,1
G85089,HONOR OAK GROUP PRACTICE,Inactive,ENGLAND,False,72Q,QKK,London,full,1
G85091,THE THREE ZERO SIX MEDICAL CENTRE,Active,ENGLAND,False,72Q,QKK,London,full,1
G85094,BERMONDSEY AND LANSDOWNE MEDICAL MISSION,Inactive,ENGLAND,False,08Q,,,full,1
G85095,MANOR PLACE SURGERY,Inactive,ENGLAND,False,08Q,,,full,1
G85096,THE VALE SURGERY,Active,ENGLAND,False,72Q,QKK,London,full,1
G85097,THE GRANGE ROAD PRACTICE,Inactive,ENGLAND,False,08Q,,,full,1
G85099,WINLATON SURGERY,Inactive,ENGLAND,False,08L,,,full,1
G85100,BECKETT HOUSE PRACTICE,Active,ENGLAND,False,72Q,QKK,London,full,1
G85102,GRAY'S INN MEDICAL GROUP VAUXHALL,Active,ENGLAND,False,72Q,QKK,London,full,1
G85104,ICO HEALTH GROUP,Active,ENGLAND,False,72Q,QKK,London,full,1
G85105,VESTA ROAD SURGERY,Active,ENGLAND,False,72Q,QKK,London,full,1
G85106,DR KK MISRA'S PRACTICE,Inactive,ENGLAND,False,72Q,QKK,London,full,1
G85109,CLAPHAM PARK GROUP PRACTICE,Active,ENGLAND,False,72Q,QKK,London,full,1
G85112,THE HAMBLEDEN CLINIC,Inactive,ENGLAND,False,72Q,QKK,London,full,1
G85113,NORWOOD SURGERY,Inactive,ENGLAND,False,08K,,,full,1
G85114,WELLS PARK PRACTICE,Active,ENGLAND,False,72Q,QKK,London,full,1
G85118,STREATHAM PLACE SURGERY,Inactive,ENGLAND,False,72Q,QKK,London,full,1
G85119,STERNHALL LANE SURGERY,Active,ENGLAND,False,72Q,QKK,London,full,1
G85120,TRIANGLE GROUP PRACTICE,Active,ENGLAND,False,72Q,QKK,London,full,1
G85121,PARKVIEW SURGERY,Active,ENGLAND,False,72Q,QKK,London,full,1
G85123,BINFIELD ROAD SURGERY,Active,ENGLAND,False,72Q,QKK,London,full,1
G85124,BELLINGHAM GREEN SURGERY,Inactive,ENGLAND,False,72Q,QKK,London,full,1
G85125,PARK MEDICAL CENTRE,Active,ENGLAND,False,72Q,QKK,London,full,1
G85127,THE CORNER SURGERY,Active,ENGLAND,False,72Q,QKK,London,full,1
G85129,THE DEERBROOK SURGERY,Active,ENGLAND,False,72Q,QKK,London,full,1
G85130,MAWBEY GROUP PRACTICE,Active,ENGLAND,False,72Q,QKK,London,full,1
G85132,TESSA JOWELL GP SURGERY,Active,ENGLAND,False,72Q,QKK,London,full,1
G85133,THE TULSE HILL PRACTICE,Inactive,ENGLAND,False,08K,,,full,1
G85134,THE LISTER PRIMARY CARE CENTRE,Active,ENGLAND,False,72Q,QKK,London,full,1
G85135,MINET GREEN HEALTH PRACTICE,Active,ENGLAND,False,72Q,QKK,London,full,1
G85136,WATERLOO HEALTH CENTRE,Active,ENGLAND,False,72Q,QKK,London,full,1
G85137,BROCKWELL PARK SURGERY,Active,ENGLAND,False,72Q,QKK,London,full,1
G85138,ALBION STREET GROUP PRACTICE,Active,ENGLAND,False,72Q,QKK,London,full,1
G85618,THE COURTYARD SURGERY,Inactive,ENGLAND,False,,,,archive,1
G85623,BERMONDSEY SPA MEDICAL CENTRE,Active,ENGLAND,False,72Q,QKK,London,full,1
G85632,THE VILLA STREET MEDICAL CENTRE,Active,ENGLAND,False,72Q,QKK,London,full,1
G85633,NOVUM HEALTH PARTNERSHIP,Active,ENGLAND,False,72Q,QKK,London,full,1
G85642,BLACKFRIARS MEDICAL PRACTICE,Active,ENGLAND,False,72Q,QKK,London,full,1
G85644,THE GARDENS SURGERY,Active,ENGLAND,False,72Q,QKK,London,full,1
G85647,THE EXCHANGE SURGERY,Active,ENGLAND,False,72Q,QKK,London,full,1
G85650,ELFRIDA SURGERY,Inactive,ENGLAND,False,,,,archive,1
G85651,THE DULWICH MEDICAL CENTRE,Active,ENGLAND,False,72Q,QKK,London,full,1
G85662,THE STREATHAM HILL GROUP PRACTICE,Active,ENGLAND,False,72Q,QKK,London,full,1
G85673,SPRINGFIELD MEDICAL CENTRE,Active,ENGLAND,False,72Q,QKK,London,full,1
G85674,GRAFTON SQUARE SURGERY,Active,ENGLAND,False,72Q,QKK,London,full,1
G85677,BALDRY GARDENS FAMILY PRACTICE,Inactive,ENGLAND,False,,,,archive,1
G85681,THE LORDSHIP LANE SURGERY,Active,ENGLAND,False,72Q,QKK,London,full,1
G85682,DR. GUNASUNTHARAM SURGERY,Inactive,ENGLAND,False,08K,,,full,1
G85685,THE NUNHEAD SURGERY,Active,ENGLAND,False,72Q,QKK,London,full,1
G85690,HERNE HILL ROAD MEDICAL PRACTICE,Active,ENGLAND,False,72Q,QKK,London,full,1
G85692,SURREY DOCKS HEALTH CENTRE,Inactive,ENGLAND,False,08Q,,,full,1
G85695,AKERMAN MEDICAL PRACTICE,Active,ENGLAND,False,72Q,QKK,London,full,1
G85696,VALE MEDICAL CENTRE,Active,ENGLAND,False,72Q,QKK,London,full,1
G85698,AMERSHAM VALE TRAINING PRACTICE,Active,ENGLAND,False,72Q,QKK,London,full,1
G85700,DR IVOR FERREIRA,Inactive,ENGLAND,False,,,,archive,1
G85703,MUIRKIRK SURGERY,Inactive,ENGLAND,False,08L,,,archive,1
G85705,THE NEW MILL STREET SURGERY,Active,ENGLAND,False,72Q,QKK,London,full,1
G85706,THE OLD DAIRY HEALTH CENTRE,Active,ENGLAND,False,72Q,QKK,London,full,1
G85707,EAST DULWICH PRIMARY CARE CENTRE,Inactive,ENGLAND,False,,,,archive,1
G85708,DR CURRAN & PARTNERS,Active,ENGLAND,False,72Q,QKK,London,full,1
G85711,DEPTFORD SURGERY,Active,ENGLAND,False,72Q,QKK,London,full,1
G85712,AVICENNA HEALTH CENTRE,Inactive,ENGLAND,False,08Q,,,full,1
G85715,THE LISTER PRACTICE,Active,ENGLAND,False,72Q,QKK,London,full,1
G85716,OAKVIEW FAMILY PRACTICE,Active,ENGLAND,False,72Q,QKK,London,full,1
G85717,DR BK BATRA'S PRACTICE,Inactive,ENGLAND,False,72Q,QKK,London,full,1
G85718,DR OA SARKER'S PRACTICE,Inactive,ENGLAND,False,,,,archive,1
G85719,DR SLC LEE'S PRACTICE,Inactive,ENGLAND,False,,,,archive,1
G85721,EAST STREET,Active,ENGLAND,False,72Q,QKK,London,full,1
G85722,WOODLANDS HEALTH CENTRE,Active,ENGLAND,False,72Q,QKK,London,full,1
G85723,DR SMS HOSSAIN'S PRACTICE,Inactive,ENGLAND,False,08Q,,,full,1
G85724,EDITH CAVELL PRACTICE,Active,ENGLAND,False,72Q,QKK,London,full,1
G85726,BRUNSWICK PARK FAMILY PRACTICE,Active,ENGLAND,False,72Q,QKK,London,full,1
G85727,NIGHTINGALE SURGERY,Active,ENGLAND,False,72Q,QKK,London,full,1
G85736,DEPTFORD MEDICAL CENTRE,Active,ENGLAND,False,72Q,QKK,London,full,1
H81002,KNOWLE GREEN MEDICAL,Active,ENGLAND,False,92A,S9B9J,,full,1
H81003,SUNBURY GROUP PRACTICE,Active,ENGLAND,False,92A,S9B9J,,full,1
H81004,SHEPPERTON MEDICAL PRACTICE,Active,ENGLAND,False,92A,S9B9J,,full,1
H81005,POND TAIL SURGERY,Active,ENGLAND,False,92A,S9B9J,,full,1
H81006,AUSTEN ROAD SURGERY,Active,ENGLAND,False,92A,S9B9J,,full,1
H81007,ROWAN TREE PRACTICE,Inactive,ENGLAND,False,92A,S9B9J,,full,1
H81009,STUDHOLME MEDICAL CENTRE,Active,ENGLAND,False,92A,S9B9J,,full,1
H81010,GUILDOWNS GROUP PRACTICE,Active,ENGLAND,False,92A,S9B9J,,full,1
H81011,NORK CLINIC,Active,ENGLAND,False,92A,S9B9J,,full,1
H81013,BARTLETT GROUP PRACTICE,Active,ENGLAND,False,92A,S9B9J,,full,1
H81015,CHOBHAM & WEST END MEDICAL PRACTICE,Active,ENGLAND,False,92A,S9B9J,,full,1
H81016,FAIRFIELD MEDICAL CENTRE,Active,ENGLAND,False,92A,S9B9J,,full,1
H81017,ASHLEA MEDICAL PRACTICE,Active,ENGLAND,False,92A,S9B9J,,full,1
H81019,SUNNY MEED SURGERY,Active,ENGLAND,False,92A,S9B9J,,full,1
H81020,FORT HOUSE SURGERY,Active,ENGLAND,False,92A,S9B9J,,full,1
H81021,THE MILL MEDICAL PRACTICE,Active,ENGLAND,False,92A,S9B9J,,full,1
H81022,CHIDDINGFOLD SURGERY,Active,ENGLAND,False,92A,S9B9J,,full,1
H81023,LINGFIELD SURGERY,Active,ENGLAND,False,92A,S9B9J,,full,1
H81024,GOLDSWORTH PARK HEALTH CENTRE,Active,ENGLAND,False,92A,S9B9J,,full,1
H81025,ST JOHN'S FAMILY PRACTICE,Active,ENGLAND,False,92A,S9B9J,,full,1
H81026,BINSCOMBE MEDICAL CENTRE,Active,ENGLAND,False,92A,S9B9J,,full,1
H81027,FARNHAM PARK HEALTH GROUP,Active,ENGLAND,False,92A,S9B9J,,full,1
H81028,DORKING MEDICAL PRACTICE,Active,ENGLAND,False,92A,S9B9J,,full,1
H81029,DAPDUNE HOUSE SURGERY,Active,ENGLAND,False,92A,S9B9J,,full,1
H81030,THE HOUSE PARTNERSHIP,Active,ENGLAND,False,92A,S9B9J,,full,1
H81031,WITLEY SURGERY,Active,ENGLAND,False,92A,S9B9J,,full,1
H81032,HEATHCOT MEDICAL PRACTICE,Active,ENGLAND,False,92A,S9B9J,,full,1
H81033,CHERTSEY HEALTH CENTRE,Active,ENGLAND,False,92A,S9B9J,,full,1
H81034,MADEIRA MEDICAL,Active,ENGLAND,False,92A,S9B9J,,full,1
H81035,MERROW PARK SURGERY,Active,ENGLAND,False,92A,S9B9J,,full,1
H81036,PARISHES BRIDGE MED.PRACT,Active,ENGLAND,False,92A,S9B9J,,full,1
H81037,BIRCHWOOD MEDICAL PRACTICE,Inactive,ENGLAND,False,92A,S9B9J,,full,1
H81038,LITTLETON SURGERY,Active,ENGLAND,False,92A,S9B9J,,full,1
H81039,PARK HOUSE SURGERY,Active,ENGLAND,False,92A,S9B9J,,full,1
H81040,STATION ROAD SURGERY,Active,ENGLAND,False,92A,S9B9J,,full,1
H81041,SOUTHVIEW MEDICAL PRACTICE,Active,ENGLAND,False,92A,S9B9J,,full,1
H81042,CROUCH OAK FAMILY PRACTICE,Active,ENGLAND,False,92A,S9B9J,,full,1
H81043,WONERSH SURGERY,Active,ENGLAND,False,92A,S9B9J,,full,1
H81044,SPRINGFIELD SURGERY,Active,ENGLAND,False,92A,S9B9J,,full,1
H81045,CATERHAM VALLEY MEDICAL PRACTICE,Active,ENGLAND,False,92A,S9B9J,,full,1
H81046,WAYSIDE MEDICAL PRACTICE,Active,ENGLAND,False,92A,S9B9J,,full,1
H81047,RUNNYMEDE MEDICAL PRACTICE,Active,ENGLAND,False,U2G6B,S0E4D,,full,1
H81048,HOLMHURST MEDICAL CENTRE,Active,ENGLAND,False,92A,S9B9J,,full,1
H81050,WEY FAMILY PRACTICE,Active,ENGLAND,False,92A,S9B9J,,full,1
H81051,DERBY MEDICAL CENTRE,Active,ENGLAND,False,92A,S9B9J,,full,1
H81052,CRANLEIGH MEDICAL PRACTICE,Active,ENGLAND,False,92A,S9B9J,,full,1
H81053,VILLAGES MEDICAL CTR,Active,ENGLAND,False,92A,S9B9J,,full,1
H81054,BRIDGE PRACTICE,Inactive,ENGLAND,False,09Y,,,full,1
H81055,HAWTHORNS SURGERY,Active,ENGLAND,False,92A,S9B9J,,full,1
H81056,OXTED HEALTH CENTRE,Active,ENGLAND,False,92A,S9B9J,,full,1
H81057,FORDBRIDGE MEDICAL CENTRE,Active,ENGLAND,False,92A,S9B9J,,full,1
H81058,WOODLANDS ROAD MEDICAL CENTRE,Active,ENGLAND,False,92A,S9B9J,,full,1
H81060,TOWNHILL MEDICAL PRACTICE,Inactive,ENGLAND,False,92A,S9B9J,,full,1
H81061,HILLVIEW MEDICAL CENTRE,Active,ENGLAND,False,92A,S9B9J,,full,1
H81062,HASLEMERE HEALTH CENTRE,Active,ENGLAND,False,92A,S9B9J,,full,1
H81064,FAIRLANDS MEDICAL PRACTICE,Active,ENGLAND,False,92A,S9B9J,,full,1
H81065,HERSHAM SURGERY,Active,ENGLAND,False,92A,S9B9J,,full,1
H81066,GROVE MEDICAL CENTRE,Active,ENGLAND,False,92A,S9B9J,,full,1
H81067,COBHAM HEALTH CENTRE,Active,ENGLAND,False,92A,S9B9J,,full,1
H81068,BROCKWOOD MEDICAL PRACTICE,Active,ENGLAND,False,92A,S9B9J,,full,1
H81069,PARK ROAD GROUP PRACTICE,Active,ENGLAND,False,92A,S9B9J,,full,1
H81070,HEATHCOTE MEDICAL CENTRE,Active,ENGLAND,False,92A,S9B9J,,full,1
H81071,ASHLEY CENTRE SURGERY,Active,ENGLAND,False,92A,S9B9J,,full,1
H81072,MEDWYN SURGERY,Active,ENGLAND,False,92A,S9B9J,,full,1
H81073,PHOENIX FAMILY PRACTICE,Active,ENGLAND,False,92A,S9B9J,,full,1
H81074,ST STEPHENS HOUSE SURGERY,Active,ENGLAND,False,92A,S9B9J,,full,1
H81075,UPPER GORDON ROAD SURGERY,Active,ENGLAND,False,92A,S9B9J,,full,1
H81076,GRAYSHOTT SURGERY,Active,ENGLAND,False,92A,S9B9J,,full,1
H81077,SHERESURGERYANDDISPENSARY,Active,ENGLAND,False,92A,S9B9J,,full,1
H81078,GLENLYN MEDICAL CENTRE,Active,ENGLAND,False,92A,S9B9J,,full,1
H81079,STAINES THAMESIDE MEDICAL,Inactive,ENGLAND,False,92A,S9B9J,,full,1
H81080,LONGCROFT CLINIC,Active,ENGLAND,False,92A,S9B9J,,full,1
H81081,TADWORTH MEDICAL CENTRE,Active,ENGLAND,False,92A,S9B9J,,full,1
H81082,CAMBERLEY HEALTH CENTRE,Active,ENGLAND,False,92A,S9B9J,,full,1
H81083,MOAT HOUSE SURGERY,Inactive,ENGLAND,False,92A,S9B9J,,full,1
H81084,THE HORSLEY MEDICAL PRACTICE,Active,ENGLAND,False,92A,S9B9J,,full,1
H81085,ST. LUKE'S SURGERY,Active,ENGLAND,False,92A,S9B9J,,full,1
H81086,THORKHILL SURGERY,Active,ENGLAND,False,92A,S9B9J,,full,1
H81087,ST DAVID'S FAMILY PRACTICE,Active,ENGLAND,False,92A,S9B9J,,full,1
H81088,CENTRAL SURGERY,Active,ENGLAND,False,92A,S9B9J,,full,1
H81089,THE WALL HOUSE SURGERY,Active,ENGLAND,False,92A,S9B9J,,full,1
H81090,WOODBRIDGE HILL SURGERY,Active,ENGLAND,False,92A,S9B9J,,full,1
H81091,SPRING STREET SURGERY,Active,ENGLAND,False,92A,S9B9J,,full,1
H81093,GIBSON,Inactive,ENGLAND,False,,,,archive,1
H81094,THE RED PRACTICE WALTON,Active,ENGLAND,False,92A,S9B9J,,full,1
H81095,THE YELLOW PRACTICE,Active,ENGLAND,False,92A,S9B9J,,full,1
H81097,RIVER WEY MEDICAL PRACTICE,Inactive,ENGLAND,False,D4U1Y,QRL,,full,1
H81099,ESHER GREEN SURGERY,Active,ENGLAND,False,92A,S9B9J,,full,1
H81101,WHYTELEAFE SURGERY,Inactive,ENGLAND,False,92A,S9B9J,,full,1
H81103,EASTWICK PARK MED.PRACT.,Active,ENGLAND,False,92A,S9B9J,,full,1
H81104,STANWELL ROAD SURGERY,Active,ENGLAND,False,92A,S9B9J,,full,1
H81106,NORTH HOLMWOOD SURGERY,Inactive,ENGLAND,False,,,,archive,1
H81107,OXSHOTT MEDICAL PRACTICE,Active,ENGLAND,False,92A,S9B9J,,full,1
H81109,CAPELFIELD SURGERY,Active,ENGLAND,False,92A,S9B9J,,full,1
H81110,HOLLY TREE SURGERY,Active,ENGLAND,False,92A,S9B9J,,full,1
H81111,VIRGINIA WATER MEDICAL PRACTICE,Active,ENGLAND,False,92A,S9B9J,,full,1
H81113,LEITH HILL PRACTICE,Active,ENGLAND,False,92A,S9B9J,,full,1
H81116,ELIZABETH HOUSE MEDICAL PRACTICE,Active,ENGLAND,False,92A,S9B9J,,full,1
H81118,AURIOL MEDICAL PRACTICE,Inactive,ENGLAND,False,99H,,,full,1
H81119,WARLINGHAM GREEN MED PRAC,Active,ENGLAND,False,92A,S9B9J,,full,1
H81122,HYTHE MEDICAL CENTRE SURGERY,Active,ENGLAND,False,92A,S9B9J,,full,1
H81123,SHEERWATER HEALTH CENTRE,Active,ENGLAND,False,92A,S9B9J,,full,1
H81125,GIGGS HILL SURGERY,Inactive,ENGLAND,False,99H,,,archive,1
H81126,TATTENHAM HEALTH CENTRE,Active,ENGLAND,False,92A,S9B9J,,full,1
H81128,VINE MEDICAL CENTRE,Active,ENGLAND,False,92A,S9B9J,,full,1
H81129,PIRBRIGHT SURGERY,Active,ENGLAND,False,92A,S9B9J,,full,1
H81130,LIGHTWATER SURGERY,Active,ENGLAND,False,92A,S9B9J,,full,1
H81131,THE WHITE PRACTICE,Active,ENGLAND,False,92A,S9B9J,,full,1
H81132,GUILDFORD RIVERS PRACTICE,Inactive,ENGLAND,False,92A,S9B9J,,full,1
H81133,INTEGRATED CARE PARTNERSHIP - OCH,Active,ENGLAND,False,92A,S9B9J,,full,1
H81134,STAINES HEALTH GROUP,Active,ENGLAND,False,92A,S9B9J,,full,1
H81611,RIVERBANK SURGERY,Inactive,ENGLAND,False,99H,,,full,1
H81613,STONELEIGH SURGERY,Inactive,ENGLAND,False,92A,S9B9J,,full,1
H81615,FARNHAM DENE MEDICAL PRACTICE,Active,ENGLAND,False,92A,S9B9J,,full,1
H81618,MOLEBRIDGE PRACTICE,Active,ENGLAND,False,92A,S9B9J,,full,1
H81620,HEATHERSIDE SURGERY,Inactive,ENGLAND,False,10C,QNQ,,full,1
H81622,OLD DEAN SURGERY,Inactive,ENGLAND,False,10C,QNQ,,archive,1
H81632,THE ORCHARD SURGERY,Active,ENGLAND,False,92A,S9B9J,,full,1
H81638,MODALITY EAST SURREY MEDICAL PRACTICE,Active,ENGLAND,False,92A,S9B9J,,full,1
H81641,THE PRACTICE COLLEGE ROAD,Active,ENGLAND,False,92A,S9B9J,,full,1
H81642,UPPER HALLIFORD MEDICAL CENTRE,Active,ENGLAND,False,92A,S9B9J,,full,1
H81643,MAYBURY SURGERY,Active,ENGLAND,False,92A,S9B9J,,full,1
H81644,FOUNTAIN PRACTICE,Active,ENGLAND,False,92A,S9B9J,,full,1
H81647,NEW INN SURGERY,Inactive,ENGLAND,False,92A,S9B9J,,full,1
H81648,PEASLAKE SURGERY & DISP.,Inactive,ENGLAND,False,,,,archive,1
H81656,SHADBOLT PARK HOUSE SURG,Active,ENGLAND,False,92A,S9B9J,,full,1
H81658,NEW OTTERSHAW SURGERY,Active,ENGLAND,False,92A,S9B9J,,full,1
H81663,ASHLEY MEDICAL PRACTICE,Active,ENGLAND,False,92A,S9B9J,,full,1
H81664,DR R J POOL,Inactive,ENGLAND,False,92A,S9B9J,,full,1
H81667,SOUTH PARK SURGERY,Inactive,ENGLAND,False,09L,,,full,1
H81672,THE GROVES HINCHLEY WOOD,Active,ENGLAND,False,92A,S9B9J,,full,1
H82002,CHURCH VIEW SURGERY,Inactive,ENGLAND,False,09G,,,full,1
H82003,MEADOWS SURGERY,Active,ENGLAND,False,70F,S9B9J,,full,1
H82004,COWFOLD SURGERY,Active,ENGLAND,False,70F,S9B9J,,full,1
H82005,CUCKFIELD MEDICAL CENTRE,Active,ENGLAND,False,70F,S9B9J,,full,1
H82006,THE PETWORTH SURGERY,Active,ENGLAND,False,70F,S9B9J,,full,1
H82007,WESTCOURT MEDICAL CENTRE,Active,ENGLAND,False,70F,S9B9J,,full,1
H82008,SHIP STREET SURGERY,Inactive,ENGLAND,False,70F,S9B9J,,full,1
H82009,ST. LAWRENCE SURGERY,Active,ENGLAND,False,70F,S9B9J,,full,1
H82010,JUDGES CLOSE SURGERY,Inactive,ENGLAND,False,70F,S9B9J,,full,1
H82011,STRAND MEDICAL GROUP,Active,ENGLAND,False,70F,S9B9J,,full,1
H82012,LEACROFT MEDICAL PRACTICE,Active,ENGLAND,False,70F,S9B9J,,full,1
H82013,LANGLEY HOUSE SURGERY,Active,ENGLAND,False,70F,S9B9J,,full,1
H82014,COPPICE SURGERY,Active,ENGLAND,False,70F,S9B9J,,full,1
H82015,PHOENIX MEDICAL GROUP,Inactive,ENGLAND,False,70F,S9B9J,,full,1
H82016,BERSTED GREEN SURGERY,Active,ENGLAND,False,70F,S9B9J,,full,1
H82017,PARK SURGERY,Active,ENGLAND,False,70F,S9B9J,,full,1
H82020,BOGNOR MEDICAL CENTRE,Active,ENGLAND,False,70F,S9B9J,,full,1
H82021,ARUNDEL SURGERY,Active,ENGLAND,False,70F,S9B9J,,full,1
H82022,STEYNING HEALTH CENTRE,Active,ENGLAND,False,70F,S9B9J,,full,1
H82023,ADUR HEALTH PARTNERSHIP,Active,ENGLAND,False,70F,S9B9J,,full,1
H82024,SEAL MEDICAL GROUP,Inactive,ENGLAND,False,09G,,,archive,1
H82025,WOODLANDS&CLERKLANDS PARTNERSHIP,Active,ENGLAND,False,70F,S9B9J,,full,1
H82026,SAXONBROOK MEDICAL CENTRE,Active,ENGLAND,False,70F,S9B9J,,full,1
H82027,RUDGWICK MEDICAL CENTRE,Active,ENGLAND,False,70F,S9B9J,,full,1
H82028,THE COURTYARD SURGERY HORSHAM,Active,ENGLAND,False,70F,S9B9J,,full,1
H82029,THE MANOR PRACTICE,Inactive,ENGLAND,False,70F,S9B9J,,full,1
H82030,PULBOROUGH MEDICAL GROUP,Active,ENGLAND,False,70F,S9B9J,,full,1
H82031,LOXWOOD SURGERY,Active,ENGLAND,False,70F,S9B9J,,full,1
H82032,RIVERBANK MEDICAL CENTRE,Active,ENGLAND,False,70F,S9B9J,,full,1
H82033,GOSSOPS GREEN MEDICAL CTR,Active,ENGLAND,False,70F,S9B9J,,full,1
H82034,LIME TREE SURGERY,Active,ENGLAND,False,70F,S9B9J,,full,1
H82035,LINDFIELD MEDICAL CENTRE,Active,ENGLAND,False,70F,S9B9J,,full,1
H82036,ORCHARD SURGERY,Active,ENGLAND,False,70F,S9B9J,,full,1
H82037,SELSEY MEDICAL PRACTICE,Active,ENGLAND,False,70F,S9B9J,,full,1
H82038,FLANSHAM PARK HEALTH CENTRE,Active,ENGLAND,False,70F,S9B9J,,full,1
H82039,PARK SURGERY,Active,ENGLAND,False,70F,S9B9J,,full,1
H82040,MODALITY MID SUSSEX,Active,ENGLAND,False,70F,S9B9J,,full,1
H82041,VICTORIA ROAD SURGERY,Active,ENGLAND,False,70F,S9B9J,,full,1
H82042,CATHEDRAL MEDICAL GROUP,Active,ENGLAND,False,70F,S9B9J,,full,1
H82043,GROVE HOUSE SURGERY,Active,ENGLAND,False,70F,S9B9J,,full,1
H82044,DOLPHINS PRACTICE,Active,ENGLAND,False,70F,S9B9J,,full,1
H82045,WORTHING MEDICAL GROUP,Active,ENGLAND,False,70F,S9B9J,,full,1
H82046,BROADWATER MEDICAL CENTRE,Active,ENGLAND,False,70F,S9B9J,,full,1
H82047,BRIDGE MEDICAL CENTRE,Active,ENGLAND,False,70F,S9B9J,,full,1
H82048,AVISFORD MEDICAL GROUP,Active,ENGLAND,False,70F,S9B9J,,full,1
H82049,PARKLANDS SURGERY,Active,ENGLAND,False,70F,S9B9J,,full,1
H82050,IFIELD MEDICAL PRACTICE,Active,ENGLAND,False,70F,S9B9J,,full,1
H82051,LAVANT ROAD SURGERY,Active,ENGLAND,False,70F,S9B9J,,full,1
H82052,POUND HILL MEDICAL GROUP,Active,ENGLAND,False,70F,S9B9J,,full,1
H82053,FURNACE GREEN SURGERY,Active,ENGLAND,False,70F,S9B9J,,full,1
H82055,BILLINGSHURST SURGERY,Active,ENGLAND,False,70F,S9B9J,,full,1
H82056,NEWTONS PRACTICE,Active,ENGLAND,False,70F,S9B9J,,full,1
H82057,MID SUSSEX HEALTH CARE,Active,ENGLAND,False,70F,S9B9J,,full,1
H82058,MAYWOOD HEALTH CARE CENTRE,Active,ENGLAND,False,70F,S9B9J,,full,1
H82059,WILLOW GREEN SURGERY,Active,ENGLAND,False,70F,S9B9J,,full,1
H82060,HENFIELD MEDICAL CENTRE,Active,ENGLAND,False,70F,S9B9J,,full,1
H82061,SELDEN MEDICAL CENTRE,Active,ENGLAND,False,70F,S9B9J,,full,1
H82063,MOATFIELD SURGERY,Active,ENGLAND,False,70F,S9B9J,,full,1
H82064,SOUTHGATE MEDICAL GROUP,Active,ENGLAND,False,70F,S9B9J,,full,1
H82065,BALL TREE SURGERY,Active,ENGLAND,False,70F,S9B9J,,full,1
H82066,FITZALAN MEDICAL GROUP,Active,ENGLAND,False,70F,S9B9J,,full,1
H82067,TANGMERE MEDICAL CENTRE,Active,ENGLAND,False,70F,S9B9J,,full,1
H82068,MILL STREAM MEDICAL CENTRE,Inactive,ENGLAND,False,,,,archive,1
H82069,ARUN MEDICAL GROUP,Inactive,ENGLAND,False,09G,,,full,1
H82070,GLEBE SURGERY,Active,ENGLAND,False,70F,S9B9J,,full,1
H82072,SILVERDALE PRACTICE,Active,ENGLAND,False,70F,S9B9J,,full,1
H82076,CORNERWAYS SURGERY,Active,ENGLAND,False,70F,S9B9J,,full,1
H82077,THE CROFT SURGERY,Active,ENGLAND,False,70F,S9B9J,,full,1
H82078,SOUTHBOURNE SURGERY,Active,ENGLAND,False,70F,S9B9J,,full,1
H82083,NORTHBOURNE MEDICAL CENTRE,Inactive,ENGLAND,False,70F,S9B9J,,full,1
H82084,BROW MEDICAL CENTRE,Active,ENGLAND,False,70F,S9B9J,,full,1
H82086,HIGHDOWN SURGERY,Inactive,ENGLAND,False,09G,,,full,1
H82087,BARN SURGERY,Active,ENGLAND,False,70F,S9B9J,,full,1
H82088,BEWBUSH MEDICAL CENTRE,Active,ENGLAND,False,70F,S9B9J,,full,1
H82089,RIVERSIDE MEDICAL PRACTICE,Active,ENGLAND,False,70F,S9B9J,,full,1
H82091,NEW POND ROW SURGERY,Active,ENGLAND,False,70F,S9B9J,,full,1
H82092,VILLAGE SURGERY,Active,ENGLAND,False,70F,S9B9J,,full,1
H82094,KINGFISHER FAMILY PRACTICE,Inactive,ENGLAND,False,09G,,,full,1
H82095,WITTERINGS MEDICAL CENTRE,Active,ENGLAND,False,70F,S9B9J,,full,1
H82096,THE ORCHARD SURGERY,Active,ENGLAND,False,70F,S9B9J,,full,1
H82098,COACHMANS MEDICAL PRACTICE,Active,ENGLAND,False,70F,S9B9J,,full,1
H82099,WEST MEADS SURGERY,Active,ENGLAND,False,70F,S9B9J,,full,1
H82100,NORTHLANDS WOOD SURGERY,Active,ENGLAND,False,70F,S9B9J,,full,1
H82101,HEENE ROAD SURGERY,Inactive,ENGLAND,False,09G,,,archive,1
H82615,OUSE VALLEY PRACTICE,Active,ENGLAND,False,70F,S9B9J,,full,1
H82621,PARK VIEW HEALTH PARTNERSHIP,Inactive,ENGLAND,False,70F,S9B9J,,full,1
H82625,OLD SHOREHAM ROAD SURGERY,Inactive,ENGLAND,False,,,,archive,1
H82640,HOLBROOK SURGERY,Active,ENGLAND,False,70F,S9B9J,,full,1
H82641,THE LAWNS SURGERY,Inactive,ENGLAND,False,70F,S9B9J,,full,1
H82643,THE MAYFLOWER SURGERY,Inactive,ENGLAND,False,09G,,,full,1
H83001,PORTLAND MEDICAL CENTRE,Active,ENGLAND,False,36L,QWE,London,full,1
H83002,HEATHFIELD SURGERY,Inactive,ENGLAND,False,07V,,,full,1
H83004,FARLEY ROAD MEDICAL PRACTICE,Active,ENGLAND,False,36L,QWE,London,full,1
H83005,UPPER NORWOOD GROUP PRACTICE,Active,ENGLAND,False,36L,QWE,London,full,1
H83006,NEW ADDINGTON GROUP PRACTICE,Active,ENGLAND,False,36L,QWE,London,full,1
H83007,VIOLET LANE MEDICAL PRACTICE,Active,ENGLAND,False,36L,QWE,London,full,1
H83008,NORTHWAY ROAD SURGERY,Active,ENGLAND,False,36L,QWE,London,full,1
H83009,NORBURY MEDICAL PRACTICE,Active,ENGLAND,False,36L,QWE,London,full,1
H83010,SOUTH NORWOOD HILL MEDICAL CENTRE,Active,ENGLAND,False,36L,QWE,London,full,1
H83011,NORTH CROYDON MEDICAL CENTRE,Active,ENGLAND,False,36L,QWE,London,full,1
H83012,ST JAMES MEDICAL CENTRE,Active,ENGLAND,False,36L,QWE,London,full,1
H83013,OLD COULSDON MEDICAL PRACTICE,Active,ENGLAND,False,36L,QWE,London,full,1
H83014,QUEENHILL MEDICAL PRACTICE,Active,ENGLAND,False,36L,QWE,London,full,1
H83015,PARKSIDE GROUP PRACTICE,Active,ENGLAND,False,36L,QWE,London,full,1
H83016,KESTON MEDICAL PRACTICE,Active,ENGLAND,False,36L,QWE,London,full,1
H83017,BRIGSTOCK MEDICAL PRACTICE,Active,ENGLAND,False,36L,QWE,London,full,1
H83018,SELSDON PARK MEDICAL PRACTICE,Active,ENGLAND,False,36L,QWE,London,full,1
H83019,FRIENDS ROAD MEDICAL PRACTICE,Active,ENGLAND,False,36L,QWE,London,full,1
H83020,EVERSLEY MEDICAL CENTRE,Active,ENGLAND,False,36L,QWE,London,full,1
H83021,LONDON ROAD MEDICAL PRACTICE,Active,ENGLAND,False,36L,QWE,London,full,1
H83022,THORNTON HEATH MEDICAL CENTRE,Active,ENGLAND,False,36L,QWE,London,full,1
H83023,MORLAND ROAD SURGERY,Active,ENGLAND,False,36L,QWE,London,full,1
H83024,WOODCOTE MEDICAL,Active,ENGLAND,False,36L,QWE,London,full,1
H83025,WOODSIDE GROUP PRACTICE,Inactive,ENGLAND,False,07V,,,full,1
H83027,PARKWAY HEALTH CENTRE (01),Inactive,ENGLAND,False,36L,QWE,London,full,1
H83028,ADDINGTON MEDICAL PRACTICE,Active,ENGLAND,False,36L,QWE,London,full,1
H83029,HARTLAND WAY SURGERY,Active,ENGLAND,False,36L,QWE,London,full,1
H83030,BROOM ROAD MEDICAL PRACTICE,Active,ENGLAND,False,36L,QWE,London,full,1
H83031,HALING PARK MEDICAL PRACTICE,Active,ENGLAND,False,36L,QWE,London,full,1
H83033,ASHBURTON PARK MEDICAL CENTRE,Active,ENGLAND,False,36L,QWE,London,full,1
H83034,WHITEHORSE PRACTICE,Active,ENGLAND,False,36L,QWE,London,full,1
H83035,SOUTH WAY SURGERY,Inactive,ENGLAND,False,,,,archive,1
H83037,AUCKLAND SURGERY,Active,ENGLAND,False,36L,QWE,London,full,1
H83039,STOVELL HOUSE SURGERY,Active,ENGLAND,False,36L,QWE,London,full,1
H83040,MITCHLEY AVENUE SURGERY,Inactive,ENGLAND,False,36L,QWE,London,full,1
H83041,SOUTH NORWOOD MEDICAL CENTRE,Inactive,ENGLAND,False,07V,,,archive,1
H83042,LEANDER FAMILY PRACTICE,Active,ENGLAND,False,36L,QWE,London,full,1
H83043,SHIRLEY MEDICAL CENTRE,Active,ENGLAND,False,36L,QWE,London,full,1
H83044,EAST CROYDON MEDICAL CENTRE,Active,ENGLAND,False,36L,QWE,London,full,1
H83046,FIELDWAY MEDICAL CENTRE,Inactive,ENGLAND,False,07V,,,full,1
H83048,DOWNLAND SURGERY,Inactive,ENGLAND,False,36L,QWE,London,full,1
H83049,HEADLEY DRIVE SURGERY,Active,ENGLAND,False,36L,QWE,London,full,1
H83050,THE MOORINGS MEDICAL PRACTICE,Inactive,ENGLAND,False,36L,QWE,London,full,1
H83051,THORNTON ROAD & VALLEY PARK SURGERY,Active,ENGLAND,False,36L,QWE,London,full,1
H83052,BRAMLEY AVENUE SURGERY,Active,ENGLAND,False,36L,QWE,London,full,1
H83053,PARCHMORE MEDICAL CENTRE,Active,ENGLAND,False,36L,QWE,London,full,1
H83608,YOUR FAMILY PRACTICE,Active,ENGLAND,False,36L,QWE,London,full,1
H83609,MERSHAM MEDICAL CENTRE,Active,ENGLAND,False,36L,QWE,London,full,1
H83611,SELHURST MEDICAL CENTRE,Active,ENGLAND,False,36L,QWE,London,full,1
H83614,COULSDON ROAD PRACTICE,Inactive,ENGLAND,False,,,,archive,1
H83616,PURLEY MEDICAL PRACTICE,Inactive,ENGLAND,False,,,,archive,1
H83619,GREENSIDE GROUP PRACTICE,Inactive,ENGLAND,False,,,,archive,1
H83620,COULSDON MEDICAL PRACTICE,Inactive,ENGLAND,False,07V,,,full,1
H83622,SOUTH NORWOOD MEDICAL PRACTICE,Inactive,ENGLAND,False,07V,,,full,1
H83623,SOUTH CROYDON MEDICAL CENTRE,Inactive,ENGLAND,False,36L,QWE,London,full,1
H83624,FAIRVIEW MEDICAL CENTRE,Active,ENGLAND,False,36L,QWE,London,full,1
H83625,BROUGHTON CORNER FAMILY PRACTICE,Inactive,ENGLAND,False,36L,QWE,London,full,1
H83626,THE ENMORE PRACTICE,Inactive,ENGLAND,False,07V,,,full,1
H83627,BIRDHURST MEDICAL PRACTICE,Active,ENGLAND,False,36L,QWE,London,full,1
H83631,GREENSIDE GROUP PRACTICE,Active,ENGLAND,False,36L,QWE,London,full,1
H83634,VALLEY PARK SURGERY,Inactive,ENGLAND,False,07V,,,full,1
H83635,WOODSIDE HEALTH CENTRE (04),Inactive,ENGLAND,False,,,,archive,1
H84002,PARK ROAD SURGERY,Active,ENGLAND,False,36L,QWE,London,full,1
H84005,PARKSHOT MEDICAL PRACTICE,Active,ENGLAND,False,36L,QWE,London,full,1
H84006,RICHMOND MEDICAL GROUP,Active,ENGLAND,False,36L,QWE,London,full,1
H84007,ACORN GROUP PRACTICE,Active,ENGLAND,False,36L,QWE,London,full,1
H84010,CANBURY MEDICAL CENTRE,Active,ENGLAND,False,36L,QWE,London,full,1
H84012,YORK MEDICAL PRACTICE,Active,ENGLAND,False,36L,QWE,London,full,1
H84014,PARADISE ROAD SURGERY,Active,ENGLAND,False,36L,QWE,London,full,1
H84015,BRUNSWICK SURGERY,Active,ENGLAND,False,36L,QWE,London,full,1
H84016,GROVES MEDICAL CENTRE,Active,ENGLAND,False,36L,QWE,London,full,1
H84017,SEYMOUR HOUSE SURGERY,Active,ENGLAND,False,36L,QWE,London,full,1
H84018,BROAD LANE SURGERY,Active,ENGLAND,False,36L,QWE,London,full,1
H84020,FAIRHILL MEDICAL PRACTICE,Active,ENGLAND,False,36L,QWE,London,full,1
H84023,ESSEX HOUSE SURGERY,Active,ENGLAND,False,36L,QWE,London,full,1
H84025,HOOK SURGERY,Active,ENGLAND,False,36L,QWE,London,full,1
H84027,CHURCHILL MEDICAL CENTRE,Active,ENGLAND,False,36L,QWE,London,full,1
H84030,CENTRAL SURGERY,Active,ENGLAND,False,36L,QWE,London,full,1
H84031,JUBILEE SURGERY,Active,ENGLAND,False,36L,QWE,London,full,1
H84032,HAMPTON WICK SURGERY,Active,ENGLAND,False,36L,QWE,London,full,1
H84033,ST ALBANS MEDICAL CENTRE,Active,ENGLAND,False,36L,QWE,London,full,1
H84034,ORCHARD PRACTICE,Active,ENGLAND,False,36L,QWE,London,full,1
H84036,LAWRENCE (KEW GARDENS),Inactive,ENGLAND,False,,,,archive,1
H84039,CROSS DEEP SURGERY,Active,ENGLAND,False,36L,QWE,London,full,1
H84040,HAMPTON MEDICAL CENTRE,Active,ENGLAND,False,36L,QWE,London,full,1
H84041,VINEYARD SURGERY,Active,ENGLAND,False,36L,QWE,London,full,1
H84042,HOLMWOOD CORNER SURGERY,Active,ENGLAND,False,36L,QWE,London,full,1
H84043,CROWLEY (NORTH ROAD),Inactive,ENGLAND,False,36L,QWE,London,full,1
H84044,THE GREEN & FIR ROAD,Active,ENGLAND,False,36L,QWE,London,full,1
H84048,TWICKENHAM PARK SURGERY,Active,ENGLAND,False,36L,QWE,London,full,1
H84049,MAYPOLE SURGERY,Inactive,ENGLAND,False,08J,,,full,1
H84050,CHESSINGTON PARK SURGERY,Active,ENGLAND,False,36L,QWE,London,full,1
H84051,ROSELAWN SURGERY,Active,ENGLAND,False,36L,QWE,London,full,1
H84053,BERRYLANDS SURGERY,Active,ENGLAND,False,36L,QWE,London,full,1
H84054,RED LION ROAD SURGERY,Active,ENGLAND,False,36L,QWE,London,full,1
H84055,SHEEN LANE SURGERY,Active,ENGLAND,False,36L,QWE,London,full,1
H84057,STAINES ROAD MEDICAL CENTRE,Active,ENGLAND,False,36L,QWE,London,full,1
H84058,KINGSDOWNE SURGERY,Inactive,ENGLAND,False,08J,,,full,1
H84059,THAMESIDE MEDICAL PRACTICE,Active,ENGLAND,False,36L,QWE,London,full,1
H84060,RICHMOND LOCK SURGERY,Active,ENGLAND,False,36L,QWE,London,full,1
H84061,KINGSTON HEALTH CENTRE,Active,ENGLAND,False,36L,QWE,London,full,1
H84062,LANGLEY MEDICAL PRACTICE,Active,ENGLAND,False,36L,QWE,London,full,1
H84607,NEW MALDEN HEALTH CENTRE,Inactive,ENGLAND,False,,,,archive,1
H84608,SAYER (RICHMOND GREEN),Inactive,ENGLAND,False,36L,QWE,London,full,1
H84609,BRACKENDALE SURGERY,Inactive,ENGLAND,False,,,,archive,1
H84615,SAYER (DEANHILL),Inactive,ENGLAND,False,08P,,,archive,1
H84618,SUNRAY SURGERY,Active,ENGLAND,False,36L,QWE,London,full,1
H84619,CLAREMONT MEDICAL CENTRE,Active,ENGLAND,False,36L,QWE,London,full,1
H84623,HAMPTON HILL MEDICAL CENTRE,Active,ENGLAND,False,36L,QWE,London,full,1
H84625,WOODLAWN MEDICAL CENTRE,Active,ENGLAND,False,36L,QWE,London,full,1
H84629,VILLAGE SURGERY,Inactive,ENGLAND,False,36L,QWE,London,full,1
H84630,CRANE PARK SURGERY,Active,ENGLAND,False,36L,QWE,London,full,1
H84632,PALACCI (CASTELNAU),Inactive,ENGLAND,False,36L,QWE,London,full,1
H84633,COOPER (QUEENS MEDICAL CENTRE),Inactive,ENGLAND,False,,,,archive,1
H84635,MANOR DRIVE MEDICAL CENTRE,Active,ENGLAND,False,36L,QWE,London,full,1
H84637,GRAY'S MEDICAL CENTRE,Inactive,ENGLAND,False,08J,,,full,1
H84639,KEW MEDICAL PRACTICE,Active,ENGLAND,False,36L,QWE,London,full,1
H85001,WANDSWORTH MEDICAL CENTRE,Active,ENGLAND,False,36L,QWE,London,full,1
H85002,FALCON ROAD MEDICAL CENTRE,Active,ENGLAND,False,36L,QWE,London,full,1
H85003,QUEENSTOWN ROAD MEDICAL PRACTICE,Active,ENGLAND,False,36L,QWE,London,full,1
H85004,THE SURGERY,Inactive,ENGLAND,False,,,,archive,1
H85005,TRINITY MEDICAL CENTRE,Inactive,ENGLAND,False,36L,QWE,London,full,1
H85006,MAYFIELD SURGERY,Active,ENGLAND,False,36L,QWE,London,full,1
H85007,SOUTHFIELDS GROUP PRACTICE,Active,ENGLAND,False,36L,QWE,London,full,1
H85008,ROEHAMPTON SURGERY,Active,ENGLAND,False,36L,QWE,London,full,1
H85009,BEDFORD HILL FAMILY PRACTICE,Active,ENGLAND,False,36L,QWE,London,full,1
H85011,GREYSWOOD PRACTICE,Active,ENGLAND,False,36L,QWE,London,full,1
H85012,PUTNEYMEAD GROUP MEDICAL PRACTICE,Active,ENGLAND,False,36L,QWE,London,full,1
H85016,CANNON HILL LANE MEDICAL PRACTICE,Inactive,ENGLAND,False,08R,,,archive,1
H85018,MULGRAVE ROAD SURGERY,Active,ENGLAND,False,36L,QWE,London,full,1
H85019,THE G.P. CENTRE,Inactive,ENGLAND,False,36L,QWE,London,full,1
H85020,NELSON MEDICAL PRACTICE,Active,ENGLAND,False,36L,QWE,London,full,1
H85021,CHESSER PRACTICE,Active,ENGLAND,False,36L,QWE,London,full,1
H85022,PARK ROAD MEDICAL CENTRE,Active,ENGLAND,False,36L,QWE,London,full,1
H85023,BISHOPSFORD ROAD MEDICAL CENTRE,Active,ENGLAND,False,36L,QWE,London,full,1
H85024,MITCHAM & TOOTING HEALTH,Active,ENGLAND,False,36L,QWE,London,full,1
H85025,WRYTHE GREEN SURGERY,Active,ENGLAND,False,36L,QWE,London,full,1
H85026,FRANCIS GROVE SURGERY,Active,ENGLAND,False,36L,QWE,London,full,1
H85027,WIMBLEDON VILLAGE SURGERY,Active,ENGLAND,False,36L,QWE,London,full,1
H85028,WIMBLEDON MEDICAL PRACTICE,Active,ENGLAND,False,36L,QWE,London,full,1
H85029,WIDE WAY MEDICAL CENTRE,Active,ENGLAND,False,36L,QWE,London,full,1
H85030,OLD COURT HOUSE SURGERY,Active,ENGLAND,False,36L,QWE,London,full,1
H85031,BENHILL & BELMONT GP CENTRE,Active,ENGLAND,False,36L,QWE,London,full,1
H85032,CARSHALTON FIELDS SURGERY,Inactive,ENGLAND,False,36L,QWE,London,full,1
H85033,TAMWORTH HOUSE MEDICAL CENTRE,Active,ENGLAND,False,36L,QWE,London,full,1
H85035,ROWANS SURGERY,Inactive,ENGLAND,False,36L,QWE,London,full,1
H85037,MORDEN HALL MEDICAL CENTRE,Active,ENGLAND,False,36L,QWE,London,full,1
H85038,CRICKET GREEN MEDICAL PRACTICE,Active,ENGLAND,False,36L,QWE,London,full,1
H85039,WATERFALL HOUSE,Inactive,ENGLAND,False,,,,archive,1
H85041,EARLSFIELD SURGERY,Active,ENGLAND,False,36L,QWE,London,full,1
H85045,BRIDGE LANE GROUP PRACTICE,Active,ENGLAND,False,36L,QWE,London,full,1
H85047,CHATFIELD HEALTH CARE,Active,ENGLAND,False,36L,QWE,London,full,1
H85048,BROCKLEBANK GROUP PRACTICE,Active,ENGLAND,False,36L,QWE,London,full,1
H85049,BATTERSEA RISE GROUP PRACTICE,Active,ENGLAND,False,36L,QWE,London,full,1
H85051,LAMBTON ROAD MEDICAL PRACTICE,Active,ENGLAND,False,36L,QWE,London,full,1
H85052,STREATHAM PARK SURGERY,Active,ENGLAND,False,36L,QWE,London,full,1
H85053,SUTTON MEDICAL CENTRE,Active,ENGLAND,False,36L,QWE,London,full,1
H85054,DR MUKTAR & DR AL-SANJARY,Inactive,ENGLAND,False,36L,QWE,London,full,1
H85055,WEST BARNES SURGERY,Active,ENGLAND,False,36L,QWE,London,full,1
H85056,BALHAM HILL MEDICAL PRACTICE,Inactive,ENGLAND,False,08X,,,full,1
H85057,ELBOROUGH STREET SURGERY,Active,ENGLAND,False,36L,QWE,London,full,1
H85061,HEATHBRIDGE PRACTICE,Active,ENGLAND,False,36L,QWE,London,full,1
H85063,CHEAM GP CENTRE,Active,ENGLAND,False,36L,QWE,London,full,1
H85064,THE HEALTH CENTRE,Inactive,ENGLAND,False,,,,archive,1
H85065,ALTON PRACTICE,Active,ENGLAND,False,36L,QWE,London,full,1
H85066,BALHAM PARK SURGERY,Active,ENGLAND,False,36L,QWE,London,full,1
H85067,DANEBURY AVENUE SURGERY,Active,ENGLAND,False,36L,QWE,London,full,1
H85069,LAVENDER HILL GROUP PRACTICE,Active,ENGLAND,False,36L,QWE,London,full,1
H85070,CENTRAL MEDICAL CENTRE,Active,ENGLAND,False,36L,QWE,London,full,1
H85072,JAMES O'RIORDAN MEDICAL CENTRE,Inactive,ENGLAND,False,08R,,,full,1
H85075,HAIDER PRACTICE,Active,ENGLAND,False,36L,QWE,London,full,1
H85076,STONECOT SURGERY,Active,ENGLAND,False,36L,QWE,London,full,1
H85077,BOLINGBROKE MEDICAL CENTRE,Active,ENGLAND,False,36L,QWE,London,full,1
H85078,MITCHAM FAMILY PRACTICE,Active,ENGLAND,False,36L,QWE,London,full,1
H85082,TRIANGLE SURGERY,Active,ENGLAND,False,36L,QWE,London,full,1
H85086,WANDLE VALLEY HEALTH CENTRE.,Inactive,ENGLAND,False,08T,,,archive,1
H85087,OPEN DOOR SURGERY,Active,ENGLAND,False,36L,QWE,London,full,1
H85088,CLAPHAM JUNCTION MEDICAL PRACTICE,Active,ENGLAND,False,36L,QWE,London,full,1
H85090,FIGGES MARSH SURGERY,Active,ENGLAND,False,36L,QWE,London,full,1
H85092,RIVERHOUSE MEDICAL PRACTICE,Active,ENGLAND,False,36L,QWE,London,full,1
H85095,ROBIN HOOD LANE HEALTH CENTRE,Active,ENGLAND,False,36L,QWE,London,full,1
H85100,ST PAULS COTTAGE SURGERY,Active,ENGLAND,False,36L,QWE,London,full,1
H85101,GRAND DRIVE SURGERY,Active,ENGLAND,False,36L,QWE,London,full,1
H85103,HACKBRIDGE MEDICAL CENTRE,Active,ENGLAND,False,36L,QWE,London,full,1
H85105,CHEAM FAMILY PRACTICE,Active,ENGLAND,False,36L,QWE,London,full,1
H85110,RAVENSBURY PARK MEDICAL CENTRE,Active,ENGLAND,False,36L,QWE,London,full,1
H85111,BATTERSEA FIELDS PRACTICE,Active,ENGLAND,False,36L,QWE,London,full,1
H85112,VINEYARD HILL ROAD SURGERY,Active,ENGLAND,False,36L,QWE,London,full,1
H85113,MALDON ROAD SURGERY,Active,ENGLAND,False,36L,QWE,London,full,1
H85114,THURLEIGH ROAD PRACTICE,Active,ENGLAND,False,36L,QWE,London,full,1
H85115,SHOTFIELD MEDICAL PRACTICE,Active,ENGLAND,False,36L,QWE,London,full,1
H85116,MANOR PRACTICE,Active,ENGLAND,False,36L,QWE,London,full,1
H85618,JAMES O'RIORDAN MEDICAL CENTRE,Active,ENGLAND,False,36L,QWE,London,full,1
H85634,MERTON MEDICAL PRACTICE,Active,ENGLAND,False,36L,QWE,London,full,1
H85637,BALHAM HEALTH CENTRE,Active,ENGLAND,False,36L,QWE,London,full,1
H85643,INNER PARK ROAD HEALTH CENTRE,Inactive,ENGLAND,False,08X,,,full,1
H85649,COLLIERS WOOD SURGERY,Active,ENGLAND,False,36L,QWE,London,full,1
H85650,GRANVILLE ROAD SURGERY,Inactive,ENGLAND,False,08X,,,archive,1
H85653,WALLINGTON FAMILY PRACTICE,Active,ENGLAND,False,36L,QWE,London,full,1
H85656,ALEXANDRA ROAD SURGERY,Active,ENGLAND,False,36L,QWE,London,full,1
H85659,ST JOHNS HILL SURGERY,Active,ENGLAND,False,36L,QWE,London,full,1
H85662,BEECHES SURGERY,Active,ENGLAND,False,36L,QWE,London,full,1
H85664,TOOTING BEC SURGERY,Active,ENGLAND,False,36L,QWE,London,full,1
H85665,WALLINGTON MEDICAL CENTRE,Inactive,ENGLAND,False,36L,QWE,London,full,1
H85674,BEDDINGTON MEDICAL CENTRE,Inactive,ENGLAND,False,08T,,,full,1
H85680,TOOTING SOUTH MEDICAL CENTRE,Active,ENGLAND,False,36L,QWE,London,full,1
H85682,TUDOR LODGE HEALTH CENTRE,Active,ENGLAND,False,36L,QWE,London,full,1
H85683,FACCINI HOUSE SURGERY,Active,ENGLAND,False,36L,QWE,London,full,1
H85686,GROVE ROAD PRACTICE,Active,ENGLAND,False,36L,QWE,London,full,1
H85691,NIGHTINGALE PRACTICE,Active,ENGLAND,False,36L,QWE,London,full,1
H85693,CIRCLE GP SURGERY,Active,ENGLAND,False,36L,QWE,London,full,1
H85695,THE PRACTICE FURZEDOWN,Inactive,ENGLAND,False,36L,QWE,London,full,1
J81002,ORCHID HOUSE SURGERY,Active,ENGLAND,False,11J,QVV,,full,1
J81003,WINTON HEALTH CENTRE,Inactive,ENGLAND,False,11J,QVV,,full,1
J81004,POOLE ROAD MEDICAL CENTRE,Inactive,ENGLAND,False,11J,QVV,,full,1
J81005,BRIDPORT MEDICAL CENTRE,Inactive,ENGLAND,False,11J,QVV,,full,1
J81006,THE ADAM PRACTICE,Active,ENGLAND,False,11J,QVV,,full,1
J81009,ROYAL MANOR HEALTH CARE,Active,ENGLAND,False,11J,QVV,,full,1
J81010,SWANAGE MEDICAL PRACTICE,Active,ENGLAND,False,11J,QVV,,full,1
J81011,WAREHAM SURGERY,Active,ENGLAND,False,11J,QVV,,full,1
J81012,SHORE MEDICAL,Active,ENGLAND,False,11J,QVV,,full,1
J81013,CANFORD HEATH GROUP PRACT,Active,ENGLAND,False,11J,QVV,,full,1
J81014,WESTBOURNE MEDICAL CENTRE,Active,ENGLAND,False,11J,QVV,,full,1
J81015,THE BRIDPORT MEDICAL CTR2,Inactive,ENGLAND,False,,,,archive,1
J81016,QUEENS AVENUE SURGERY,Active,ENGLAND,False,11J,QVV,,full,1
J81017,YETMINSTER HEALTH CENTRE,Active,ENGLAND,False,11J,QVV,,full,1
J81018,BEAUFORT ROAD SURGERY,Active,ENGLAND,False,11J,QVV,,full,1
J81019,THE BLANDFORD GROUP PRACTICE,Active,ENGLAND,False,11J,QVV,,full,1
J81020,BERE REGIS SURGERY,Active,ENGLAND,False,11J,QVV,,full,1
J81021,SHELLEY MANOR HOLDENHURST MEDICAL CENTRE,Active,ENGLAND,False,11J,QVV,,full,1
J81022,WEST MOORS VILLAGE SURGERY,Active,ENGLAND,False,11J,QVV,,full,1
J81024,HOLDENHURST ROAD SURGERY,Inactive,ENGLAND,False,11J,QVV,,full,1
J81025,THE WELLBRIDGE PRACTICE,Active,ENGLAND,False,11J,QVV,,full,1
J81026,ABBEY VIEW MEDICAL CENTRE,Inactive,ENGLAND,False,11J,QVV,,archive,1
J81027,WEYMOUTH BAY MEDICAL PRACTICE,Active,ENGLAND,False,11J,QVV,,full,1
J81028,HIGHCLIFFE MEDICAL CENTRE,Active,ENGLAND,False,11J,QVV,,full,1
J81029,THE APPLES MEDICAL CENTRE,Active,ENGLAND,False,11J,QVV,,full,1
J81030,THE VERWOOD SURGERY,Active,ENGLAND,False,11J,QVV,,full,1
J81031,EAGLE HOUSE SURGERY,Inactive,ENGLAND,False,11J,QVV,,full,1
J81032,NEWLAND SURGERY,Inactive,ENGLAND,False,11J,QVV,,full,1
J81033,TALBOT MEDICAL CENTRE,Active,ENGLAND,False,11J,QVV,,full,1
J81034,THE QUARTER JACK SURGERY,Active,ENGLAND,False,11J,QVV,,full,1
J81035,MILTON ABBAS SURGERY,Active,ENGLAND,False,11J,QVV,,full,1
J81036,THE ROSEMARY HEALTH CTR,Active,ENGLAND,False,11J,QVV,,full,1
J81038,NORTHBOURNE SURGERY,Inactive,ENGLAND,False,11J,QVV,,full,1
J81039,MOORDOWN MEDICAL CENTRE,Active,ENGLAND,False,11J,QVV,,full,1
J81040,STALBRIDGE SURGERY,Inactive,ENGLAND,False,11J,QVV,,full,1
J81041,THE HADLEIGH PRACTICE,Active,ENGLAND,False,11J,QVV,,full,1
J81042,VILLAGE SURGERY,Active,ENGLAND,False,11J,QVV,,full,1
J81043,THE BARN SURGERY,Inactive,ENGLAND,False,11J,QVV,,full,1
J81044,HEATHERVIEW MEDICAL CTR.,Inactive,ENGLAND,False,11J,QVV,,full,1
J81045,KINSON ROAD MEDICAL CENTRE,Active,ENGLAND,False,11J,QVV,,full,1
J81046,THE HARVEY PRACTICE,Active,ENGLAND,False,11J,QVV,,full,1
J81047,JAMES FISHER MEDICAL CENTRE,Active,ENGLAND,False,11J,QVV,,full,1
J81048,WESSEX ROAD SURGERY,Inactive,ENGLAND,False,11J,QVV,,full,1
J81049,THE MARINE & OAKRIDGE PARTNERSHIP,Active,ENGLAND,False,11J,QVV,,full,1
J81050,BURTON & BRANSGORE MEDICAL CENTRE,Inactive,ENGLAND,False,11J,QVV,,full,1
J81051,WYKE REGIS & LANEHOUSE MEDICAL PRACTICE,Active,ENGLAND,False,11J,QVV,,full,1
J81052,LIFEBOAT QUAY MEDICAL CENTRE,Inactive,ENGLAND,False,11J,QVV,,full,1
J81053,CERNE ABBAS SURGERY,Active,ENGLAND,False,11J,QVV,,full,1
J81054,LILLIPUT SURGERY,Inactive,ENGLAND,False,11J,QVV,,full,1
J81055,ABBOTSBURY ROAD SURGERY,Inactive,ENGLAND,False,11J,QVV,,full,1
J81056,CHRISTCHURCH MEDICAL PRACTICE,Active,ENGLAND,False,11J,QVV,,full,1
J81057,FARMHOUSE SURGERY,Active,ENGLAND,False,11J,QVV,,full,1
J81058,THE CRANBORNE PRACTICE,Active,ENGLAND,False,11J,QVV,,full,1
J81059,SOUTHBOURNE PRACTICE,Active,ENGLAND,False,11J,QVV,,full,1
J81061,PENNY'S HILL PRACTICE,Active,ENGLAND,False,11J,QVV,,full,1
J81062,ST ALBANS MEDICAL CENTRE,Active,ENGLAND,False,11J,QVV,,full,1
J81063,DURDELLS AVENUE SURGERY,Inactive,ENGLAND,False,11J,QVV,,full,1
J81064,POOLE TOWN SURGERY,Active,ENGLAND,False,11J,QVV,,full,1
J81065,MADEIRA MEDICAL CENTRE,Inactive,ENGLAND,False,11J,QVV,,full,1
J81066,STOUR SURGERY,Active,ENGLAND,False,11J,QVV,,full,1
J81067,LITTLEDOWN SURGERY,Active,ENGLAND,False,11J,QVV,,full,1
J81068,ATRIUM HEALTH CENTRE,Active,ENGLAND,False,11J,QVV,,full,1
J81069,LONGFLEET HOUSE SURGERY,Inactive,ENGLAND,False,11J,QVV,,full,1
J81070,THE BANKS & BEARWOOD MEDICAL CENTRE,Active,ENGLAND,False,11J,QVV,,full,1
J81071,LEYBOURNE SURGERY,Inactive,ENGLAND,False,11J,QVV,,full,1
J81072,THE PANTON PRACTICE,Active,ENGLAND,False,11J,QVV,,full,1
J81073,THE BRIDGES MEDICAL CTR.,Active,ENGLAND,False,11J,QVV,,full,1
J81074,BARTON HOUSE MED PRACTICE,Active,ENGLAND,False,11J,QVV,,full,1
J81075,CROSS ROAD SURGERY,Active,ENGLAND,False,11J,QVV,,full,1
J81076,AMMONITE HEALTH PARTNERSHIP,Active,ENGLAND,False,11J,QVV,,full,1
J81077,WALFORD MILL MEDICAL CENTRE,Active,ENGLAND,False,11J,QVV,,full,1
J81078,THE GROVE MEDICAL CENTRE,Active,ENGLAND,False,11J,QVV,,full,1
J81081,GILLINGHAM MEDICAL PRACTICE,Active,ENGLAND,False,11J,QVV,,full,1
J81082,POUNDBURY DOCTORS SURGERY,Active,ENGLAND,False,11J,QVV,,full,1
J81083,SIXPENNY HANDLEY SURGERY,Active,ENGLAND,False,92G,QOX,,full,1
J81085,STROUDEN PARK MEDICAL PRACTICE,Inactive,ENGLAND,False,,,,archive,1
J81086,EVERGREEN OAK SURGERY,Active,ENGLAND,False,11J,QVV,,full,1
J81087,THE BIRCHWOOD PRACTICE,Active,ENGLAND,False,11J,QVV,,full,1
J81088,THE LYME PRACTICE,Inactive,ENGLAND,False,,,,archive,1
J81090,THE LANEHOUSE SURGERY,Inactive,ENGLAND,False,11J,QVV,,full,1
J81609,PRINCE OF WALES SURGERY,Active,ENGLAND,False,11J,QVV,,full,1
J81612,CORFE CASTLE SURGERY,Active,ENGLAND,False,11J,QVV,,full,1
J81613,THE DORCHESTER RD SURGERY,Inactive,ENGLAND,False,11J,QVV,,full,1
J81616,PUDDLETOWN SURGERY,Active,ENGLAND,False,11J,QVV,,full,1
J81620,BLACKMORE VALE PARTNERSHIP,Active,ENGLAND,False,11J,QVV,,full,1
J81621,THE BARCELLOS FAMILY PRACTICE,Active,ENGLAND,False,11J,QVV,,full,1
J81623,BROADMAYNE SURGERY,Inactive,ENGLAND,False,11J,QVV,,archive,1
J81624,CRESCENT SURGERY,Inactive,ENGLAND,False,11J,QVV,,full,1
J81625,DENMARK ROAD MEDICAL CENTRE,Active,ENGLAND,False,11J,QVV,,full,1
J81626,FORDINGTON SURGERY,Active,ENGLAND,False,11J,QVV,,full,1
J81628,CHARMOUTH MEDICAL PRACTICE,Inactive,ENGLAND,False,11J,QVV,,full,1
J81631,SANDFORD SURGERY,Active,ENGLAND,False,11J,QVV,,full,1
J81632,HERBERT AVENUE,Inactive,ENGLAND,False,11J,QVV,,full,1
J81633,WOODLEA HOUSE SURGERY,Active,ENGLAND,False,11J,QVV,,full,1
J81634,CRESCENT PROVIDENCE SURGERY,Active,ENGLAND,False,11J,QVV,,full,1
J81637,THE PRINCE OF WALES SURGERY,Inactive,ENGLAND,False,11J,QVV,,full,1
J81640,VILLAGE MEDICAL PRACTICE,Inactive,ENGLAND,False,11J,QVV,,full,1
J81644,THE OLD DISPENSARY,Inactive,ENGLAND,False,11J,QVV,,full,1
J81645,BOSCOMBE MANOR MEDICAL CENTRE,Inactive,ENGLAND,False,11J,QVV,,full,1
J81646,GROVE SURGERY,Active,ENGLAND,False,11J,QVV,,full,1
J81647,LYME BAY MEDICAL PRACTICE,Active,ENGLAND,False,11J,QVV,,full,1
J81648,THE NEWMAN PRACTICE (DR NEWMANS SURGERY),Active,ENGLAND,False,11J,QVV,,full,1
J82001,BURGESS ROAD SURGERY,Active,ENGLAND,False,D9Y0V,QRL,,full,1
J82002,LORDSHILL HEALTH CENTRE,Active,ENGLAND,False,D9Y0V,QRL,,full,1
J82004,DR ATCHISON & PARTNERS,Inactive,ENGLAND,False,10R,QRL,,full,1
J82005,ROWLANDS CASTLE SURGERY,Active,ENGLAND,False,D9Y0V,QRL,,full,1
J82006,GOSPORT MEDICAL CENTRE,Inactive,ENGLAND,False,D9Y0V,QRL,,full,1
J82007,COASTAL MEDICAL PARTNERSHIP,Active,ENGLAND,False,D9Y0V,QRL,,full,1
J82008,WEST END SURGERY,Inactive,ENGLAND,False,D9Y0V,QRL,,full,1
J82009,EMSWORTH SURGERY,Active,ENGLAND,False,D9Y0V,QRL,,full,1
J82010,THE BOSMERE MEDICAL PRACTICE,Active,ENGLAND,False,D9Y0V,QRL,,full,1
J82012,PORTCHESTER PRACTICE,Active,ENGLAND,False,D9Y0V,QRL,,full,1
J82014,HAVANT SURGERY,Inactive,ENGLAND,False,,,,archive,1
J82015,GIFFARD DRIVE SURGERY,Active,ENGLAND,False,D9Y0V,QRL,,full,1
J82016,STOCKBRIDGE SURGERY,Active,ENGLAND,False,D9Y0V,QRL,,full,1
J82017,THE ANDOVER HEALTH CENTRE MEDICAL PRACT,Active,ENGLAND,False,D9Y0V,QRL,,full,1
J82018,STOKEWOOD SURGERY,Active,ENGLAND,False,D9Y0V,QRL,,full,1
J82019,THE FRYERN SURGERY,Active,ENGLAND,False,D9Y0V,QRL,,full,1
J82020,EASTLEIGH MEDICAL PRACTICE,Active,ENGLAND,False,D9Y0V,QRL,,full,1
J82021,WATERSIDE MEDICAL PRACTICE,Active,ENGLAND,False,D9Y0V,QRL,,full,1
J82022,VICTOR STREET SURGERY,Active,ENGLAND,False,D9Y0V,QRL,,full,1
J82023,THE WHITELEY SURGERY,Inactive,ENGLAND,False,D9Y0V,QRL,,full,1
J82024,SOLENT GP SURGERY,Active,ENGLAND,False,D9Y0V,QRL,,full,1
J82025,CHARLTON HILL SURGERY,Active,ENGLAND,False,D9Y0V,QRL,,full,1
J82026,CENTRE PRACTICE,Active,ENGLAND,False,D9Y0V,QRL,,full,1
J82027,LIPHOOK VILLAGE SURGERY,Inactive,ENGLAND,False,10V,QRL,,full,1
J82028,TRAFALGAR MEDICAL GROUP PRACTICE,Active,ENGLAND,False,10R,QRL,,full,1
J82029,NEW MILTON HEALTH CENTRE,Inactive,ENGLAND,False,D9Y0V,QRL,,full,1
J82030,VICTORIA PRACTICE,Inactive,ENGLAND,False,99M,QNQ,,full,1
J82031,DR CG WADE,Inactive,ENGLAND,False,,,,archive,1
J82032,THE CURLEW PRACTICE,Inactive,ENGLAND,False,10V,QRL,,archive,1
J82033,GUDGEHEATH LANE SURGERY,Active,ENGLAND,False,D9Y0V,QRL,,full,1
J82034,WICKHAM SURGERY,Active,ENGLAND,False,D9Y0V,QRL,,full,1
J82035,ST CLEMENTS PARTNERSHIP,Active,ENGLAND,False,D9Y0V,QRL,,full,1
J82036,WEST MEON SURGERY,Active,ENGLAND,False,D9Y0V,QRL,,full,1
J82037,WATERBROOK MEDICAL PRACTICE,Inactive,ENGLAND,False,,,,archive,1
J82038,THE WOOTTON STREET SURGERY,Inactive,ENGLAND,False,10R,QRL,,archive,1
J82039,RINGWOOD MEDICAL CENTRE,Active,ENGLAND,False,D9Y0V,QRL,,full,1
J82040,WEST END ROAD SURGERY,Active,ENGLAND,False,D9Y0V,QRL,,full,1
J82041,THE STAUNTON SURGERY,Inactive,ENGLAND,False,D9Y0V,QRL,,full,1
J82042,BADGERSWOOD SURGERY,Active,ENGLAND,False,D9Y0V,QRL,,full,1
J82044,JUBILEE SURGERY,Inactive,ENGLAND,False,D9Y0V,QRL,,full,1
J82046,OAKLEY & OVERTON PARTNERSHIP,Inactive,ENGLAND,False,10J,QRL,,full,1
J82049,THE OAKLEY HEALTH GROUP,Active,ENGLAND,False,D9Y0V,QRL,,full,1
J82050,ST PAUL'S SURGERY,Active,ENGLAND,False,D9Y0V,QRL,,full,1
J82051,HAMBLE VALLEY HEALTH,Active,ENGLAND,False,D9Y0V,QRL,,full,1
J82052,THE OAKLANDS PRACTICE,Inactive,ENGLAND,False,99M,QNQ,,full,1
J82053,ADELAIDE MEDICAL CENTRE,Active,ENGLAND,False,D9Y0V,QRL,,full,1
J82054,KINTBURY & WOOLTON HILL SURGERY,Active,ENGLAND,False,15A,S0E4D,,full,1
J82055,CRANESWATER GROUP PRACTICE,Active,ENGLAND,False,10R,QRL,,full,1
J82056,RED AND GREEN PRACTICE,Active,ENGLAND,False,D9Y0V,QRL,,full,1
J82058,BRAMBLYS GRANGE MEDICAL PRACTICE,Active,ENGLAND,False,D9Y0V,QRL,,full,1
J82059,THE WATERCRESS MEDICAL GROUP,Active,ENGLAND,False,D9Y0V,QRL,,full,1
J82060,THE LIGHTHOUSE GROUP PRACTICE,Active,ENGLAND,False,10R,QRL,,full,1
J82061,ODIHAM HEALTH CENTRE,Active,ENGLAND,False,D9Y0V,QRL,,full,1
J82062,CHEVIOT ROAD SURGERY,Active,ENGLAND,False,D9Y0V,QRL,,full,1
J82063,PARKSIDE PRACTICE,Inactive,ENGLAND,False,D9Y0V,QRL,,full,1
J82064,BISHOPS WALTHAM SURGERY,Active,ENGLAND,False,D9Y0V,QRL,,full,1
J82065,CAMROSE MEDICAL PARTNERSHIP,Inactive,ENGLAND,False,10J,QRL,,full,1
J82066,THE CAMBRIDGE PRACTICE,Active,ENGLAND,False,D9Y0V,QRL,,full,1
J82067,VOYAGER FAMILY HEALTH,Active,ENGLAND,False,D9Y0V,QRL,,full,1
J82069,CAMROSE GILLIES AND HACKWOOD PARTNERSHIP,Active,ENGLAND,False,D9Y0V,QRL,,full,1
J82071,ST. ANDREW'S SURGERY,Active,ENGLAND,False,D9Y0V,QRL,,full,1
J82072,FORESTSIDE MEDICAL PRACTICE,Active,ENGLAND,False,D9Y0V,QRL,,full,1
J82073,KIRKLANDS SURGERY,Active,ENGLAND,False,10R,QRL,,full,1
J82074,ALMA ROAD SURGERY,Active,ENGLAND,False,D9Y0V,QRL,,full,1
J82075,CHAWTON HOUSE SURGERY,Active,ENGLAND,False,D9Y0V,QRL,,full,1
J82076,WOOLSTON AND CHARTWELL PARTNERSHIP,Active,ENGLAND,False,D9Y0V,QRL,,full,1
J82077,BERMUDA MARLOWE PARTNERSHIP,Inactive,ENGLAND,False,D9Y0V,QRL,,full,1
J82079,CLIFT SURGERY,Active,ENGLAND,False,D9Y0V,QRL,,full,1
J82080,UNIVERSITY HEALTH SERVICE SOUTHAMPTON,Active,ENGLAND,False,D9Y0V,QRL,,full,1
J82081,SOUTHAMPTON SEA CITY PARTNERSHIP,Active,ENGLAND,False,D9Y0V,QRL,,full,1
J82082,SHEPHERDS SPRING MEDICAL CENTRE,Active,ENGLAND,False,D9Y0V,QRL,,full,1
J82083,THE WILLOW GROUP,Active,ENGLAND,False,D9Y0V,QRL,,full,1
J82084,BLOSSOM HEALTH - GOSPORT,Active,ENGLAND,False,D9Y0V,QRL,,full,1
J82085,ISLAND CITY PRACTICE,Active,ENGLAND,False,10R,QRL,,full,1
J82086,DR KLEMENZ & PARTNERS,Inactive,ENGLAND,False,10R,QRL,,full,1
J82087,STONEHAM LANE SURGERY,Active,ENGLAND,False,D9Y0V,QRL,,full,1
J82088,THE SHIRLEY HEALTH PARTNERSHIP,Active,ENGLAND,False,D9Y0V,QRL,,full,1
J82089,HEDGE END MEDICAL CENTRE,Active,ENGLAND,False,D9Y0V,QRL,,full,1
J82090,SUNNYSIDE MEDICAL CENTRE,Inactive,ENGLAND,False,10R,QRL,,full,1
J82091,THE BAFFINS SURGERY,Inactive,ENGLAND,False,10R,QRL,,full,1
J82092,ALDERMOOR SURGERY,Active,ENGLAND,False,D9Y0V,QRL,,full,1
J82093,STAKES LODGE SURGERY,Inactive,ENGLAND,False,10V,QRL,,full,1
J82094,TADLEY MEDICAL P'SHIP,Active,ENGLAND,False,D9Y0V,QRL,,full,1
J82096,MARLOWE PRACTICE,Inactive,ENGLAND,False,10J,QRL,,full,1
J82097,TOTTON HEALTH CENTRE,Inactive,ENGLAND,False,11A,QRL,,full,1
J82098,SWAN MEDICAL GROUP,Active,ENGLAND,False,D9Y0V,QRL,,full,1
J82099,RICHMOND SURGERY,Active,ENGLAND,False,D9Y0V,QRL,,full,1
J82100,FORTON MEDICAL CENTRE,Inactive,ENGLAND,False,10K,QRL,,full,1
J82101,THE PEARTREE PRACTICE,Active,ENGLAND,False,D9Y0V,QRL,,full,1
J82102,THE DRAYTON SURGERY,Active,ENGLAND,False,10R,QRL,,full,1
J82103,ST MARY'S SURGERY,Active,ENGLAND,False,D9Y0V,QRL,,full,1
J82104,STUBBINGTON MEDICAL PRACTICE,Active,ENGLAND,False,D9Y0V,QRL,,full,1
J82106,GRATTON SURGERY,Active,ENGLAND,False,D9Y0V,QRL,,full,1
J82110,HART HEALTH PARTNERSHIP,Active,ENGLAND,False,D9Y0V,QRL,,full,1
J82112,NEW HORIZONS MEDICAL PARTNERSHIP,Active,ENGLAND,False,D9Y0V,QRL,,full,1
J82113,WATERSIDE MEDICAL CENTRE,Inactive,ENGLAND,False,10K,QRL,,full,1
J82114,NORTH HARBOUR MEDICAL GROUP,Inactive,ENGLAND,False,10R,QRL,,full,1
J82115,ATHERLEY HOUSE SURGERY,Active,ENGLAND,False,D9Y0V,QRL,,full,1
J82116,TWYFORD SURGERY,Active,ENGLAND,False,D9Y0V,QRL,,full,1
J82117,THE HANWAY GROUP PRACTICE,Inactive,ENGLAND,False,10R,QRL,,full,1
J82119,DENMEAD HEALTH CENTRE,Active,ENGLAND,False,D9Y0V,QRL,,full,1
J82120,ALEXANDER HOUSE SURGERY,Active,ENGLAND,False,D9Y0V,QRL,,full,1
J82121,NORTH BADDESLEY SURGERY,Active,ENGLAND,False,D9Y0V,QRL,,full,1
J82122,ALMA ROAD SURGERY,Active,ENGLAND,False,D9Y0V,QRL,,full,1
J82123,HACKWOOD PARTNERSHIP,Inactive,ENGLAND,False,10J,QRL,,full,1
J82124,ALRESFORD SURGERY,Active,ENGLAND,False,D9Y0V,QRL,,full,1
J82125,JENNER HOUSE SURGERY,Active,ENGLAND,False,D9Y0V,QRL,,full,1
J82126,RAYMOND ROAD SURGERY,Active,ENGLAND,False,D9Y0V,QRL,,full,1
J82127,BRUNE MEDICAL CENTRE,Inactive,ENGLAND,False,10K,QRL,,full,1
J82128,OLD FIRE STATION SURGERY,Active,ENGLAND,False,D9Y0V,QRL,,full,1
J82129,NEW FOREST MEDICAL GROUP,Active,ENGLAND,False,D9Y0V,QRL,,full,1
J82130,FRIARSGATE PRACTICE,Active,ENGLAND,False,D9Y0V,QRL,,full,1
J82131,FORDINGBRIDGE SURGERY,Active,ENGLAND,False,D9Y0V,QRL,,full,1
J82132,TESTVALE SURGERY,Active,ENGLAND,False,D9Y0V,QRL,,full,1
J82133,BROCKHURST MEDICAL CENTRE,Inactive,ENGLAND,False,D9Y0V,QRL,,full,1
J82134,VINE MEDICAL GROUP,Active,ENGLAND,False,D9Y0V,QRL,,full,1
J82135,BRANKSOMEWOOD H/CARE CTR,Inactive,ENGLAND,False,D4U1Y,QRL,,full,1
J82136,CHAWTON PARK SURGERY,Active,ENGLAND,False,D9Y0V,QRL,,full,1
J82138,WHITEWATER HEALTH,Active,ENGLAND,False,D9Y0V,QRL,,full,1
J82139,WISTARIA & MILFORD SURGERIES,Active,ENGLAND,False,D9Y0V,QRL,,full,1
J82141,BATH LODGE PRACTICE,Inactive,ENGLAND,False,10X,QRL,,full,1
J82142,THE BORDER PRACTICE,Active,ENGLAND,False,D9Y0V,QRL,,full,1
J82143,PARK SURGERY,Active,ENGLAND,False,D9Y0V,QRL,,full,1
J82144,CROWN HEIGHTS MEDICAL CENTRE,Active,ENGLAND,False,D9Y0V,QRL,,full,1
J82145,ABBEYWELL SURGERY,Active,ENGLAND,False,D9Y0V,QRL,,full,1
J82146,LYNDHURST SURGERY,Active,ENGLAND,False,D9Y0V,QRL,,full,1
J82147,THE CLANFIELD PRACTICE,Active,ENGLAND,False,D9Y0V,QRL,,full,1
J82149,DERBY ROAD GROUP PRACTICE,Active,ENGLAND,False,10R,QRL,,full,1
J82150,CORNERWAYS MEDICAL CENTRE,Active,ENGLAND,False,D9Y0V,QRL,,full,1
J82151,TWIN OAKS MEDICAL CENTRE,Active,ENGLAND,False,D9Y0V,QRL,,full,1
J82152,BRIDGEMARY MEDICAL CENTRE,Active,ENGLAND,False,D9Y0V,QRL,,full,1
J82154,MEON HEALTH PRACTICE,Active,ENGLAND,False,D9Y0V,QRL,,full,1
J82155,PORTSDOWN GROUP PRACTICE,Active,ENGLAND,False,10R,QRL,,full,1
J82156,WATERFRONT AND SOLENT SURGERY,Active,ENGLAND,False,D9Y0V,QRL,,full,1
J82157,WILSON PRACTICE,Active,ENGLAND,False,D9Y0V,QRL,,full,1
J82159,THE SURGERY,Inactive,ENGLAND,False,,,,archive,1
J82161,WESTLANDS MEDICAL CENTRE,Active,ENGLAND,False,D9Y0V,QRL,,full,1
J82163,OAKS HEALTHCARE,Active,ENGLAND,False,D9Y0V,QRL,,full,1
J82164,LIPHOOK AND LISS SURGERY,Inactive,ENGLAND,False,D9Y0V,QRL,,full,1
J82165,THE DEVONSHIRE PRACTICE,Inactive,ENGLAND,False,10R,QRL,,full,1
J82166,BARTON WEBB-PEPLOE PARTNERSHIP,Inactive,ENGLAND,False,D9Y0V,QRL,,full,1
J82167,RIVERSIDE PARTNERSHIP,Inactive,ENGLAND,False,,,,archive,1
J82168,DR CAIGER & PARTNERS,Inactive,ENGLAND,False,10R,QRL,,full,1
J82169,BOYATT WOOD SURGERY,Active,ENGLAND,False,D9Y0V,QRL,,full,1
J82171,BITTERNE PARK SURGERY,Inactive,ENGLAND,False,10X,QRL,,full,1
J82174,LOCKSWOOD SURGERY,Active,ENGLAND,False,D9Y0V,QRL,,full,1
J82175,SALISBURY ROAD SURGERY,Inactive,ENGLAND,False,10R,QRL,,archive,1
J82177,JOHN POUNDS SURGERY,Inactive,ENGLAND,False,10R,QRL,,full,1
J82178,PRINCES GARDENS SURGERY,Active,ENGLAND,False,D9Y0V,QRL,,full,1
J82180,CHARTWELL GREEN SURGERY,Inactive,ENGLAND,False,D9Y0V,QRL,,full,1
J82181,MAYFIELD MEDICAL CENTRE,Active,ENGLAND,False,D9Y0V,QRL,,full,1
J82182,CANUTE SURGERY,Inactive,ENGLAND,False,10X,QRL,,archive,1
J82183,MULBERRY HOUSE SURGERY,Inactive,ENGLAND,False,D9Y0V,QRL,,full,1
J82184,PINEHILL SURGERY,Active,ENGLAND,False,D9Y0V,QRL,,full,1
J82186,NIGHTINGALE SURGERY,Inactive,ENGLAND,False,,,,archive,1
J82187,WESTON LANE SURGERY,Inactive,ENGLAND,False,10X,QRL,,full,1
J82188,BURSLEDON SURGERY,Inactive,ENGLAND,False,D9Y0V,QRL,,full,1
J82190,THE BROWNHILL SURGERY,Inactive,ENGLAND,False,11A,QRL,,full,1
J82191,HEYWARD ROAD SURGERY,Inactive,ENGLAND,False,10R,QRL,,archive,1
J82192,ST LUKES SURGERY,Inactive,ENGLAND,False,D9Y0V,QRL,,full,1
J82194,EAST SHORE PARTNERSHIP,Active,ENGLAND,False,10R,QRL,,full,1
J82195,SOUTHWOOD PRACTICE,Inactive,ENGLAND,False,99M,QNQ,,full,1
J82196,HOMEWELL CURLEW PRACTICE,Active,ENGLAND,False,D9Y0V,QRL,,full,1
J82197,BENTLEY VILLAGE SURGERY,Inactive,ENGLAND,False,D9Y0V,QRL,,full,1
J82198,THE WELLINGTON PRACTICE,Active,ENGLAND,False,D9Y0V,QRL,,full,1
J82199,THE UNICITY MEDICAL CENTRE,Active,ENGLAND,False,10R,QRL,,full,1
J82201,THE GRANGE SURGERY,Active,ENGLAND,False,D9Y0V,QRL,,full,1
J82203,REGENTS PARK SURGERY,Inactive,ENGLAND,False,10X,QRL,,full,1
J82206,MONTEAGLE SURGERY,Inactive,ENGLAND,False,99M,QNQ,,full,1
J82207,HILL LANE SURGERY,Active,ENGLAND,False,D9Y0V,QRL,,full,1
J82208,ST. PETERS SURGERY,Active,ENGLAND,False,D9Y0V,QRL,,full,1
J82210,THE ELMS PRACTICE,Active,ENGLAND,False,D9Y0V,QRL,,full,1
J82212,THE EASTNEY PRACTICE,Inactive,ENGLAND,False,10R,QRL,,full,1
J82213,BROOK HOUSE SURGERY,Active,ENGLAND,False,D9Y0V,QRL,,full,1
J82214,WHITCHURCH SURGERY,Active,ENGLAND,False,D9Y0V,QRL,,full,1
J82215,SOLENT VIEW MEDICAL PRACTICE,Active,ENGLAND,False,D9Y0V,QRL,,full,1
J82216,BROOK LANE SURGERY,Active,ENGLAND,False,D9Y0V,QRL,,full,1
J82217,HOMELESS HEALTHCARE TEAM,Active,ENGLAND,False,D9Y0V,QRL,,full,1
J82218,CHINEHAM MEDICAL PRACTICE,Active,ENGLAND,False,D9Y0V,QRL,,full,1
J82219,HIGHVIEW SURGERY,Inactive,ENGLAND,False,,,,archive,1
J82220,BEGGARWOOD SURGERY - NHUC,Inactive,ENGLAND,False,D9Y0V,QRL,,full,1
J82605,WALNUT TREE SURGERY,Active,ENGLAND,False,D9Y0V,QRL,,full,1
J82607,PORTSWOOD ROAD SURGERY,Inactive,ENGLAND,False,,,,archive,1
J82609,QUEENSWOOD SURGERY,Inactive,ENGLAND,False,10V,QRL,,full,1
J82612,ST.DENY'S SURGERY,Inactive,ENGLAND,False,,,,archive,1
J82619,PORTSWOOD SOLENT SURGERY,Inactive,ENGLAND,False,10X,QRL,,full,1
J82620,LEIGHSIDE PRACTICE,Inactive,ENGLAND,False,,,,archive,1
J82622,LIVING WELL PARTNERSHIP,Active,ENGLAND,False,D9Y0V,QRL,,full,1
J82625,BOUNDARIES SURGERY,Active,ENGLAND,False,D9Y0V,QRL,,full,1
J82628,CRONDALL NEW SURGERY,Active,ENGLAND,False,D9Y0V,QRL,,full,1
J82629,DERRY DOWN CLINIC,Inactive,ENGLAND,False,11A,QRL,,full,1
J82630,NORTH CAMP SURGERY,Active,ENGLAND,False,D9Y0V,QRL,,full,1
J82631,BARGATE MEDICAL CENTRE,Inactive,ENGLAND,False,10X,QRL,,archive,1
J82633,RIVERSIDE PARTNERSHIP,Inactive,ENGLAND,False,D9Y0V,QRL,,full,1
J82634,THE OLD ANCHOR SURGERY,Inactive,ENGLAND,False,,,,archive,1
J82639,WATERSHIP DOWN HEALTH,Active,ENGLAND,False,D9Y0V,QRL,,full,1
J82640,HORNDEAN SURGERY,Active,ENGLAND,False,D9Y0V,QRL,,full,1
J82645,HYTHE MEDICAL CENTRE,Inactive,ENGLAND,False,,,,archive,1
J82646,BLOSSOM HEALTH,Active,ENGLAND,False,D9Y0V,QRL,,full,1
J82647,EAST BARN SURGERY,Inactive,ENGLAND,False,,,,archive,1
J82648,MANOR WAY SURGERY,Inactive,ENGLAND,False,10K,QRL,,full,1
J82650,MIDDLE PARK MEDICAL CENTRE,Inactive,ENGLAND,False,10V,QRL,,full,1
J82651,SPITFIRE COURT SURGERY,Inactive,ENGLAND,False,,,,archive,1
J82657,GREYWELLS MEDICAL CENTRE,Inactive,ENGLAND,False,,,,archive,1
J82663,HIGHFIELD HEALTH,Inactive,ENGLAND,False,D9Y0V,QRL,,full,1
J82669,ROWNER HEALTH CENTRE,Active,ENGLAND,False,D9Y0V,QRL,,full,1
J82688,BEGGARWOOD SURGERY,Inactive,ENGLAND,False,10J,QRL,,full,1
J83001,MERCHISTON SURGERY,Active,ENGLAND,False,92G,QOX,,full,1
J83002,WESTROP MEDICAL PRACTICE,Active,ENGLAND,False,92G,QOX,,full,1
J83003,HARCOURT MEDICAL CENTRE,Active,ENGLAND,False,92G,QOX,,full,1
J83004,WHITEPARISH SURGERY,Active,ENGLAND,False,92G,QOX,,full,1
J83005,BARCROFT MEDICAL CENTRE,Active,ENGLAND,False,92G,QOX,,full,1
J83006,PURTON SURGERY,Active,ENGLAND,False,92G,QOX,,full,1
J83007,HATHAWAY SURGERY,Active,ENGLAND,False,92G,QOX,,full,1
J83008,LOVEMEAD GROUP PRACTICE,Active,ENGLAND,False,92G,QOX,,full,1
J83009,RIDGEWAY VIEW FAMILY PRACTICE,Active,ENGLAND,False,92G,QOX,,full,1
J83010,PORCH SURGERY,Active,ENGLAND,False,92G,QOX,,full,1
J83011,GIFFORDS PRIMARY CARE CTR,Active,ENGLAND,False,92G,QOX,,full,1
J83013,BOX SURGERY,Active,ENGLAND,False,92G,QOX,,full,1
J83014,CASTLE PRACTICE,Active,ENGLAND,False,92G,QOX,,full,1
J83016,TROWBRIDGE HEALTH CENTRE,Active,ENGLAND,False,92G,QOX,,full,1
J83017,PEWSEY SURGERY,Inactive,ENGLAND,False,99N,,,full,1
J83018,AVENUE SURGERY,Active,ENGLAND,False,92G,QOX,,full,1
J83019,THE ORCHARD PARTNERSHIP,Active,ENGLAND,False,92G,QOX,,full,1
J83020,ST ANN STREET SURGERY,Inactive,ENGLAND,False,99N,,,full,1
J83021,SALISBURY MEDICAL PRACTICE,Active,ENGLAND,False,92G,QOX,,full,1
J83022,OLD TOWN SURGERY,Active,ENGLAND,False,92G,QOX,,full,1
J83023,AVON VALLEY PRACTICE,Active,ENGLAND,False,92G,QOX,,full,1
J83024,PRIORY ROAD MEDICAL CENTRE,Active,ENGLAND,False,92G,QOX,,full,1
J83025,GREAT WESTERN SURGERY,Inactive,ENGLAND,False,92G,QOX,,full,1
J83026,THREE CHEQUERS MEDICAL PRACTICE,Active,ENGLAND,False,92G,QOX,,full,1
J83027,HAWTHORN MEDICAL CENTRE,Active,ENGLAND,False,92G,QOX,,full,1
J83028,BRADFORD ROAD MEDICAL CTR,Inactive,ENGLAND,False,99N,,,full,1
J83029,TINKERS LANE SURGERY,Active,ENGLAND,False,92G,QOX,,full,1
J83030,BRADFORD-ON-AVON AND MELKSHAM HEALTH,Active,ENGLAND,False,92G,QOX,,full,1
J83031,MOREDON MEDICAL CENTRE,Inactive,ENGLAND,False,92G,QOX,,full,1
J83032,THREE SWANS SURGERY,Inactive,ENGLAND,False,99N,,,full,1
J83033,WHALEBRIDGE PRACTICE,Active,ENGLAND,False,92G,QOX,,full,1
J83034,LANSDOWNE SURGERY,Active,ENGLAND,False,92G,QOX,,full,1
J83035,ABBEY MEADS MEDICAL PRACT,Active,ENGLAND,False,92G,QOX,,full,1
J83036,ASHINGTON HOUSE SURGERY,Active,ENGLAND,False,92G,QOX,,full,1
J83037,KENNET AND AVON MEDICAL PARTNERSHIP,Active,ENGLAND,False,92G,QOX,,full,1
J83038,KINGSWOOD SURGERY,Active,ENGLAND,False,92G,QOX,,full,1
J83039,NORTHLANDS SURGERY,Active,ENGLAND,False,92G,QOX,,full,1
J83040,WESTBURY GROUP PRACTICE,Active,ENGLAND,False,92G,QOX,,full,1
J83041,MALMESBURY MEDICAL PARTNERSHIP,Active,ENGLAND,False,92G,QOX,,full,1
J83042,ROWDEN SURGERY,Active,ENGLAND,False,92G,QOX,,full,1
J83043,DOWNTON SURGERY,Active,ENGLAND,False,92G,QOX,,full,1
J83044,WIDBROOK MEDICAL PRACTICE,Inactive,ENGLAND,False,99N,,,full,1
J83045,RAMSBURY SURGERY,Active,ENGLAND,False,92G,QOX,,full,1
J83046,SPA MEDICAL CENTRE,Active,ENGLAND,False,92G,QOX,,full,1
J83047,ELDENE SURGERY,Active,ENGLAND,False,92G,QOX,,full,1
J83048,ST MELOR HOUSE SURGERY,Active,ENGLAND,False,92G,QOX,,full,1
J83049,SOUTHBROOM SURGERY,Active,ENGLAND,False,92G,QOX,,full,1
J83050,PATFORD HOUSE PARTNERSHIP,Active,ENGLAND,False,92G,QOX,,full,1
J83052,SARUM HEALTH GROUP,Active,ENGLAND,False,92G,QOX,,full,1
J83053,ST. JAMES SURGERY,Active,ENGLAND,False,92G,QOX,,full,1
J83054,THE HERMITAGE SURGERY,Inactive,ENGLAND,False,12D,,,full,1
J83055,NEW COURT SURGERY,Active,ENGLAND,False,92G,QOX,,full,1
J83056,MARKET LAVINGTON SURGERY,Active,ENGLAND,False,92G,QOX,,full,1
J83057,NORTH SWINDON PRACTICE,Active,ENGLAND,False,92G,QOX,,full,1
J83058,TISBURY SURGERY,Active,ENGLAND,False,92G,QOX,,full,1
J83059,THE LAWN MEDICAL CENTRE,Active,ENGLAND,False,92G,QOX,,full,1
J83060,MERE SURGERY,Active,ENGLAND,False,92G,QOX,,full,1
J83062,WILTON HEALTH CENTRE PARTNERSHIP,Inactive,ENGLAND,False,99N,,,full,1
J83063,TAW HILL MEDICAL PRACTICE,Inactive,ENGLAND,False,92G,QOX,,full,1
J83064,RIDGE GREEN MEDICAL PRACTICE,Active,ENGLAND,False,92G,QOX,,full,1
J83601,BURBAGE SURGERY,Active,ENGLAND,False,92G,QOX,,full,1
J83603,JUBILEE FIELD SURGERY,Active,ENGLAND,False,92G,QOX,,full,1
J83607,SUTTON BENGER SURGERY,Inactive,ENGLAND,False,,,,archive,1
J83609,CRICKLADE SURGERY,Active,ENGLAND,False,92G,QOX,,full,1
J83615,OLD SCHOOL HOUSE SURGERY,Active,ENGLAND,False,92G,QOX,,full,1
J83618,THE TOLSEY SURGERY,Active,ENGLAND,False,92G,QOX,,full,1
J83619,COURTYARD SURGERY,Active,ENGLAND,False,92G,QOX,,full,1
J83623,SPARCELLS SURGERY,Inactive,ENGLAND,False,,,,archive,1
J83625,LODGE SURGERY,Active,ENGLAND,False,92G,QOX,,full,1
J83627,BEMERTON HEATH SURGERY,Inactive,ENGLAND,False,,,,archive,1
J83629,SILTON SURGERY,Active,ENGLAND,False,92G,QOX,,full,1
J83630,HINDON SURGERY,Active,ENGLAND,False,92G,QOX,,full,1
J83632,CROSS PLAIN HEALTH CENTRE,Inactive,ENGLAND,False,92G,QOX,,full,1
J83633,VICTORIA CROSS SURGERY,Active,ENGLAND,False,92G,QOX,,full,1
J83634,MARLBOROUGH ROAD SURGERY,Inactive,ENGLAND,False,,,,archive,1
J83636,BEVERSBROOK MEDICAL CENTRE,Inactive,ENGLAND,False,92G,QOX,,full,1
J83642,SMALLBROOK SURGERY,Inactive,ENGLAND,False,99N,,,full,1
J83643,BOURNE VALLEY PRACTICE,Inactive,ENGLAND,False,99N,,,full,1
J83644,ELDENE HEALTH CENTRE,Inactive,ENGLAND,False,12D,,,full,1
J83645,PHOENIX SURGERY,Active,ENGLAND,False,92G,QOX,,full,1
J83646,PARK LANE PRACTICE,Active,ENGLAND,False,92G,QOX,,full,1
J83649,CORNERSTONE PRACTICE,Inactive,ENGLAND,False,12D,,,full,1
J84003,VENTNOR MEDICAL PRACTICE,Active,ENGLAND,False,D9Y0V,QRL,,full,1
J84004,EAST COWES MEDICAL CENTRE,Active,ENGLAND,False,D9Y0V,QRL,,full,1
J84005,ESPLANADE SURGERY,Active,ENGLAND,False,D9Y0V,QRL,,full,1
J84007,ST. HELENS MEDICAL CENTRE,Active,ENGLAND,False,D9Y0V,QRL,,full,1
J84008,ARGYLL HOUSE,Active,ENGLAND,False,D9Y0V,QRL,,full,1
J84010,SHANKLIN MEDICAL CENTRE,Inactive,ENGLAND,False,D9Y0V,QRL,,full,1
J84011,NEWPORT HEALTH CENTRE,Active,ENGLAND,False,D9Y0V,QRL,,full,1
J84012,TOWER HOUSE SURGERY,Active,ENGLAND,False,D9Y0V,QRL,,full,1
J84013,THE BAY MEDICAL PRACTICE,Active,ENGLAND,False,D9Y0V,QRL,,full,1
J84014,THE DOWER HOUSE,Inactive,ENGLAND,False,10L,QRL,,full,1
J84015,COWES MEDICAL CENTRE,Active,ENGLAND,False,D9Y0V,QRL,,full,1
J84016,SOUTH WIGHT MEDICAL PRACTICE,Active,ENGLAND,False,D9Y0V,QRL,,full,1
J84017,SOLENT NHS TRUST T/A MEDINA HEALTHCARE,Active,ENGLAND,False,D9Y0V,QRL,,full,1
J84018,GROVE HOUSE SURGERY,Inactive,ENGLAND,False,D9Y0V,QRL,,full,1
J84019,WIGHT PRIMARY PARTNERSHIPS LTD,Active,ENGLAND,False,D9Y0V,QRL,,full,1
J84020,BEECH GROVE SURGERY,Inactive,ENGLAND,False,D9Y0V,QRL,,full,1
J84602,GARFIELD ROAD SURGERY,Inactive,ENGLAND,False,10L,QRL,,full,1
K81001,THE WATERFIELD PRACTICE,Active,ENGLAND,False,U2G6B,S0E4D,,full,1
K81002,EASTFIELD HOUSE SURGERY,Active,ENGLAND,False,15A,S0E4D,,full,1
K81003,SWALLOWFIELD MEDICAL PRACTICE,Active,ENGLAND,False,15A,S0E4D,,full,1
K81004,THE POTTERIES,Active,ENGLAND,False,15A,S0E4D,,full,1
K81005,WEXHAM ROAD SURGERY,Inactive,ENGLAND,False,D4U1Y,QRL,,full,1
K81006,THE SANDHURST GROUP PRACTICE,Inactive,ENGLAND,False,D4U1Y,QRL,,full,1
K81007,LONDON STREET SURGERY,Active,ENGLAND,False,15A,S0E4D,,full,1
K81010,KINGS CORNER SURGERY,Active,ENGLAND,False,U2G6B,S0E4D,,full,1
K81012,THE BOAT HOUSE SURGERY,Active,ENGLAND,False,15A,S0E4D,,full,1
K81014,BALMORE PARK SURGERY,Active,ENGLAND,False,15A,S0E4D,,full,1
K81015,WOODLANDS PARK SURGERY,Active,ENGLAND,False,U2G6B,S0E4D,,full,1
K81017,FALKLAND SURGERY,Active,ENGLAND,False,15A,S0E4D,,full,1
K81018,LINDEN MEDICAL CENTRE,Active,ENGLAND,False,U2G6B,S0E4D,,full,1
K81019,ROSS ROAD MEDICAL CENTRE,Active,ENGLAND,False,U2G6B,S0E4D,,full,1
K81020,CLAREMONT HOLYPORT SURGERY,Active,ENGLAND,False,U2G6B,S0E4D,,full,1
K81021,DATCHET HEALTH CENTRE,Active,ENGLAND,False,U2G6B,S0E4D,,full,1
K81022,WOKINGHAM MEDICAL CENTRE,Active,ENGLAND,False,15A,S0E4D,,full,1
K81023,HEATH HILL SURGERY,Inactive,ENGLAND,False,15D,QNQ,,full,1
K81024,LANGLEY HEALTH CENTRE,Active,ENGLAND,False,U2G6B,S0E4D,,full,1
K81025,FINCHAMPSTEAD PRACTICE,Active,ENGLAND,False,15A,S0E4D,,full,1
K81026,CHATHAM STREET SURGERY,Active,ENGLAND,False,15A,S0E4D,,full,1
K81027,MORTIMER SURGERY,Active,ENGLAND,False,15A,S0E4D,,full,1
K81028,MAGNOLIA HOUSE SURGERY,Active,ENGLAND,False,U2G6B,S0E4D,,full,1
K81030,RINGMEAD MEDICAL GROUP,Active,ENGLAND,False,U2G6B,S0E4D,,full,1
K81032,BOUNDARY HOUSE SURGERY,Inactive,ENGLAND,False,15D,QNQ,,full,1
K81034,CROSBY HOUSE SURGERY,Active,ENGLAND,False,U2G6B,S0E4D,,full,1
K81036,THE CEDARS SURGERY,Active,ENGLAND,False,U2G6B,S0E4D,,full,1
K81039,THE AVENUE MEDICAL CENTRE,Inactive,ENGLAND,False,D4U1Y,QRL,,full,1
K81040,MILMAN & KENNET SURGERY,Active,ENGLAND,False,15A,S0E4D,,full,1
K81041,EMMER GREEN SURGERY,Active,ENGLAND,False,15A,S0E4D,,full,1
K81042,COOKHAM MEDICAL CENTRE,Active,ENGLAND,False,U2G6B,S0E4D,,full,1
K81043,HERSCHEL MEDICAL CENTRE,Active,ENGLAND,False,U2G6B,S0E4D,,full,1
K81044,MELROSE SURGERY DR FAB WILLIAMS,Inactive,ENGLAND,False,10W,,,archive,1
K81045,PARKSIDE PRACTICE,Active,ENGLAND,False,15A,S0E4D,,full,1
K81046,LEE HOUSE SURGERY,Active,ENGLAND,False,U2G6B,S0E4D,,full,1
K81047,BROOKSIDE GROUP PRACTICE,Active,ENGLAND,False,15A,S0E4D,,full,1
K81048,LONG BARN LANE SURGERY,Active,ENGLAND,False,15A,S0E4D,,full,1
K81050,THE DOWNLAND PRACTICE,Active,ENGLAND,False,15A,S0E4D,,full,1
K81051,WOODLEY PRACTICE,Active,ENGLAND,False,15A,S0E4D,,full,1
K81052,LAMBOURN SURGERY,Active,ENGLAND,False,15A,S0E4D,,full,1
K81055,WARGRAVE PRACTICE,Active,ENGLAND,False,15A,S0E4D,,full,1
K81056,WESTWOOD ROAD SURGERY,Active,ENGLAND,False,15A,S0E4D,,full,1
K81057,HUNGERFORD SURGERY,Active,ENGLAND,False,15A,S0E4D,,full,1
K81059,THE GAINSBOROUGH PRACTICE,Inactive,ENGLAND,False,D4U1Y,QRL,,full,1
K81060,BINFIELD SURGERY,Active,ENGLAND,False,U2G6B,S0E4D,,full,1
K81061,NORTHCROFT SURGERY,Inactive,ENGLAND,False,10M,,,full,1
K81062,WESTERN ELMS & CIRCUIT LANE SURGERIES,Active,ENGLAND,False,15A,S0E4D,,full,1
K81063,STRAWBERRY HILL MEDICAL CENTRE,Active,ENGLAND,False,15A,S0E4D,,full,1
K81065,WHITLEY VILLA SURGERY,Inactive,ENGLAND,False,10W,,,full,1
K81066,THE SYMONS MEDICAL CENTRE,Active,ENGLAND,False,U2G6B,S0E4D,,full,1
K81067,CIRCUIT LANE SURGERY,Inactive,ENGLAND,False,15A,S0E4D,,full,1
K81068,SHEET STREET SURGERY,Active,ENGLAND,False,U2G6B,S0E4D,,full,1
K81069,LODDON VALE PRACTICE,Active,ENGLAND,False,15A,S0E4D,,full,1
K81070,TWYFORD SURGERY,Active,ENGLAND,False,15A,S0E4D,,full,1
K81072,LONDON ROAD SURGERY,Inactive,ENGLAND,False,15A,S0E4D,,full,1
K81073,THATCHAM HEALTH CENTRE,Active,ENGLAND,False,15A,S0E4D,,full,1
K81074,CLARENCE MEDICAL CENTRE,Active,ENGLAND,False,U2G6B,S0E4D,,full,1
K81075,FARNHAM ROAD PRACTICE,Active,ENGLAND,False,U2G6B,S0E4D,,full,1
K81076,GREEN MEADOWS SURGERY,Active,ENGLAND,False,U2G6B,S0E4D,,full,1
K81077,THEALE MEDICAL CENTRE,Active,ENGLAND,False,15A,S0E4D,,full,1
K81078,GROVELANDS MEDICAL CENTRE,Active,ENGLAND,False,15A,S0E4D,,full,1
K81080,NEW WOKINGHAM ROAD SURGERY,Active,ENGLAND,False,15A,S0E4D,,full,1
K81081,ABBEY MEDICAL CENTRE,Active,ENGLAND,False,15A,S0E4D,,full,1
K81082,THE VILLAGE MEDICAL CENTRE,Active,ENGLAND,False,U2G6B,S0E4D,,full,1
K81083,BHARANI MEDICAL CENTRE,Active,ENGLAND,False,U2G6B,S0E4D,,full,1
K81084,ROSEMEAD SURGERY,Active,ENGLAND,False,U2G6B,S0E4D,,full,1
K81085,SHREEJI MEDICAL CENTRE,Active,ENGLAND,False,U2G6B,S0E4D,,full,1
K81086,MANOR PARK MEDICAL CENTRE,Active,ENGLAND,False,U2G6B,S0E4D,,full,1
K81087,EASTHAMPSTEAD SURGERY,Active,ENGLAND,False,U2G6B,S0E4D,,full,1
K81089,RAGSTONE ROAD SURGERY,Inactive,ENGLAND,False,D4U1Y,QRL,,full,1
K81091,HOLYPORT SURGERY,Inactive,ENGLAND,False,,,,archive,1
K81092,WOOSEHILL PRACTICE,Active,ENGLAND,False,15A,S0E4D,,full,1
K81094,GREAT HOLLANDS PRACTICE,Active,ENGLAND,False,U2G6B,S0E4D,,full,1
K81097,REDWOOD HOUSE SURGERY,Active,ENGLAND,False,U2G6B,S0E4D,,full,1
K81098,BALFRON PRACTICE,Inactive,ENGLAND,False,,,,archive,1
K81100,PEMBROKE SURGERY,Active,ENGLAND,False,15A,S0E4D,,full,1
K81101,MILMAN ROAD SURGERY,Inactive,ENGLAND,False,15A,S0E4D,,full,1
K81102,BURDWOOD SURGERY,Active,ENGLAND,False,15A,S0E4D,,full,1
K81103,CHAPEL ROW SURGERY,Active,ENGLAND,False,15A,S0E4D,,full,1
K81605,UNIVERSITY MEDICAL GROUP,Active,ENGLAND,False,15A,S0E4D,,full,1
K81607,CORDWALLIS ROAD SURGERY,Active,ENGLAND,False,U2G6B,S0E4D,,full,1
K81608,DR NABI,Active,ENGLAND,False,U2G6B,S0E4D,,full,1
K81610,FOREST HEALTH GROUP-MOUNT LANE,Active,ENGLAND,False,U2G6B,S0E4D,,full,1
K81611,DR MAINI,Inactive,ENGLAND,False,,,,archive,1
K81613,KENNET SURGERY,Inactive,ENGLAND,False,15A,S0E4D,,full,1
K81616,KUMAR MEDICAL CENTRE,Active,ENGLAND,False,U2G6B,S0E4D,,full,1
K81622,WILDERNESS PRACTICE,Inactive,ENGLAND,False,15A,S0E4D,,full,1
K81630,SOUTH MEADOW SURGERY,Active,ENGLAND,False,U2G6B,S0E4D,,full,1
K81632,CEDAR HOUSE PRACTICE,Inactive,ENGLAND,False,,,,archive,1
K81633,SOUTH READING & SHINFIELD GROUP MED PRAC,Active,ENGLAND,False,15A,S0E4D,,full,1
K81636,COLEY PARK SURGERY,Active,ENGLAND,False,15A,S0E4D,,full,1
K81638,BURMA HILL PRACTICE,Inactive,ENGLAND,False,15A,S0E4D,,full,1
K81640,ELDON ROAD SURGERY,Inactive,ENGLAND,False,15A,S0E4D,,full,1
K81644,TILEHURST VILLAGE SURGERY,Active,ENGLAND,False,15A,S0E4D,,full,1
K81645,240 WEXHAM ROAD,Active,ENGLAND,False,U2G6B,S0E4D,,full,1
K81647,PEPPARD ROAD SURGERY,Inactive,ENGLAND,False,15A,S0E4D,,full,1
K81651,MELROSE SURGERY,Active,ENGLAND,False,15A,S0E4D,,full,1
K81655,ASCOT MEDICAL CENTRE,Active,ENGLAND,False,U2G6B,S0E4D,,full,1
K81656,CROWN WOOD MEDICAL CENTRE,Active,ENGLAND,False,U2G6B,S0E4D,,full,1
K81657,EVERGREEN PRACTICE,Active,ENGLAND,False,U2G6B,S0E4D,,full,1
K81667,TAPLOW HEALTH CENTRE,Inactive,ENGLAND,False,11C,,,archive,1
K82001,RECTORY MEADOW SURGERY,Active,ENGLAND,False,14Y,S0E4D,,full,1
K82003,WOLVERTON HEALTH CENTRE,Active,ENGLAND,False,M1J4Y,S1Y5D,,full,1
K82004,AMERSHAM HEALTH CENTRE,Active,ENGLAND,False,14Y,S0E4D,,full,1
K82005,HAWTHORNDEN SURGERY,Inactive,ENGLAND,False,14Y,S0E4D,,full,1
K82006,THE IVERS PRACTICE,Active,ENGLAND,False,14Y,S0E4D,,full,1
K82007,THE SWAN PRACTICE,Active,ENGLAND,False,14Y,S0E4D,,full,1
K82008,THE HALL PRACTICE,Active,ENGLAND,False,14Y,S0E4D,,full,1
K82009,WATLING STREET PRACTICE,Active,ENGLAND,False,M1J4Y,S1Y5D,,full,1
K82010,TOWER HOUSE SURGERY,Active,ENGLAND,False,14Y,S0E4D,,full,1
K82011,MILLBARN MEDICAL CENTRE,Active,ENGLAND,False,14Y,S0E4D,,full,1
K82012,HIGHFIELD SURGERY,Active,ENGLAND,False,14Y,S0E4D,,full,1
K82013,THE RED HOUSE SURGERY,Active,ENGLAND,False,M1J4Y,S1Y5D,,full,1
K82014,OAKFIELD SURGERY,Active,ENGLAND,False,14Y,S0E4D,,full,1
K82015,PARKSIDE MEDICAL CENTRE,Active,ENGLAND,False,M1J4Y,S1Y5D,,full,1
K82016,NEWPORT PAGNELL MED.CTR.,Active,ENGLAND,False,M1J4Y,S1Y5D,,full,1
K82017,DESBOROUGH SURGERY,Active,ENGLAND,False,14Y,S0E4D,,full,1
K82018,MEADOWCROFT SURGERY,Inactive,ENGLAND,False,14Y,S0E4D,,full,1
K82019,THE MANDEVILLE PRACTICE,Active,ENGLAND,False,14Y,S0E4D,,full,1
K82020,CHILTERN HOUSE MED CENTRE,Active,ENGLAND,False,14Y,S0E4D,,full,1
K82021,THE CROSS KEYS PRACTICE,Active,ENGLAND,False,14Y,S0E4D,,full,1
K82022,KINGSWOOD SURGERY,Active,ENGLAND,False,14Y,S0E4D,,full,1
K82023,MARLOW MEDICAL GROUP,Active,ENGLAND,False,14Y,S0E4D,,full,1
K82024,THE NEW SURGERY CHESHAM,Active,ENGLAND,False,14Y,S0E4D,,full,1
K82025,SOVEREIGN MEDICAL CENTRE,Active,ENGLAND,False,M1J4Y,S1Y5D,,full,1
K82026,WHADDON HEALTHCARE,Active,ENGLAND,False,M1J4Y,S1Y5D,,full,1
K82027,PURBECK HEALTH CENTRE,Active,ENGLAND,False,M1J4Y,S1Y5D,,full,1
K82028,HADDENHAM MEDICAL CENTRE,Active,ENGLAND,False,14Y,S0E4D,,full,1
K82029,CHERRYMEAD SURGERY,Active,ENGLAND,False,14Y,S0E4D,,full,1
K82030,WYE VALLEY SURGERY,Active,ENGLAND,False,14Y,S0E4D,,full,1
K82031,THREEWAYS SURGERY,Active,ENGLAND,False,14Y,S0E4D,,full,1
K82032,OAKRIDGE PARK MEDICAL CENTRE,Active,ENGLAND,False,M1J4Y,S1Y5D,,full,1
K82033,BURNHAM HEALTH CENTRE,Active,ENGLAND,False,14Y,S0E4D,,full,1
K82034,WELLINGTON HOUSE SURGERY,Inactive,ENGLAND,False,14Y,S0E4D,,full,1
K82035,THE JOHN HAMPDEN SURGERY,Active,ENGLAND,False,14Y,S0E4D,,full,1
K82036,RIVERSIDE SURGERY,Active,ENGLAND,False,14Y,S0E4D,,full,1
K82037,WATER MEADOW SURGERY,Active,ENGLAND,False,14Y,S0E4D,,full,1
K82038,POPLAR GROVE PRACTICE,Active,ENGLAND,False,14Y,S0E4D,,full,1
K82039,BEDFORD STREET SURGERY,Active,ENGLAND,False,M1J4Y,S1Y5D,,full,1
K82040,WHITEHILL SURGERY,Active,ENGLAND,False,14Y,S0E4D,,full,1
K82041,WESTON GROVE PMS (WENDOVER),Inactive,ENGLAND,False,,,,archive,1
K82042,WHITCHURCH SURGERY,Inactive,ENGLAND,False,14Y,S0E4D,,full,1
K82043,NORDEN HOUSE SURGERY,Inactive,ENGLAND,False,14Y,S0E4D,,full,1
K82044,CARRINGTON HOUSE SURGERY,Active,ENGLAND,False,14Y,S0E4D,,full,1
K82045,SOUTHMEAD SURGERY,Active,ENGLAND,False,14Y,S0E4D,,full,1
K82046,THE SIMPSON CENTRE,Active,ENGLAND,False,14Y,S0E4D,,full,1
K82047,UNITY HEALTH,Active,ENGLAND,False,14Y,S0E4D,,full,1
K82048,STOKENCHURCH MEDICAL CTRE,Active,ENGLAND,False,14Y,S0E4D,,full,1
K82049,HUGHENDEN VALLEY SURGERY,Active,ENGLAND,False,14Y,S0E4D,,full,1
K82050,WATER EATON HEALTH CENTRE,Inactive,ENGLAND,False,M1J4Y,S1Y5D,,full,1
K82051,THE MISBOURNE SURGERY,Active,ENGLAND,False,14Y,S0E4D,,full,1
K82053,PRIORY SURGERY,Active,ENGLAND,False,14Y,S0E4D,,full,1
K82054,ASHFIELD MEDICAL CENTRE,Active,ENGLAND,False,M1J4Y,S1Y5D,,full,1
K82055,DENHAM MEDICAL CENTRE,Active,ENGLAND,False,14Y,S0E4D,,full,1
K82056,LANE END SURGERY,Inactive,ENGLAND,False,,,,archive,1
K82057,COBBS GARDEN SURGERY,Active,ENGLAND,False,M1J4Y,S1Y5D,,full,1
K82058,GLADSTONE ROAD SURGERY,Active,ENGLAND,False,14Y,S0E4D,,full,1
K82059,WESTFIELD ROAD SURGERY,Active,ENGLAND,False,M1J4Y,S1Y5D,,full,1
K82060,NEATH HILL HEALTH CENTRE,Inactive,ENGLAND,False,M1J4Y,S1Y5D,,full,1
K82061,ASHCROFT SURGERY,Active,ENGLAND,False,14Y,S0E4D,,full,1
K82062,DRAYTON ROAD SURGERY,Inactive,ENGLAND,False,04F,QHG,,full,1
K82063,PRACTICE NETWORKS (LH),Inactive,ENGLAND,False,,,,archive,1
K82064,FISHERMEAD MEDICAL CENTRE,Active,ENGLAND,False,M1J4Y,S1Y5D,,full,1
K82065,CENTRAL MILTON KEYNES MEDICAL CENTRE,Active,ENGLAND,False,M1J4Y,S1Y5D,,full,1
K82066,BOURNE END & WOOBURN GREEN MEDICAL CTR,Active,ENGLAND,False,14Y,S0E4D,,full,1
K82067,HILLTOPS MEDICAL CENTRE,Inactive,ENGLAND,False,M1J4Y,S1Y5D,,full,1
K82068,WADDESDON SURGERY,Active,ENGLAND,False,14Y,S0E4D,,full,1
K82069,VERNEY CLOSE SURGERY,Inactive,ENGLAND,False,14Y,S0E4D,,full,1
K82070,3W HEALTH,Active,ENGLAND,False,14Y,S0E4D,,full,1
K82071,MASONIC HOUSE SURGERY,Inactive,ENGLAND,False,,,,archive,1
K82073,WESTONGROVE PARTNERSHIP,Active,ENGLAND,False,14Y,S0E4D,,full,1
K82074,KINGFISHER SURGERY,Inactive,ENGLAND,False,M1J4Y,S1Y5D,,full,1
K82076,WATLING VALE MEDICAL CTR.,Inactive,ENGLAND,False,M1J4Y,S1Y5D,,full,1
K82078,THE ALLAN PRACTICE,Active,ENGLAND,False,14Y,S0E4D,,full,1
K82079,EDLESBOROUGH SURGERY,Active,ENGLAND,False,14Y,S0E4D,,full,1
K82080,DENHAM GREEN SURGERY,Inactive,ENGLAND,False,,,,archive,1
K82603,CRESSEX HEALTH CENTRE,Active,ENGLAND,False,14Y,S0E4D,,full,1
K82608,BROUGHTON HOUSE SURGERY,Inactive,ENGLAND,False,,,,archive,1
K82610,THE GROVE SURGERY,Active,ENGLAND,False,M1J4Y,S1Y5D,,full,1
K82615,WALNUT TREE HEALTH CENTRE,Active,ENGLAND,False,M1J4Y,S1Y5D,,full,1
K82616,WILLEN VILLAGE SURGERY,Inactive,ENGLAND,False,,,,archive,1
K82617,THE STONEDEAN PRACTICE,Active,ENGLAND,False,M1J4Y,S1Y5D,,full,1
K82618,PROSPECT HOUSE SURGERY,Active,ENGLAND,False,14Y,S0E4D,,full,1
K82621,LITTLE CHALFONT SURGERY,Active,ENGLAND,False,14Y,S0E4D,,full,1
K82631,MILTON KEYNES VILLAGE SURG,Active,ENGLAND,False,M1J4Y,S1Y5D,,full,1
K82633,WESTCROFT HEALTH CENTRE,Active,ENGLAND,False,M1J4Y,S1Y5D,,full,1
K83002,LAKESIDE HEALTHCARE,Active,ENGLAND,False,78H,QPM,,full,1
K83003,QUEENSVIEW MEDICAL CENTRE,Active,ENGLAND,False,78H,QPM,,full,1
K83004,BRACKLEY HEALTH CENTRE,Inactive,ENGLAND,False,04G,,,full,1
K83005,QUEENSWAY MEDICAL CENTRE,Active,ENGLAND,False,78H,QPM,,full,1
K83006,HEADLANDS SURGERY,Active,ENGLAND,False,78H,QPM,,full,1
K83007,HARBOROUGH FIELD SURGERY,Active,ENGLAND,False,78H,QPM,,full,1
K83008,THE PINES SURGERY,Active,ENGLAND,False,78H,QPM,,full,1
K83009,MOULTON SURGERY,Active,ENGLAND,False,78H,QPM,,full,1
K83010,ELEANOR CROSS HEALTHCARE,Active,ENGLAND,False,78H,QPM,,full,1
K83011,THE REDWELL MEDICAL CENTRE,Active,ENGLAND,False,78H,QPM,,full,1
K83012,KING EDWARD ROAD SURGERY,Active,ENGLAND,False,78H,QPM,,full,1
K83013,ESKDAILL MEDICAL,Active,ENGLAND,False,78H,QPM,,full,1
K83014,LEICESTER TCE HEALTHCARE CTR,Active,ENGLAND,False,78H,QPM,,full,1
K83015,DANETRE MEDICAL PRACTICE,Active,ENGLAND,False,78H,QPM,,full,1
K83017,WANSFORD,Active,ENGLAND,False,06H,S1Y5D,,full,1
K83018,SPRINGFIELD SURGERY,Active,ENGLAND,False,78H,QPM,,full,1
K83019,THE LONG BUCKBY PRACTICE,Active,ENGLAND,False,78H,QPM,,full,1
K83020,RILLWOOD MEDICAL CENTRE,Active,ENGLAND,False,78H,QPM,,full,1
K83021,ROTHWELL MEDICAL CENTRE,Active,ENGLAND,False,78H,QPM,,full,1
K83022,TOWCESTER MEDICAL CENTRE,Active,ENGLAND,False,78H,QPM,,full,1
K83023,OUNDLE,Active,ENGLAND,False,78H,QPM,,full,1
K83024,RUSHDEN MEDICAL CENTRE,Active,ENGLAND,False,78H,QPM,,full,1
K83025,THE MOUNTS MEDICAL CENTRE,Active,ENGLAND,False,78H,QPM,,full,1
K83026,ALBANY HOUSE MEDICAL CENTRE,Active,ENGLAND,False,78H,QPM,,full,1
K83027,LANGHAM PLACE SURGERY,Active,ENGLAND,False,78H,QPM,,full,1
K83028,SPINNEY BROOK MEDICAL CENTRE,Active,ENGLAND,False,78H,QPM,,full,1
K83029,ABINGTON PARK SURGERY,Active,ENGLAND,False,78H,QPM,,full,1
K83030,THE COTTONS MEDICAL CENTRE,Active,ENGLAND,False,78H,QPM,,full,1
K83031,BYFIELD MEDICAL CENTRE,Active,ENGLAND,False,78H,QPM,,full,1
K83032,ABBEY HOUSE MEDICAL PRACTICE,Active,ENGLAND,False,78H,QPM,,full,1
K83033,THE WILLOWS PRACTICE,Inactive,ENGLAND,False,78H,QPM,,full,1
K83035,KINGSTHORPE MEDICAL CTR.,Active,ENGLAND,False,78H,QPM,,full,1
K83036,LINDEN MEDICAL GROUP,Active,ENGLAND,False,78H,QPM,,full,1
K83037,DR SPENCER & PARTNERS,Active,ENGLAND,False,78H,QPM,,full,1
K83039,DRYLAND MEDICAL CENTRE,Active,ENGLAND,False,78H,QPM,,full,1
K83040,WOODVIEW MEDICAL CENTRE,Active,ENGLAND,False,78H,QPM,,full,1
K83041,ST LUKES PRIMARY CARE CENTRE,Active,ENGLAND,False,78H,QPM,,full,1
K83042,PARK AVE MED CNT & KINGS HEATH PRACTICE,Active,ENGLAND,False,78H,QPM,,full,1
K83043,ABINGTON MEDICAL CENTRE,Active,ENGLAND,False,78H,QPM,,full,1
K83044,PARKLANDS MEDICAL CENTRE,Active,ENGLAND,False,78H,QPM,,full,1
K83047,ABBEY MEDICAL PRACTICE,Active,ENGLAND,False,78H,QPM,,full,1
K83048,BROOK MEDICAL CENTRE,Active,ENGLAND,False,78H,QPM,,full,1
K83049,BRACKLEY MEDICAL CENTRE,Active,ENGLAND,False,78H,QPM,,full,1
K83050,THE CRESCENT MEDICAL CTR.,Active,ENGLAND,False,78H,QPM,,full,1
K83051,WEAVERS MEDICAL,Active,ENGLAND,False,78H,QPM,,full,1
K83052,THE PARKS MEDICAL PRACTICE,Active,ENGLAND,False,78H,QPM,,full,1
K83053,CRICK MEDICAL PRACTICE,Active,ENGLAND,False,78H,QPM,,full,1
K83055,WOOTTON MEDICAL CENTRE,Active,ENGLAND,False,78H,QPM,,full,1
K83056,COUNTY SURGERY,Active,ENGLAND,False,78H,QPM,,full,1
K83058,CLARENCE AVENUE SURGERY,Inactive,ENGLAND,False,04G,,,full,1
K83059,WOODSEND MEDICAL CENTRE,Active,ENGLAND,False,78H,QPM,,full,1
K83064,THE SAXON SPIRES PRACTICE,Active,ENGLAND,False,78H,QPM,,full,1
K83065,NENE VALLEY SURGERY,Active,ENGLAND,False,78H,QPM,,full,1
K83066,GREENS NORTON & WEEDON MEDICAL PRACTICE,Active,ENGLAND,False,78H,QPM,,full,1
K83068,DENTON VILLAGE SURGERY,Active,ENGLAND,False,78H,QPM,,full,1
K83069,MARSHALLS ROAD SURGERY,Active,ENGLAND,False,78H,QPM,,full,1
K83070,BUGBROOKE MEDICAL PRACTICE,Active,ENGLAND,False,78H,QPM,,full,1
K83076,MAYFIELD SURGERY,Active,ENGLAND,False,78H,QPM,,full,1
K83077,GREENVIEW SURGERY,Active,ENGLAND,False,78H,QPM,,full,1
K83079,WOLLASTON AND BOZEAT SURGERIES,Inactive,ENGLAND,False,78H,QPM,,full,1
K83080,HIGHAM FERRERS SURGERY,Active,ENGLAND,False,78H,QPM,,full,1
K83081,SUMMERLEE MEDICAL CENTRE,Active,ENGLAND,False,78H,QPM,,full,1
K83601,EARLS BARTON MEDICAL CENTRE,Active,ENGLAND,False,78H,QPM,,full,1
K83607,DR SUMIRA,Inactive,ENGLAND,False,78H,QPM,,full,1
K83610,DANES CAMP MEDICAL CENTRE,Active,ENGLAND,False,78H,QPM,,full,1
K83614,ASPIRO HEALTHCARE STUDFALL MED CENTRE,Active,ENGLAND,False,78H,QPM,,full,1
K83616,THE MEADOWS SURGERY,Active,ENGLAND,False,78H,QPM,,full,1
K83618,DR ABBAS,Active,ENGLAND,False,78H,QPM,,full,1
K83619,PENVALE PARK MEDICAL CTR,Inactive,ENGLAND,False,04G,,,full,1
K83620,THE BROOK HEALTH CENTRE,Active,ENGLAND,False,78H,QPM,,full,1
K83621,MAPLE ACCESS PARTNERSHIP LLP,Active,ENGLAND,False,78H,QPM,,full,1
K83622,GREAT OAKLEY MEDICAL CENTRE,Active,ENGLAND,False,78H,QPM,,full,1
K83625,MAWSLEY MEDICAL,Inactive,ENGLAND,False,78H,QPM,,full,1
K84001,THE HART SURGERY,Active,ENGLAND,False,10Q,S0E4D,,full,1
K84002,DIDCOT HEALTH CENTRE PRACTICE,Active,ENGLAND,False,10Q,S0E4D,,full,1
K84003,ISLIP SURGERY,Active,ENGLAND,False,10Q,S0E4D,,full,1
K84004,DONNINGTON MEDICAL PARTNERSHIP,Active,ENGLAND,False,10Q,S0E4D,,full,1
K84005,KENNINGTON HEALTH CENTRE,Inactive,ENGLAND,False,10Q,S0E4D,,full,1
K84006,EYNSHAM MEDICAL GROUP,Active,ENGLAND,False,10Q,S0E4D,,full,1
K84007,TEMPLE COWLEY HEALTH CENTRE,Active,ENGLAND,False,10Q,S0E4D,,full,1
K84008,CHALGROVE & WATLINGTON SURGERIES,Active,ENGLAND,False,10Q,S0E4D,,full,1
K84009,HEDENA HEALTH,Active,ENGLAND,False,10Q,S0E4D,,full,1
K84010,BAMPTON SURGERY,Active,ENGLAND,False,10Q,S0E4D,,full,1
K84011,SUMMERTOWN HEALTH CENTRE,Active,ENGLAND,False,10Q,S0E4D,,full,1
K84012,ELM TREE SURGERY,Active,ENGLAND,False,92G,QOX,,full,1
K84013,ST BARTHOLOMEWS & HOLLOW WAY MED CENTRE,Active,ENGLAND,False,10Q,S0E4D,,full,1
K84014,MORLAND HOUSE SURGERY,Active,ENGLAND,False,10Q,S0E4D,,full,1
K84015,NETTLEBED SURGERY,Active,ENGLAND,False,10Q,S0E4D,,full,1
K84016,BEAUMONT ELMS PRACTICE,Active,ENGLAND,False,10Q,S0E4D,,full,1
K84017,WINDRUSH MEDICAL PRACTICE,Active,ENGLAND,False,10Q,S0E4D,,full,1
K84019,NEWBURY STREET PRACTICE,Active,ENGLAND,False,10Q,S0E4D,,full,1
K84020,SONNING COMMON HEALTH CTR,Active,ENGLAND,False,10Q,S0E4D,,full,1
K84021,BANBURY ROAD MEDICAL CENTRE,Active,ENGLAND,False,10Q,S0E4D,,full,1
K84022,EXETER SURGERY,Inactive,ENGLAND,False,10Q,S0E4D,,archive,1
K84023,BERINSFIELD HEALTH CENTRE,Active,ENGLAND,False,10Q,S0E4D,,full,1
K84024,WINDRUSH SURGERY,Active,ENGLAND,False,10Q,S0E4D,,full,1
K84025,BOTLEY MEDICAL CENTRE,Inactive,ENGLAND,False,10Q,S0E4D,,full,1
K84026,OBSERVATORY MEDICAL PRACTICE,Active,ENGLAND,False,10Q,S0E4D,,full,1
K84027,MALTHOUSE SURGERY,Active,ENGLAND,False,10Q,S0E4D,,full,1
K84028,BANBURY CROSS HEALTH CENTRE,Active,ENGLAND,False,10Q,S0E4D,,full,1
K84029,NORTH OXFORD MEDICAL CENTRE,Inactive,ENGLAND,False,,,,archive,1
K84030,CHIPPING NORTON HEALTH CENTRE,Active,ENGLAND,False,10Q,S0E4D,,full,1
K84031,THE LEYS HEALTH CENTRE,Active,ENGLAND,False,10Q,S0E4D,,full,1
K84032,BARTLEMAS SURGERY,Active,ENGLAND,False,10Q,S0E4D,,full,1
K84033,CHURCH STREET PRACTICE,Active,ENGLAND,False,10Q,S0E4D,,full,1
K84034,CLIFTON HAMPDEN SURGERY,Active,ENGLAND,False,10Q,S0E4D,,full,1
K84035,THE BELL SURGERY,Active,ENGLAND,False,10Q,S0E4D,,full,1
K84036,MILL STREAM SURGERY,Active,ENGLAND,False,10Q,S0E4D,,full,1
K84037,WALLINGFORD MEDICAL PRACTICE,Active,ENGLAND,False,10Q,S0E4D,,full,1
K84038,MONTGOMERY HOUSE SURGERY,Active,ENGLAND,False,10Q,S0E4D,,full,1
K84039,WHITE HOUSE SURGERY,Inactive,ENGLAND,False,10Q,S0E4D,,archive,1
K84040,HORSEFAIR SURGERY,Inactive,ENGLAND,False,10Q,S0E4D,,full,1
K84041,MARCHAM RD FAMILY HEALTH CENTRE,Active,ENGLAND,False,10Q,S0E4D,,full,1
K84042,WOODSTOCK SURGERY,Active,ENGLAND,False,10Q,S0E4D,,full,1
K84043,WOODLANDS MEDICAL CENTRE,Active,ENGLAND,False,10Q,S0E4D,,full,1
K84044,MANOR SURGERY,Active,ENGLAND,False,10Q,S0E4D,,full,1
K84045,GOSFORD HILL MEDICAL CENTRE,Active,ENGLAND,False,10Q,S0E4D,,full,1
K84046,WYCHWOOD SURGERY,Active,ENGLAND,False,10Q,S0E4D,,full,1
K84047,BURFORD SURGERY,Active,ENGLAND,False,10Q,S0E4D,,full,1
K84048,HOLLOW WAY MEDICAL CENTRE,Inactive,ENGLAND,False,10Q,S0E4D,,full,1
K84049,27@NORTHGATE,Inactive,ENGLAND,False,10Q,S0E4D,,full,1
K84050,THE RYCOTE PRACTICE,Active,ENGLAND,False,10Q,S0E4D,,full,1
K84051,WHITE HORSE MEDICAL PRACTICE,Active,ENGLAND,False,10Q,S0E4D,,full,1
K84052,BICESTER HEALTH CENTRE,Active,ENGLAND,False,10Q,S0E4D,,full,1
K84054,THE ABINGDON SURGERY,Active,ENGLAND,False,10Q,S0E4D,,full,1
K84055,DEDDINGTON HEALTH CENTRE,Active,ENGLAND,False,10Q,S0E4D,,full,1
K84056,CROPREDY SURGERY,Active,ENGLAND,False,10Q,S0E4D,,full,1
K84058,BLOXHAM SURGERY,Active,ENGLAND,False,10Q,S0E4D,,full,1
K84059,HIGHTOWN SURGERY,Active,ENGLAND,False,10Q,S0E4D,,full,1
K84060,ST. CLEMENT'S SURGERY,Active,ENGLAND,False,10Q,S0E4D,,full,1
K84062,WOODLANDS SURGERY,Active,ENGLAND,False,10Q,S0E4D,,full,1
K84063,COWLEY ROAD MEDICAL PRACTICE,Active,ENGLAND,False,10Q,S0E4D,,full,1
K84065,SIBFORD SURGERY,Active,ENGLAND,False,10Q,S0E4D,,full,1
K84066,LUTHER STREET MEDICAL PRACTICE,Active,ENGLAND,False,10Q,S0E4D,,full,1
K84071,GORING & WOODCOTE MEDICAL PRACTICE,Active,ENGLAND,False,10Q,S0E4D,,full,1
K84072,NUFFIELD HEALTH CENTRE,Active,ENGLAND,False,10Q,S0E4D,,full,1
K84073,VICTORIA HOUSE SURGERY,Inactive,ENGLAND,False,10Q,S0E4D,,full,1
K84074,GROVE MEDICAL CENTRE,Inactive,ENGLAND,False,10Q,S0E4D,,archive,1
K84075,BROADSHIRES HEALTH CENTRE,Active,ENGLAND,False,10Q,S0E4D,,full,1
K84076,MARSTON MEDICAL CENTRE,Inactive,ENGLAND,False,10Q,S0E4D,,full,1
K84077,FERN HILL PRACTICE,Inactive,ENGLAND,False,10Q,S0E4D,,archive,1
K84078,JERICHO HEALTH CENTRE,Active,ENGLAND,False,10Q,S0E4D,,full,1
K84079,LONG FURLONG MEDICAL CENTRE,Active,ENGLAND,False,10Q,S0E4D,,full,1
K84080,NORTHGATE HEALTH CENTRE,Active,ENGLAND,False,10Q,S0E4D,,full,1
K84082,THE KEY MEDICAL PRACTICE,Active,ENGLAND,False,10Q,S0E4D,,full,1
K84605,KES@NORTHGATE,Active,ENGLAND,False,10Q,S0E4D,,full,1
K84608,DONNINGTON HEALTH CENTRE (SALEEM),Inactive,ENGLAND,False,,,,archive,1
K84610,THE CHARLBURY MEDICAL CENTRE,Active,ENGLAND,False,10Q,S0E4D,,full,1
K84613,ALCHESTER MEDICAL GROUP,Active,ENGLAND,False,10Q,S0E4D,,full,1
K84615,JERICHO HEALTH CENTRE (CHIVERS),Inactive,ENGLAND,False,,,,archive,1
K84617,SOUTH OXFORD HEALTH CENTRE,Inactive,ENGLAND,False,10Q,S0E4D,,full,1
K84618,COGGES SURGERY,Active,ENGLAND,False,10Q,S0E4D,,full,1
K84620,WOOD FARM HEALTH CENTRE,Inactive,ENGLAND,False,10Q,S0E4D,,full,1
K84621,NORTH BICESTER SURGERY,Inactive,ENGLAND,False,10Q,S0E4D,,full,1
K84622,DEER PARK MEDICAL CENTRE,Inactive,ENGLAND,False,10Q,S0E4D,,full,1
K84623,KENDALL CRESCENT HEALTH CENTRE,Inactive,ENGLAND,False,,,,archive,1
K84624,OAK TREE HEALTH CENTRE,Active,ENGLAND,False,10Q,S0E4D,,full,1
L81002,THE VILLAGE SURGERY,Inactive,ENGLAND,False,11T,,,archive,1
L81004,PORTISHEAD MEDICAL GROUP,Active,ENGLAND,False,15C,QUY,,full,1
L81006,THE GREEN PRACTICE AT WHITCHURCH H C,Inactive,ENGLAND,False,11H,,,full,1
L81007,BRIDGE VIEW MEDICAL,Active,ENGLAND,False,15C,QUY,,full,1
L81008,SHIREHAMPTON GROUP PRACTICE,Active,ENGLAND,False,15C,QUY,,full,1
L81009,STOCKWOOD MEDICAL CENTRE,Active,ENGLAND,False,15C,QUY,,full,1
L81010,HOPE HOUSE SURGERY,Active,ENGLAND,False,92G,QOX,,full,1
L81012,MONTPELIER HEALTH CENTRE,Active,ENGLAND,False,15C,QUY,,full,1
L81013,FISHPONDS FAMILY PRACTICE,Active,ENGLAND,False,15C,QUY,,full,1
L81014,FROME VALLEY MEDICAL CENTRE,Active,ENGLAND,False,15C,QUY,,full,1
L81015,CHARLOTTE KEEL MEDICAL PRACTICE,Active,ENGLAND,False,15C,QUY,,full,1
L81016,GRAHAM ROAD SURGERY,Active,ENGLAND,False,15C,QUY,,full,1
L81017,WESTBURY ON TRYM PRIMARY CARE CENTRE,Active,ENGLAND,False,15C,QUY,,full,1
L81018,SEVERN VIEW FAMILY PRACTICE,Active,ENGLAND,False,15C,QUY,,full,1
L81019,CONCORD MEDICAL CENTRE,Active,ENGLAND,False,15C,QUY,,full,1
L81020,WIDCOMBE SURGERY,Active,ENGLAND,False,92G,QOX,,full,1
L81021,WINSCOMBE SURGERY,Active,ENGLAND,False,15C,QUY,,full,1
L81022,HORFIELD HC,Active,ENGLAND,False,15C,QUY,,full,1
L81023,EAST TREES HEALTH CENTRE,Active,ENGLAND,False,15C,QUY,,full,1
L81024,COURTSIDE SURGERY,Active,ENGLAND,False,15C,QUY,,full,1
L81025,SOMER VALLEY MEDICAL GROUP,Active,ENGLAND,False,92G,QOX,,full,1
L81026,THE DOWNEND HEALTH GROUP,Active,ENGLAND,False,15C,QUY,,full,1
L81027,BATHEASTON MEDICAL CENTRE,Active,ENGLAND,False,92G,QOX,,full,1
L81028,NORTHVILLE FAMILY PRACTICE,Inactive,ENGLAND,False,15C,QUY,,full,1
L81029,THREE SHIRES MEDICAL PRACTICE,Active,ENGLAND,False,15C,QUY,,full,1
L81030,HARPTREE SURGERY,Active,ENGLAND,False,92G,QOX,,full,1
L81031,THE ARMADA FAMILY PRACTICE,Active,ENGLAND,False,15C,QUY,,full,1
L81032,THE WEDMORE PRACTICE,Inactive,ENGLAND,False,15C,QUY,,full,1
L81033,NIGHTINGALE VALLEY PRACTICE,Active,ENGLAND,False,15C,QUY,,full,1
L81034,TYNTESFIELD MEDICAL GROUP,Active,ENGLAND,False,15C,QUY,,full,1
L81035,THE MALAGO SURGERY,Inactive,ENGLAND,False,15C,QUY,,full,1
L81036,CONISTON MEDICAL PRACTICE,Inactive,ENGLAND,False,15C,QUY,,full,1
L81037,PIONEER MEDICAL GROUP,Active,ENGLAND,False,15C,QUY,,full,1
L81038,AIR BALLOON SURGERY,Active,ENGLAND,False,15C,QUY,,full,1
L81039,HEART OF BATH,Active,ENGLAND,False,92G,QOX,,full,1
L81040,CLEVEDON MEDICAL CENTRE,Active,ENGLAND,False,15C,QUY,,full,1
L81041,HILLVIEW FAMILY PRACTICE,Active,ENGLAND,False,15C,QUY,,full,1
L81042,KENNEDY WAY SURGERY,Active,ENGLAND,False,15C,QUY,,full,1
L81043,LONGTON GROVE SURGERY,Inactive,ENGLAND,False,15C,QUY,,full,1
L81044,TUDOR LODGE SURGERY,Active,ENGLAND,False,15C,QUY,,full,1
L81045,ST AUGUSTINE'S MEDICAL PRACTICE,Active,ENGLAND,False,92G,QOX,,full,1
L81046,LEAP VALLEY MEDICAL CENTRE,Active,ENGLAND,False,15C,QUY,,full,1
L81047,WEST WALK SURGERY,Active,ENGLAND,False,15C,QUY,,full,1
L81048,OLDLAND SURGERY,Inactive,ENGLAND,False,,,,archive,1
L81049,NUMBER 18 SURGERY,Inactive,ENGLAND,False,11E,,,full,1
L81050,CLOSE FARM SURGERY,Active,ENGLAND,False,15C,QUY,,full,1
L81051,168 MEDICAL GROUP,Active,ENGLAND,False,15C,QUY,,full,1
L81052,THE WILLOW SURGERY,Inactive,ENGLAND,False,15C,QUY,,full,1
L81053,THE LENNARD SURGERY,Active,ENGLAND,False,15C,QUY,,full,1
L81054,GRANGE ROAD SURGERY,Active,ENGLAND,False,15C,QUY,,full,1
L81055,ORCHARD MEDICAL CENTRE,Active,ENGLAND,False,15C,QUY,,full,1
L81056,LONG ASHTON SURGERY,Inactive,ENGLAND,False,15C,QUY,,full,1
L81057,GAYWOOD HOUSE SURGERY,Inactive,ENGLAND,False,15C,QUY,,full,1
L81058,THE MILTON SURGERY,Active,ENGLAND,False,15C,QUY,,full,1
L81059,ELM HAYES SURGERY,Active,ENGLAND,False,92G,QOX,,full,1
L81060,BACKWELL MEDICAL CENTRE,Inactive,ENGLAND,False,15C,QUY,,full,1
L81061,THE WELLSPRING SURGERY,Active,ENGLAND,False,15C,QUY,,full,1
L81062,FIRECLAY HEALTH,Active,ENGLAND,False,15C,QUY,,full,1
L81063,KINGSWOOD HEALTH CENTRE,Active,ENGLAND,False,15C,QUY,,full,1
L81064,TEMPLE HOUSE PRACTICE,Inactive,ENGLAND,False,92G,QOX,,full,1
L81065,COMBE DOWN SURGERY,Active,ENGLAND,False,92G,QOX,,full,1
L81066,STAFFORD MEDICAL GROUP,Active,ENGLAND,False,15C,QUY,,full,1
L81067,SOUTHMEAD & HENBURY FAMILY PRACTICE,Inactive,ENGLAND,False,15C,QUY,,full,1
L81068,THE PULTENEY PRACTICE,Active,ENGLAND,False,92G,QOX,,full,1
L81069,ST. MICHAEL'S SURGERY,Active,ENGLAND,False,92G,QOX,,full,1
L81070,NEWBRIDGE SURGERY,Active,ENGLAND,False,92G,QOX,,full,1
L81071,FAIRFIELD PARK HEALTH CENTRE,Active,ENGLAND,False,92G,QOX,,full,1
L81072,CHEW MEDICAL PRACTICE,Active,ENGLAND,False,92G,QOX,,full,1
L81073,WEST VIEW SURGERY,Active,ENGLAND,False,92G,QOX,,full,1
L81074,YEO VALE MEDICAL PRACTICE,Inactive,ENGLAND,False,11T,,,archive,1
L81075,THE OLD SCHOOL SURGERY,Active,ENGLAND,False,15C,QUY,,full,1
L81077,SEA MILLS SURGERY,Inactive,ENGLAND,False,15C,QUY,,full,1
L81078,GLOUCESTER ROAD MEDICAL CENTRE,Active,ENGLAND,False,15C,QUY,,full,1
L81079,HANHAM HEALTH,Active,ENGLAND,False,15C,QUY,,full,1
L81080,ST.JAMES'S SURGERY,Inactive,ENGLAND,False,11E,,,full,1
L81081,PEMBROKE ROAD SURGERY,Active,ENGLAND,False,15C,QUY,,full,1
L81082,BEDMINSTER FAMILY PRACTICE,Active,ENGLAND,False,15C,QUY,,full,1
L81083,HARTWOOD HEALTHCARE,Active,ENGLAND,False,15C,QUY,,full,1
L81084,PRIORY SURGERY,Active,ENGLAND,False,15C,QUY,,full,1
L81085,HEYWOOD FAMILY PRACTICE,Active,ENGLAND,False,15C,QUY,,full,1
L81086,MENDIP VALE MEDICAL PRACTICE,Active,ENGLAND,False,15C,QUY,,full,1
L81087,BEECHWOOD MEDICAL PRACTICE,Active,ENGLAND,False,15C,QUY,,full,1
L81088,LODGESIDE SURGERY,Inactive,ENGLAND,False,15C,QUY,,full,1
L81089,LAWRENCE HILL HEALTH CENTRE,Active,ENGLAND,False,15C,QUY,,full,1
L81090,THE FAMILY PRACTICE,Active,ENGLAND,False,15C,QUY,,full,1
L81091,WHITELADIES MEDICAL GROUP,Active,ENGLAND,False,15C,QUY,,full,1
L81092,THE EASTON FAMILY PRACTICE,Inactive,ENGLAND,False,11H,,,archive,1
L81093,ST MARTINS SURGERY,Inactive,ENGLAND,False,15C,QUY,,full,1
L81094,THE MERRYWOOD PRACTICE,Inactive,ENGLAND,False,15C,QUY,,full,1
L81095,DOWNTON ROAD SURGERY,Active,ENGLAND,False,15C,QUY,,full,1
L81096,TRINITY PRACTICE,Inactive,ENGLAND,False,,,,archive,1
L81098,GREENWAY COMMUNITY PRACTICE,Active,ENGLAND,False,15C,QUY,,full,1
L81099,RIDINGLEAZE MEDICAL CENTRE,Inactive,ENGLAND,False,11H,,,full,1
L81101,SOMERTON HOUSE SURGERY,Inactive,ENGLAND,False,92G,QOX,,full,1
L81102,SUNNYSIDE SURGERY,Inactive,ENGLAND,False,15C,QUY,,full,1
L81103,ST MARY STREET SURGERY,Active,ENGLAND,False,15C,QUY,,full,1
L81106,STREAMSIDE SURGERY,Active,ENGLAND,False,15C,QUY,,full,1
L81107,NEVIL ROAD SURGERY,Inactive,ENGLAND,False,,,,archive,1
L81108,CATHERINE COTTAGE,Inactive,ENGLAND,False,11E,,,full,1
L81112,BISHOPSTON MEDICAL PRACTICE,Inactive,ENGLAND,False,15C,QUY,,full,1
L81114,BROOK ADVISORY CENTRE,Inactive,ENGLAND,False,,,,archive,1
L81116,THE GREEN PRACTICE,Inactive,ENGLAND,False,11T,,,archive,1
L81117,PILNING SURGERY,Active,ENGLAND,False,15C,QUY,,full,1
L81118,STOKES MEDICAL GROUP,Active,ENGLAND,False,15C,QUY,,full,1
L81119,CLARENCE PARK SURGERY,Inactive,ENGLAND,False,15C,QUY,,full,1
L81120,BIRCHWOOD MEDICAL PRACTICE,Active,ENGLAND,False,15C,QUY,,full,1
L81122,ST. MARY'S SURGERY,Active,ENGLAND,False,92G,QOX,,full,1
L81123,HILLCREST SURGERY,Active,ENGLAND,False,92G,QOX,,full,1
L81124,RIVERBANK MEDICAL CENTRE,Inactive,ENGLAND,False,15C,QUY,,full,1
L81125,WELLS ROAD SURGERY,Active,ENGLAND,False,15C,QUY,,full,1
L81127,ALMONDSBURY SURGERY,Active,ENGLAND,False,15C,QUY,,full,1
L81128,AVONMOUTH MEDICAL CENTRE,Inactive,ENGLAND,False,11H,,,full,1
L81130,CADBURY HEATH HEALTHCARE,Active,ENGLAND,False,15C,QUY,,full,1
L81131,FALLODON WAY MEDICAL CENTRE,Active,ENGLAND,False,15C,QUY,,full,1
L81132,WESTFIELD SURGERY,Active,ENGLAND,False,92G,QOX,,full,1
L81133,STUDENT HEALTH SERVICE,Active,ENGLAND,False,15C,QUY,,full,1
L81134,THE OAKS MEDICAL PRACTICE,Inactive,ENGLAND,False,,,,archive,1
L81600,HARBOURSIDE FAMILY PRACTICE,Active,ENGLAND,False,15C,QUY,,full,1
L81617,UNIVERSITY MEDICAL CENTRE,Active,ENGLAND,False,92G,QOX,,full,1
L81622,HELIOS MEDICAL CENTRE,Inactive,ENGLAND,False,15C,QUY,,full,1
L81632,EMERSONS GREEN MEDICAL CENTRE,Active,ENGLAND,False,15C,QUY,,full,1
L81633,52 CLIFTON DOWN ROAD,Inactive,ENGLAND,False,11H,,,archive,1
L81635,WORLE MEDICAL PRACTICE,Inactive,ENGLAND,False,11T,,,full,1
L81637,GROSVENOR PLACE SURGERY,Inactive,ENGLAND,False,92G,QOX,,full,1
L81639,MANGOTSFIELD SURGERY,Inactive,ENGLAND,False,,,,archive,1
L81642,WELLINGTON ROAD SURGERY,Active,ENGLAND,False,15C,QUY,,full,1
L81643,THE CEDARS SURGERY,Active,ENGLAND,False,15C,QUY,,full,1
L81644,RUSH HILL SURGERY,Active,ENGLAND,False,92G,QOX,,full,1
L81648,MAYTREES MEDICAL PRACTICE,Inactive,ENGLAND,False,15C,QUY,,full,1
L81649,BRADLEY STOKE SURGERY,Active,ENGLAND,False,15C,QUY,,full,1
L81655,MONMOUTH SURGERY,Inactive,ENGLAND,False,92G,QOX,,full,1
L81656,HOTWELLS SURGERY,Inactive,ENGLAND,False,15C,QUY,,full,1
L81657,ELM LODGE SURGERY,Inactive,ENGLAND,False,,,,archive,1
L81658,SUSSEX PLACE SURGERY,Inactive,ENGLAND,False,,,,archive,1
L81662,HOMELESS HEALTH SERVICE,Inactive,ENGLAND,False,,,,archive,1
L81663,SNEYD PARK SURGERY,Inactive,ENGLAND,False,11H,,,archive,1
L81669,MVMG - MONKS PARK,Active,ENGLAND,False,15C,QUY,,full,1
L81670,HORIZON HEALTH CENTRE,Active,ENGLAND,False,15C,QUY,,full,1
L82001,LANDER MEDICAL PRACTICE,Active,ENGLAND,False,11N,QT6,,full,1
L82002,HOMECROFT SURGERY,Inactive,ENGLAND,False,11N,QT6,,archive,1
L82003,PORT ISAAC SURGERY,Active,ENGLAND,False,11N,QT6,,full,1
L82004,WADEBRIDGE & CAMEL ESTUARY PRACTICE,Active,ENGLAND,False,11N,QT6,,full,1
L82006,PENRYN SURGERY,Active,ENGLAND,False,11N,QT6,,full,1
L82007,CAMELFORD MEDICAL CENTRE,Active,ENGLAND,False,11N,QT6,,full,1
L82008,STRATTON MEDICAL CENTRE,Active,ENGLAND,False,11N,QT6,,full,1
L82009,CARNEWATER PRACTICE,Inactive,ENGLAND,False,11N,QT6,,full,1
L82010,BOSVENA HEALTH,Active,ENGLAND,False,11N,QT6,,full,1
L82011,BRANNEL SURGERY,Active,ENGLAND,False,11N,QT6,,full,1
L82012,TAMAR VALLEY HEALTH,Active,ENGLAND,False,11N,QT6,,full,1
L82013,PERRANPORTH SURGERY,Active,ENGLAND,False,11N,QT6,,full,1
L82014,TREVITHICK SURGERY,Inactive,ENGLAND,False,11N,QT6,,full,1
L82015,CHACEWATER HEALTH CENTRE,Active,ENGLAND,False,11N,QT6,,full,1
L82016,OAK TREE SURGERY,Active,ENGLAND,False,11N,QT6,,full,1
L82017,ST MARY'S HEALTH CENTRE,Active,ENGLAND,False,11N,QT6,,full,1
L82018,HELSTON MEDICAL CENTRE,Active,ENGLAND,False,11N,QT6,,full,1
L82019,PARK MEDICAL CENTRE,Inactive,ENGLAND,False,11N,QT6,,archive,1
L82021,ALVERTON PRACTICE,Inactive,ENGLAND,False,11N,QT6,,full,1
L82022,OLD BRIDGE SURGERY,Active,ENGLAND,False,11N,QT6,,full,1
L82023,PETROC GROUP PRACTICE,Active,ENGLAND,False,11N,QT6,,full,1
L82024,CLINTON ROAD SURGERY,Inactive,ENGLAND,False,11N,QT6,,full,1
L82025,MEVAGISSEY SURGERY,Active,ENGLAND,False,11N,QT6,,full,1
L82026,MIDDLEWAY SURGERY,Active,ENGLAND,False,11N,QT6,,full,1
L82028,THREE SPIRES MEDICAL PRACTICE,Active,ENGLAND,False,11N,QT6,,full,1
L82029,NARROWCLIFF SURGERY,Active,ENGLAND,False,11N,QT6,,full,1
L82030,LAUNCESTON MEDICAL CENTRE,Active,ENGLAND,False,11N,QT6,,full,1
L82035,FOWEY RIVER PRACTICE,Active,ENGLAND,False,11N,QT6,,full,1
L82036,BODRIGGY HEALTH CENTRE,Active,ENGLAND,False,11N,QT6,,full,1
L82037,PENSILVA HEALTH CENTRE,Inactive,ENGLAND,False,11N,QT6,,full,1
L82038,ATLANTIC MEDICAL GROUP,Active,ENGLAND,False,11N,QT6,,full,1
L82039,LOSTWITHIEL SURGERY,Active,ENGLAND,False,11N,QT6,,full,1
L82040,WOODLAND ROAD SURGERY,Inactive,ENGLAND,False,11N,QT6,,archive,1
L82041,CARN TO COAST HEALTH CENTRES,Active,ENGLAND,False,11N,QT6,,full,1
L82042,LEATSIDE HEALTH CENTRE,Active,ENGLAND,False,11N,QT6,,full,1
L82043,QUAY LANE SURGERY,Active,ENGLAND,False,11N,QT6,,full,1
L82044,VEOR SURGERY,Active,ENGLAND,False,11N,QT6,,full,1
L82045,PROBUS SURGERY,Active,ENGLAND,False,11N,QT6,,full,1
L82046,SALTASH HEALTH CENTRE,Active,ENGLAND,False,11N,QT6,,full,1
L82047,MARAZION SURGERY,Active,ENGLAND,False,11N,QT6,,full,1
L82048,ROSELAND SURGERIES,Active,ENGLAND,False,11N,QT6,,full,1
L82049,FALMOUTH HEALTH CENTRE,Active,ENGLAND,False,11N,QT6,,full,1
L82050,ROSEDEAN SURGERY,Active,ENGLAND,False,11N,QT6,,full,1
L82051,CLAYS PRACTICE,Active,ENGLAND,False,11N,QT6,,full,1
L82052,TRESCOBEAS SURGERY,Active,ENGLAND,False,11N,QT6,,full,1
L82053,PENALVERNE SURGERY,Inactive,ENGLAND,False,11N,QT6,,full,1
L82054,ST. AGNES SURGERY,Active,ENGLAND,False,11N,QT6,,full,1
L82055,POLKYTH SURGERY,Inactive,ENGLAND,False,,,,archive,1
L82056,THE MULLION & CONSTANTINE GROUP PRACTICE,Active,ENGLAND,False,11N,QT6,,full,1
L82057,ST KEVERNE HEALTH CENTRE,Active,ENGLAND,False,11N,QT6,,full,1
L82058,BOTTREAUX SURGERY,Active,ENGLAND,False,11N,QT6,,full,1
L82059,COBER VALLEY HEALTH,Active,ENGLAND,False,11N,QT6,,full,1
L82061,CARNON DOWNS SURGERY,Active,ENGLAND,False,11N,QT6,,full,1
L82066,PORT VIEW SURGERY,Active,ENGLAND,False,11N,QT6,,full,1
L82068,GODOLPHIN HEALTH,Active,ENGLAND,False,11N,QT6,,full,1
L82070,SUNNYSIDE SURGERY,Active,ENGLAND,False,11N,QT6,,full,1
L82611,WHEAL NORTHEY SURGERY,Inactive,ENGLAND,False,11N,QT6,,archive,1
L82617,PHOENIX SURGERY,Inactive,ENGLAND,False,11N,QT6,,full,1
L82618,MEDICAL CENTRE CAMELFORD (DR GARROD),Inactive,ENGLAND,False,11N,QT6,,full,1
L82620,HARRIS MEMORIAL SURGERY,Active,ENGLAND,False,11N,QT6,,full,1
L82621,MILLBROOK SURGERY,Inactive,ENGLAND,False,11N,QT6,,archive,1
L82622,WESTOVER SURGERY,Active,ENGLAND,False,11N,QT6,,full,1
L83002,HONITON SURGERY,Active,ENGLAND,False,15N,QJK,,full,1
L83003,QUEEN'S MEDICAL CENTRE,Active,ENGLAND,False,15N,QJK,,full,1
L83004,KINGSTEIGNTON MEDICAL PRACTICE,Active,ENGLAND,False,15N,QJK,,full,1
L83005,BARTON SURGERY,Active,ENGLAND,False,15N,QJK,,full,1
L83006,MAYFLOWER MEDICAL GROUP,Active,ENGLAND,False,15N,QJK,,full,1
L83007,SEATON & COLYTON MEDICAL PRACTICE,Active,ENGLAND,False,15N,QJK,,full,1
L83008,PATHFIELDS MEDICAL GROUP,Active,ENGLAND,False,15N,QJK,,full,1
L83009,BAMPTON SURGERY,Inactive,ENGLAND,False,99P,,,full,1
L83010,ASHBURTON SURGERY,Active,ENGLAND,False,15N,QJK,,full,1
L83011,BUDLEIGH SALTERTON MEDICAL PRACTICE,Active,ENGLAND,False,15N,QJK,,full,1
L83012,BRADWORTHY SURGERY,Active,ENGLAND,False,15N,QJK,,full,1
L83013,BRUNEL MEDICAL PRACTICE,Active,ENGLAND,False,15N,QJK,,full,1
L83014,MAYFIELD MEDICAL CENTRE,Active,ENGLAND,False,15N,QJK,,full,1
L83015,OAKSIDE SURGERY,Active,ENGLAND,False,15N,QJK,,full,1
L83016,ST THOMAS MEDICAL GROUP,Active,ENGLAND,False,15N,QJK,,full,1
L83017,WATERSIDE PRACTICE,Inactive,ENGLAND,False,99P,,,full,1
L83018,BEAUMONT VILLA SURGERY,Inactive,ENGLAND,False,15N,QJK,,full,1
L83019,ELM SURGERY,Active,ENGLAND,False,15N,QJK,,full,1
L83020,AXMINSTER MEDICAL PRACTICE,Active,ENGLAND,False,15N,QJK,,full,1
L83021,DEAN CROSS SURGERY,Active,ENGLAND,False,15N,QJK,,full,1
L83022,TEIGNMOUTH MEDICAL PRACTICE,Inactive,ENGLAND,False,15N,QJK,,full,1
L83023,AMICUS HEALTH - MID DEVON SITES,Active,ENGLAND,False,15N,QJK,,full,1
L83024,BARNFIELD HILL SURGERY,Active,ENGLAND,False,15N,QJK,,full,1
L83025,WALLINGBROOK HEALTH CENTRE,Active,ENGLAND,False,15N,QJK,,full,1
L83026,TORRINGTON HEALTH CENTRE,Active,ENGLAND,False,15N,QJK,,full,1
L83027,CROFT HALL MEDICAL PRACTICE,Active,ENGLAND,False,15N,QJK,,full,1
L83028,ST NEOTS SURGERY,Active,ENGLAND,False,15N,QJK,,full,1
L83029,SOUTHOVER MEDICAL PRACTICE,Active,ENGLAND,False,15N,QJK,,full,1
L83030,NORTH ROAD WEST MED.CTR.,Active,ENGLAND,False,15N,QJK,,full,1
L83031,KINGSKERSWELL & IPPLEPEN MED PRACTICE,Active,ENGLAND,False,15N,QJK,,full,1
L83032,BARTON HEALTH CENTRE,Inactive,ENGLAND,False,99Q,,,full,1
L83034,ALBANY SURGERY,Active,ENGLAND,False,15N,QJK,,full,1
L83035,LITCHDON MEDICAL CENTRE,Active,ENGLAND,False,15N,QJK,,full,1
L83036,TOPSHAM SURGERY,Active,ENGLAND,False,15N,QJK,,full,1
L83037,CHARD ROAD SURGERY,Inactive,ENGLAND,False,99P,,,full,1
L83038,TAVYSIDE HEALTH CENTRE,Active,ENGLAND,False,15N,QJK,,full,1
L83039,SOUTHWAY SURGERY,Active,ENGLAND,False,15N,QJK,,full,1
L83040,PINHOE SURGERY,Active,ENGLAND,False,15N,QJK,,full,1
L83041,WESTBANK PRACTICE,Active,ENGLAND,False,15N,QJK,,full,1
L83042,ST LEONARDS PRACTICE,Active,ENGLAND,False,15N,QJK,,full,1
L83043,LEATSIDE SURGERY,Active,ENGLAND,False,15N,QJK,,full,1
L83044,BLACKDOWN PRACTICE,Active,ENGLAND,False,15N,QJK,,full,1
L83045,BOVEY TRACEY & CHUDLEIGH PRACTICE,Active,ENGLAND,False,15N,QJK,,full,1
L83046,DEVON SQUARE SURGERY,Active,ENGLAND,False,15N,QJK,,full,1
L83047,EAST STREET SURGERY,Inactive,ENGLAND,False,99P,,,full,1
L83048,ROBOROUGH SURGERY,Active,ENGLAND,False,15N,QJK,,full,1
L83049,MORETONHAMPSTEAD HEALTH CENTRE,Active,ENGLAND,False,15N,QJK,,full,1
L83050,NORTHAM SURGERY,Active,ENGLAND,False,15N,QJK,,full,1
L83051,CRICKETFIELD SURGERY,Active,ENGLAND,False,15N,QJK,,full,1
L83052,CASTLE PLACE PRACTICE,Active,ENGLAND,False,15N,QJK,,full,1
L83053,ROLLE MEDICAL PARTNERSHIP,Inactive,ENGLAND,False,15N,QJK,,full,1
L83054,TOWNSEND HOUSE MEDICAL CENTRE,Active,ENGLAND,False,15N,QJK,,full,1
L83055,COMPASS HOUSE MEDICAL CENTRES,Active,ENGLAND,False,15N,QJK,,full,1
L83056,ROLLE MEDICAL PARTNERSHIP,Active,ENGLAND,False,15N,QJK,,full,1
L83057,FREMINGTON MEDICAL CENTRE,Active,ENGLAND,False,15N,QJK,,full,1
L83058,SOUTHERNHAY HOUSE SURGERY,Active,ENGLAND,False,15N,QJK,,full,1
L83059,NORTON BROOK MEDICAL CENTRE,Active,ENGLAND,False,15N,QJK,,full,1
L83061,MANNAMEAD SURGERY,Inactive,ENGLAND,False,15N,QJK,,full,1
L83064,CHURCH VIEW SURGERY,Active,ENGLAND,False,15N,QJK,,full,1
L83065,CHIDDENBROOK SURGERY,Inactive,ENGLAND,False,15N,QJK,,full,1
L83066,MOUNT PLEASANT HEALTH CENTRE,Active,ENGLAND,False,15N,QJK,,full,1
L83067,SID VALLEY PRACTICE,Active,ENGLAND,False,15N,QJK,,full,1
L83068,LYNTON HEALTH CENTRE,Inactive,ENGLAND,False,15N,QJK,,full,1
L83069,RUBY COUNTRY MEDICAL GROUP,Active,ENGLAND,False,15N,QJK,,full,1
L83070,BUCKFASTLEIGH MEDICAL CENTRE,Active,ENGLAND,False,15N,QJK,,full,1
L83071,STOKE SURGERY,Active,ENGLAND,False,15N,QJK,,full,1
L83072,FRIARY HOUSE SURGERY,Active,ENGLAND,False,15N,QJK,,full,1
L83073,BRANNAM MEDICAL CENTRE,Active,ENGLAND,False,15N,QJK,,full,1
L83074,STIRLING ROAD GROUP,Inactive,ENGLAND,False,15N,QJK,,full,1
L83075,SOUTH BRENT HEALTH CENTRE,Active,ENGLAND,False,15N,QJK,,full,1
L83076,WYCLIFFE SURGERY,Active,ENGLAND,False,15N,QJK,,full,1
L83077,HEAVITREE PRACTICE,Active,ENGLAND,False,15N,QJK,,full,1
L83078,ST LUKES MEDICAL CENTRE,Inactive,ENGLAND,False,15N,QJK,,full,1
L83079,IDE LANE SURGERY,Active,ENGLAND,False,15N,QJK,,full,1
L83080,ARMADA SURGERY,Inactive,ENGLAND,False,15N,QJK,,full,1
L83081,YEALM MEDICAL CENTRE,Active,ENGLAND,False,15N,QJK,,full,1
L83082,CHAGFORD HEALTH CENTRE,Active,ENGLAND,False,15N,QJK,,full,1
L83083,BIDEFORD MEDICAL CENTRE,Active,ENGLAND,False,15N,QJK,,full,1
L83084,SOUTH LAWN MEDICAL PRACTICE,Active,ENGLAND,False,15N,QJK,,full,1
L83085,AMICUS HEALTH,Active,ENGLAND,False,15N,QJK,,full,1
L83086,MODBURY HEALTH CENTRE,Active,ENGLAND,False,15N,QJK,,full,1
L83087,OKEHAMPTON MEDICAL CENTRE,Active,ENGLAND,False,15N,QJK,,full,1
L83088,REDFERN HEALTH CENTRE,Active,ENGLAND,False,15N,QJK,,full,1
L83089,KNOWLE HOUSE SURGERY,Active,ENGLAND,False,15N,QJK,,full,1
L83092,COLLEGE SURGERY PARTNERSHIP,Active,ENGLAND,False,15N,QJK,,full,1
L83093,THE RIDGEWAY PRACTICE,Inactive,ENGLAND,False,,,,archive,1
L83094,DARTMOUTH MEDICAL PRACTICE,Active,ENGLAND,False,15N,QJK,,full,1
L83095,COLERIDGE MEDICAL CENTRE,Active,ENGLAND,False,15N,QJK,,full,1
L83096,COMBE COASTAL PRACTICE,Active,ENGLAND,False,15N,QJK,,full,1
L83097,CAEN MEDICAL CENTRE,Active,ENGLAND,False,15N,QJK,,full,1
L83098,CHERITON BISHOP SURGERY,Active,ENGLAND,False,15N,QJK,,full,1
L83099,ISCA MEDICAL PRACTICE,Active,ENGLAND,False,15N,QJK,,full,1
L83100,BEACON MEDICAL GROUP,Active,ENGLAND,False,15N,QJK,,full,1
L83101,ABBEY SURGERY,Active,ENGLAND,False,15N,QJK,,full,1
L83102,YELVERTON SURGERY,Active,ENGLAND,False,15N,QJK,,full,1
L83103,CORNER PLACE SURGERY,Active,ENGLAND,False,15N,QJK,,full,1
L83105,CASTLE GARDENS SURGERY,Active,ENGLAND,False,15N,QJK,,full,1
L83106,WOODA SURGERY,Active,ENGLAND,False,15N,QJK,,full,1
L83107,CROWNHILL SURGERY,Inactive,ENGLAND,False,15N,QJK,,full,1
L83108,SHIPHAY MANOR & ABBEY ROAD SURGERIES,Inactive,ENGLAND,False,99Q,,,full,1
L83109,SUTHERLAND ROAD SURGERY,Inactive,ENGLAND,False,99P,,,archive,1
L83111,CHILCOTE PRACTICE,Active,ENGLAND,False,15N,QJK,,full,1
L83112,WEST HOE SURGERY,Active,ENGLAND,False,15N,QJK,,full,1
L83113,BUDSHEAD MEDICAL PRACTICE,Active,ENGLAND,False,15N,QJK,,full,1
L83114,GREENSWOOD MEDICAL,Inactive,ENGLAND,False,99Q,,,archive,1
L83115,WHIPTON SURGERY,Active,ENGLAND,False,15N,QJK,,full,1
L83116,WOODBURY SURGERY,Active,ENGLAND,False,15N,QJK,,full,1
L83117,PARK VIEW SURGERY,Inactive,ENGLAND,False,15N,QJK,,full,1
L83118,CHELSTON HALL SURGERY,Active,ENGLAND,False,15N,QJK,,full,1
L83120,CHANNEL VIEW MEDICAL GROUP,Active,ENGLAND,False,15N,QJK,,full,1
L83121,SHEBBEAR SURGERY,Inactive,ENGLAND,False,99P,,,full,1
L83122,PAIGNTON MEDICAL PARTNERSHIP,Inactive,ENGLAND,False,99Q,,,full,1
L83123,TOTHILL SURGERY,Inactive,ENGLAND,False,99P,,,full,1
L83125,BARTON SURGERY,Inactive,ENGLAND,False,15N,QJK,,full,1
L83126,BISHOPS PLACE SURGERY,Inactive,ENGLAND,False,,,,archive,1
L83127,REDLANDS PRIMARY CARE,Active,ENGLAND,False,15N,QJK,,full,1
L83128,BRAMBLEHAIES SURGERY,Active,ENGLAND,False,15N,QJK,,full,1
L83129,HARTLAND SURGERY,Active,ENGLAND,False,15N,QJK,,full,1
L83130,PARKHILL MEDICAL PRACTICE,Inactive,ENGLAND,False,15N,QJK,,full,1
L83131,PEMBROKE MEDICAL GROUP,Active,ENGLAND,False,15N,QJK,,full,1
L83132,COLLINGS PARK MEDICAL CTR,Inactive,ENGLAND,False,,,,archive,1
L83133,PLYM RIVER PRACTICE,Inactive,ENGLAND,False,,,,archive,1
L83134,WYNDHAM HOUSE SURGERY,Active,ENGLAND,False,15N,QJK,,full,1
L83136,HALDON HOUSE SURGERY,Active,ENGLAND,False,15N,QJK,,full,1
L83137,SOUTH MOLTON MEDICAL CENTRE,Active,ENGLAND,False,15N,QJK,,full,1
L83138,GLENSIDE MEDICAL CENTRE,Inactive,ENGLAND,False,99P,,,full,1
L83139,BOUTPORT MEDICAL CENTRE,Inactive,ENGLAND,False,15N,QJK,,full,1
L83143,HILL BARTON SURGERY,Active,ENGLAND,False,15N,QJK,,full,1
L83144,LEYPARK SURGERY,Inactive,ENGLAND,False,15N,QJK,,full,1
L83145,RICHMOND HOUSE SURGERY,Inactive,ENGLAND,False,99Q,,,full,1
L83146,CATHERINE HOUSE SURGERY,Active,ENGLAND,False,15N,QJK,,full,1
L83147,LISSON GROVE MEDICAL CTR.,Active,ENGLAND,False,15N,QJK,,full,1
L83148,CHILLINGTON HEALTH CENTRE,Active,ENGLAND,False,15N,QJK,,full,1
L83149,CHERRYBROOK MEDICAL CENTRE,Inactive,ENGLAND,False,,,,archive,1
L83607,OLD FARM SURGERY,Active,ENGLAND,False,15N,QJK,,full,1
L83608,LIFTON SURGERY,Inactive,ENGLAND,False,99P,,,full,1
L83613,EXE VALLEY PRACTICE,Inactive,ENGLAND,False,99P,,,archive,1
L83616,SAMPFORD PEVERELL SURGERY,Active,ENGLAND,False,15N,QJK,,full,1
L83624,DEVONPORT HEALTH CENTRE,Active,ENGLAND,False,15N,QJK,,full,1
L83626,SALTASH ROAD SURGERY,Inactive,ENGLAND,False,99P,,,full,1
L83627,RALEIGH SURGERY,Inactive,ENGLAND,False,15N,QJK,,full,1
L83628,IMPERIAL SURGERY,Active,ENGLAND,False,15N,QJK,,full,1
L83633,NORTH TAWTON MEDICAL PRACTICE,Inactive,ENGLAND,False,99P,,,archive,1
L83637,WITHYCOMBE LODGE SURGERY,Inactive,ENGLAND,False,99Q,,,full,1
L83639,WEMBURY SURGERY,Active,ENGLAND,False,15N,QJK,,full,1
L83642,ESTOVER SURGERY,Inactive,ENGLAND,False,15N,QJK,,full,1
L83643,FREEDOM HEALTH CENTRE,Inactive,ENGLAND,False,15N,QJK,,full,1
L83644,HIGHLANDS HEALTH CENTRE,Inactive,ENGLAND,False,15N,QJK,,full,1
L83646,ST. LEVAN SURGERY,Active,ENGLAND,False,15N,QJK,,full,1
L83647,HATHERLEIGH MEDICAL CENTRE,Inactive,ENGLAND,False,15N,QJK,,full,1
L83648,PEVERELL PARK SURGERY,Active,ENGLAND,False,15N,QJK,,full,1
L83651,ADELAIDE STREET SURGERY,Active,ENGLAND,False,15N,QJK,,full,1
L83655,WONFORD GREEN SURGERY,Active,ENGLAND,False,15N,QJK,,full,1
L83657,TEIGN ESTUARY MEDICAL GROUP,Active,ENGLAND,False,15N,QJK,,full,1
L83658,HYDE PARK SURGERY,Inactive,ENGLAND,False,99P,,,full,1
L83663,BLACK TORRINGTON SURGERY,Active,ENGLAND,False,15N,QJK,,full,1
L83664,ST.BARNABAS SURGERY,Inactive,ENGLAND,False,99P,,,full,1
L83666,BUCKLAND SURGERY,Active,ENGLAND,False,15N,QJK,,full,1
L83673,INCLUSION HEALTH DEVON CIC,Active,ENGLAND,False,15N,QJK,,full,1
L84001,BARTONGATE SURGERY,Inactive,ENGLAND,False,11M,QR1,,full,1
L84002,CHELTENHAM ROAD SURGERY,Inactive,ENGLAND,False,11M,QR1,,full,1
L84003,UNDERWOOD SURGERY,Active,ENGLAND,False,11M,QR1,,full,1
L84004,WINCHCOMBE MEDICAL CENTRE,Active,ENGLAND,False,11M,QR1,,full,1
L84005,MINCHINHAMPTON SURGERY,Active,ENGLAND,False,11M,QR1,,full,1
L84006,STAUNTON & CORSE SURGERY,Active,ENGLAND,False,11M,QR1,,full,1
L84007,ROWCROFT MEDICAL CENTRE,Active,ENGLAND,False,11M,QR1,,full,1
L84008,ST. GEORGE'S SURGERY,Active,ENGLAND,False,11M,QR1,,full,1
L84009,HADWEN HEALTH,Active,ENGLAND,False,11M,QR1,,full,1
L84010,UPPER THAMES MEDICAL GROUP,Active,ENGLAND,False,11M,QR1,,full,1
L84011,LYDNEY PRACTICE,Active,ENGLAND,False,11M,QR1,,full,1
L84012,PHOENIX HEALTH GROUP,Active,ENGLAND,False,11M,QR1,,full,1
L84013,SAINTBRIDGE SURGERY,Inactive,ENGLAND,False,11M,QR1,,full,1
L84014,HUCCLECOTE SURGERY,Active,ENGLAND,False,11M,QR1,,full,1
L84015,SIXWAYS CLINIC,Active,ENGLAND,False,11M,QR1,,full,1
L84016,FRITHWOOD SURGERY,Active,ENGLAND,False,11M,QR1,,full,1
L84017,ST.PETER'S ROAD SURGERY,Inactive,ENGLAND,False,11M,QR1,,full,1
L84018,CIRENCESTER HEALTH GROUP,Active,ENGLAND,False,11M,QR1,,full,1
L84019,ORCHARD MEDICAL CENTRE,Inactive,ENGLAND,False,,,,archive,1
L84020,ROMNEY HOUSE SURGERY,Inactive,ENGLAND,False,11M,QR1,,full,1
L84021,YORKLEY HEALTH CENTRE(WG),Active,ENGLAND,False,11M,QR1,,full,1
L84022,YORKLEIGH SURGERY(CT),Active,ENGLAND,False,11M,QR1,,full,1
L84023,CHURCH STREET PRACTICE,Active,ENGLAND,False,11M,QR1,,full,1
L84024,DRYBROOK SURGERY,Active,ENGLAND,False,11M,QR1,,full,1
L84025,HOYLAND HOUSE,Active,ENGLAND,False,11M,QR1,,full,1
L84026,ASPEN MEDICAL PRACTICE,Active,ENGLAND,False,11M,QR1,,full,1
L84027,CULVERHAY SURGERY,Active,ENGLAND,False,11M,QR1,,full,1
L84028,FOREST HEALTH CARE,Active,ENGLAND,False,11M,QR1,,full,1
L84029,DEAN MEDICAL PRACTICE,Active,ENGLAND,False,11M,QR1,,full,1
L84030,BERKELEY PLACE SURGERY,Active,ENGLAND,False,11M,QR1,,full,1
L84031,STOW SURGERY,Active,ENGLAND,False,11M,QR1,,full,1
L84032,LOCKING HILL SURGERY,Inactive,ENGLAND,False,11M,QR1,,full,1
L84033,WESTON HOUSE PRACTICE,Active,ENGLAND,False,11M,QR1,,full,1
L84034,"PARTNERS IN HEALTH, PAVILION FAMILY DRS",Active,ENGLAND,False,11M,QR1,,full,1
L84036,CLEEVELANDS MEDICAL CENTRE,Active,ENGLAND,False,11M,QR1,,full,1
L84037,THE HOLTS HEALTH CENTRE,Active,ENGLAND,False,11M,QR1,,full,1
L84038,COTSWOLD MEDICAL PRACTICE,Active,ENGLAND,False,11M,QR1,,full,1
L84039,BEECHES GREEN SURGERY,Active,ENGLAND,False,11M,QR1,,full,1
L84040,THE LECKHAMPTON SURGERY,Active,ENGLAND,False,11M,QR1,,full,1
L84041,OVERTON PARK SURGERY,Active,ENGLAND,False,11M,QR1,,full,1
L84042,LONDON MEDICAL PRACTICE,Inactive,ENGLAND,False,11M,QR1,,full,1
L84043,CHIPPING CAMPDEN SURGERY,Active,ENGLAND,False,11M,QR1,,full,1
L84044,MARYBROOK MEDICAL CENTRE,Inactive,ENGLAND,False,11M,QR1,,full,1
L84045,MITCHELDEAN SURGERY,Active,ENGLAND,False,11M,QR1,,full,1
L84046,DOCKHAM SURGERY,Active,ENGLAND,False,11M,QR1,,full,1
L84047,CHURCHDOWN SURGERY,Active,ENGLAND,False,11M,QR1,,full,1
L84048,"THE STOKE ROAD SURGERY,",Active,ENGLAND,False,11M,QR1,,full,1
L84049,THE ROYAL WELL SURGERY,Active,ENGLAND,False,11M,QR1,,full,1
L84050,ROSEBANK SURGERY,Active,ENGLAND,False,11M,QR1,,full,1
L84051,CHIPPING SURGERY,Active,ENGLAND,False,11M,QR1,,full,1
L84052,SEVERNSIDE MEDICAL PRACTICE,Active,ENGLAND,False,11M,QR1,,full,1
L84053,HILARY COTTAGE SURGERY,Active,ENGLAND,False,11M,QR1,,full,1
L84054,MYTHE MEDICAL PRACTICE,Active,ENGLAND,False,11M,QR1,,full,1
L84055,LECHLADE MEDICAL CENTRE,Inactive,ENGLAND,False,11M,QR1,,full,1
L84056,THE CORINTHIAN SURGERY,Inactive,ENGLAND,False,11M,QR1,,full,1
L84057,BARNWOOD MEDICAL PRACTICE,Inactive,ENGLAND,False,11M,QR1,,full,1
L84058,ST. CATHERINE'S SURGERY,Active,ENGLAND,False,11M,QR1,,full,1
L84059,ROYAL CRESCENT SURGERY,Active,ENGLAND,False,11M,QR1,,full,1
L84060,CAM & ULEY FAMILY PRACTICE,Active,ENGLAND,False,11M,QR1,,full,1
L84063,RENDCOMB SURGERY,Active,ENGLAND,False,11M,QR1,,full,1
L84065,PRICES MILL SURGERY,Active,ENGLAND,False,11M,QR1,,full,1
L84067,LONGLEVENS SURGERY,Active,ENGLAND,False,11M,QR1,,full,1
L84068,MANN COTTAGE SURGERY,Active,ENGLAND,False,11M,QR1,,full,1
L84069,COLEFORD MEDICAL PRACTICE,Active,ENGLAND,False,11M,QR1,,full,1
L84070,HIGH STREET MEDICAL CENTRE,Inactive,ENGLAND,False,11M,QR1,,full,1
L84071,BRUNSTON PRACTICE,Inactive,ENGLAND,False,11M,QR1,,full,1
L84072,WHITE HOUSE SURGERY,Active,ENGLAND,False,11M,QR1,,full,1
L84073,ACORN PRACTICE,Inactive,ENGLAND,False,11M,QR1,,full,1
L84075,MAY LANE SURGERY,Active,ENGLAND,False,11M,QR1,,full,1
L84077,FIVE VALLEYS MEDICAL PRACTICE,Active,ENGLAND,False,11M,QR1,,full,1
L84078,FRAMPTON SURGERY,Inactive,ENGLAND,False,11M,QR1,,full,1
L84080,THE WILLOW TREE PRACTICE,Active,ENGLAND,False,11M,QR1,,full,1
L84081,KINGSHOLM SURGERY,Active,ENGLAND,False,11M,QR1,,full,1
L84084,BROCKWORTH SURGERY,Active,ENGLAND,False,11M,QR1,,full,1
L84085,SEVERNBANK SURGERY,Active,ENGLAND,False,11M,QR1,,full,1
L84604,JESMOND HOUSE PRACTICE,Inactive,ENGLAND,False,11M,QR1,,archive,1
L84606,THE ALNEY PRACTICE,Active,ENGLAND,False,11M,QR1,,full,1
L84609,ST.LUKE'S MEDICAL CENTRE,Inactive,ENGLAND,False,11M,QR1,,archive,1
L84613,STONEHOUSE HEALTH CLINIC,Active,ENGLAND,False,11M,QR1,,full,1
L84615,NEWNHAM SURGERY,Inactive,ENGLAND,False,11M,QR1,,full,1
L84616,PRESTBURY PARK MEDICAL,Inactive,ENGLAND,False,11M,QR1,,full,1
L84617,QUEDGELEY MEDICAL CENTRE,Active,ENGLAND,False,11M,QR1,,full,1
L84621,MATSON LANE SURGERY,Inactive,ENGLAND,False,,,,archive,1
L85001,FRENCH WEIR HEALTH CENTRE,Active,ENGLAND,False,11X,QSL,,full,1
L85002,WELLS HEALTH CENTRE,Active,ENGLAND,False,11X,QSL,,full,1
L85003,EXMOOR MEDICAL CENTRE,Active,ENGLAND,False,11X,QSL,,full,1
L85004,"CREWKERNE HEALTH CENTRE, CREWKERNE",Active,ENGLAND,False,11X,QSL,,full,1
L85005,BUTTERCROSS HEALTH CENTRE,Inactive,ENGLAND,False,11X,QSL,,full,1
L85006,CROWN MEDICAL CENTRE,Active,ENGLAND,False,11X,QSL,,full,1
L85007,"CHURCH STREET SURGERY, MARTOCK",Active,ENGLAND,False,11X,QSL,,full,1
L85008,FROME MEDICAL PRACTICE,Active,ENGLAND,False,11X,QSL,,full,1
L85009,WEST SOMERSET HEALTHCARE,Active,ENGLAND,False,11X,QSL,,full,1
L85010,HIGHBRIDGE MEDICAL CENTRE,Active,ENGLAND,False,11X,QSL,,full,1
L85011,CHEDDAR MEDICAL CENTRE,Active,ENGLAND,False,11X,QSL,,full,1
L85012,WELLINGTON MEDICAL CENTRE,Active,ENGLAND,False,11X,QSL,,full,1
L85013,QUANTOCK MEDICAL CENTRE,Active,ENGLAND,False,11X,QSL,,full,1
L85014,TAUNTON VALE HEALTHCARE,Active,ENGLAND,False,11X,QSL,,full,1
L85015,"PRESTON GROVE MEDICAL CENTRE, YEOVIL",Active,ENGLAND,False,11X,QSL,,full,1
L85016,SYMPHONY NORTH HEALTHCARE,Active,ENGLAND,False,11X,QSL,,full,1
L85017,"PENN HILL SURGERY, YEOVIL",Active,ENGLAND,False,11X,QSL,,full,1
L85018,CANNINGTON HEALTH CENTRE,Active,ENGLAND,False,11X,QSL,,full,1
L85019,MINEHEAD MEDICAL CENTRE,Active,ENGLAND,False,11X,QSL,,full,1
L85020,BECKINGTON FAMILY PRACTICE,Active,ENGLAND,False,11X,QSL,,full,1
L85021,COLLEGE WAY SURGERY,Active,ENGLAND,False,11X,QSL,,full,1
L85022,DIAMOND HEALTH GROUP,Active,ENGLAND,False,11X,QSL,,full,1
L85023,ST JAMES MEDICAL CENTRE,Active,ENGLAND,False,11X,QSL,,full,1
L85024,POLDEN MEDICAL PRACTICE,Active,ENGLAND,False,11X,QSL,,full,1
L85025,CRANLEIGH GARDENS MEDICAL CENTRE,Active,ENGLAND,False,11X,QSL,,full,1
L85026,"HAMDON MEDICAL CENTRE, STOKE-SUB-HAMDON",Active,ENGLAND,False,11X,QSL,,full,1
L85027,WINCANTON HEALTH CENTRE,Active,ENGLAND,False,11X,QSL,,full,1
L85028,"SPRINGMEAD SURGERY, CHARD",Inactive,ENGLAND,False,11X,QSL,,full,1
L85029,VINE SURGERY PARTNERSHIP,Active,ENGLAND,False,11X,QSL,,full,1
L85030,ARIEL HEALTHCARE,Active,ENGLAND,False,11X,QSL,,full,1
L85031,MILBORNE PORT SURGERY,Active,ENGLAND,False,11X,QSL,,full,1
L85032,BRUTON SURGERY,Active,ENGLAND,False,11X,QSL,,full,1
L85033,LANGPORT SURGERY,Active,ENGLAND,False,11X,QSL,,full,1
L85034,WELLS CITY PRACTICE,Active,ENGLAND,False,11X,QSL,,full,1
L85035,EAST QUAY MEDICAL CENTRE,Active,ENGLAND,False,11X,QSL,,full,1
L85036,QUANTOCK VALE SURGERY,Active,ENGLAND,False,11X,QSL,,full,1
L85037,NORTH CURRY,Active,ENGLAND,False,11X,QSL,,full,1
L85038,LISTER HOUSE PARTNERSHIP,Active,ENGLAND,False,11X,QSL,,full,1
L85039,GLASTONBURY SURGERY,Active,ENGLAND,False,11X,QSL,,full,1
L85040,"MILLBROOK SURGERY, CASTLE CARY",Active,ENGLAND,False,11X,QSL,,full,1
L85041,IRNHAM LODGE SURGERY,Inactive,ENGLAND,False,11X,QSL,,full,1
L85042,TAUNTON ROAD MEDICAL CENTRE,Active,ENGLAND,False,11X,QSL,,full,1
L85043,PARK MEDICAL PRACTICE,Active,ENGLAND,False,11X,QSL,,full,1
L85044,QUEEN CAMEL MEDICAL CENTRE,Active,ENGLAND,False,11X,QSL,,full,1
L85045,WESTLAKE SURGERY,Inactive,ENGLAND,False,11X,QSL,,full,1
L85046,MENDIP COUNTRY PRACTICE,Active,ENGLAND,False,11X,QSL,,full,1
L85047,GLASTONBURY HEALTH CENTRE,Active,ENGLAND,False,11X,QSL,,full,1
L85048,"RYALLS PARK MEDICAL CENTRE, YEOVIL",Active,ENGLAND,False,11X,QSL,,full,1
L85050,LUSON,Active,ENGLAND,False,11X,QSL,,full,1
L85051,REDGATE MEDICAL CENTRE,Active,ENGLAND,False,11X,QSL,,full,1
L85052,WARWICK HOUSE MEDICAL PRACTICE,Active,ENGLAND,False,11X,QSL,,full,1
L85053,GROVE HOUSE SURGERY,Active,ENGLAND,False,11X,QSL,,full,1
L85054,SUMMERVALE SURGERY,Active,ENGLAND,False,11X,QSL,,full,1
L85055,AXBRIDGE SURGERY,Active,ENGLAND,False,11X,QSL,,full,1
L85056,NORTH PETHERTON SURGERY,Active,ENGLAND,False,11X,QSL,,full,1
L85059,WELLINGTON (B),Inactive,ENGLAND,False,,,,archive,1
L85060,L85060 (VINE SURGERY),Inactive,ENGLAND,False,11X,QSL,,full,1
L85061,THE MEADOWS SURGERY,Active,ENGLAND,False,11X,QSL,,full,1
L85062,LYNGFORD PARK,Active,ENGLAND,False,11X,QSL,,full,1
L85064,OAKLANDS SURGERY,Active,ENGLAND,False,11X,QSL,,full,1
L85065,DUNSTER & PORLOCK SURGERIES,Active,ENGLAND,False,11X,QSL,,full,1
L85066,BUTTERCROSS HEALTH CENTRE,Active,ENGLAND,False,11X,QSL,,full,1
L85601,BRENT AREA MEDICAL CENTRE,Active,ENGLAND,False,11X,QSL,,full,1
L85602,BRENDON HILLS SURGERY,Inactive,ENGLAND,False,11X,QSL,,full,1
L85607,SOMERSET BRIDGE MEDICAL CENTRE,Active,ENGLAND,False,11X,QSL,,full,1
L85608,PORLOCK MEDICAL CENTRE,Inactive,ENGLAND,False,11X,QSL,,full,1
L85609,CREECH,Active,ENGLAND,False,11X,QSL,,full,1
L85611,OAKHILL SURGERY,Active,ENGLAND,False,11X,QSL,,full,1
L85612,VICTORIA PARK MEDICAL CENTRE,Inactive,ENGLAND,False,11X,QSL,,full,1
L85616,VICTORIA GATE SURGERY,Inactive,ENGLAND,False,11X,QSL,,full,1
L85619,"TAWSTOCK MEDICAL CENTRE, CHARD",Inactive,ENGLAND,False,11X,QSL,,full,1
L85620,WEST ONE SURGERY,Inactive,ENGLAND,False,11X,QSL,,full,1
L85624,CHURCH VIEW MEDICAL CENTRE,Active,ENGLAND,False,11X,QSL,,full,1
M81001,ST STEPHEN'S MEDICAL PARTNERSHIP,Active,ENGLAND,False,18C,QGH,,full,1
M81002,ELGAR HOUSE,Active,ENGLAND,False,18C,QGH,,full,1
M81003,WESTFIELD SURGERY,Inactive,ENGLAND,False,18C,QGH,,full,1
M81004,RIVERSIDE SURGERY,Active,ENGLAND,False,18C,QGH,,full,1
M81005,NORTHUMBERLAND HOUSE SURGERY,Active,ENGLAND,False,18C,QGH,,full,1
M81006,SEVERN VALLEY MEDICAL PRACTICE,Active,ENGLAND,False,18C,QGH,,full,1
M81007,BREDON HILL SURGERY,Active,ENGLAND,False,18C,QGH,,full,1
M81008,SPRING GARDENS GROUP MEDICAL PRACTICE,Active,ENGLAND,False,18C,QGH,,full,1
M81009,GOLDEN VALLEY PRACTICE,Active,ENGLAND,False,18C,QGH,,full,1
M81010,KIDDERMINSTER MEDICAL CENTRE,Active,ENGLAND,False,18C,QGH,,full,1
M81011,OMBERSLEY MEDICAL CENTRE,Active,ENGLAND,False,18C,QGH,,full,1
M81012,LEDBURY HEALTH PARTNERSHIP,Active,ENGLAND,False,18C,QGH,,full,1
M81013,KING STREET SURGERY,Inactive,ENGLAND,False,05F,,,full,1
M81014,GREYFRIARS SURGERY,Inactive,ENGLAND,False,05F,,,full,1
M81015,STANMORE HOUSE SURGERY,Active,ENGLAND,False,18C,QGH,,full,1
M81016,RYELAND SURGERY,Active,ENGLAND,False,18C,QGH,,full,1
M81017,ELBURY MOOR MEDICAL CENTRE,Active,ENGLAND,False,18C,QGH,,full,1
M81018,WEOBLEY & STAUNTON ON WYE SURGERIES,Active,ENGLAND,False,18C,QGH,,full,1
M81019,WINYATES HEALTH CENTRE,Active,ENGLAND,False,18C,QGH,,full,1
M81020,THE DOW SURGERY,Active,ENGLAND,False,18C,QGH,,full,1
M81021,NEW ROAD SURGERY BROMSGROVE,Active,ENGLAND,False,18C,QGH,,full,1
M81022,HARESFIELD HOUSE SURGERY,Active,ENGLAND,False,18C,QGH,,full,1
M81023,SARUM HOUSE SURGERY,Inactive,ENGLAND,False,05F,,,full,1
M81024,MUCH BIRCH SURGERY,Active,ENGLAND,False,18C,QGH,,full,1
M81025,NEW ROAD SURGERY,Active,ENGLAND,False,18C,QGH,,full,1
M81026,HEREFORD MEDICAL GROUP,Active,ENGLAND,False,18C,QGH,,full,1
M81027,HAGLEY SURGERY,Active,ENGLAND,False,18C,QGH,,full,1
M81029,NEW BARN CLOSE SURGERY,Active,ENGLAND,False,18C,QGH,,full,1
M81032,CANTILUPE SURGERY,Active,ENGLAND,False,18C,QGH,,full,1
M81033,GREAT WITLEY SURGERY,Active,ENGLAND,False,18C,QGH,,full,1
M81034,SALTERS MEDICAL PRACTICE,Active,ENGLAND,False,18C,QGH,,full,1
M81035,ST MARTIN'S GATE SURGERY,Active,ENGLAND,False,18C,QGH,,full,1
M81037,THORNELOE LODGE SURGERY,Active,ENGLAND,False,18C,QGH,,full,1
M81038,UPTON SURGERY,Active,ENGLAND,False,18C,QGH,,full,1
M81039,WHITEACRES MEDICAL CENTRE,Active,ENGLAND,False,18C,QGH,,full,1
M81040,STOURPORT MEDICAL CENTRE,Active,ENGLAND,False,18C,QGH,,full,1
M81041,HILLVIEW MEDICAL CENTRE,Active,ENGLAND,False,18C,QGH,,full,1
M81042,TENBURY SURGERY,Active,ENGLAND,False,18C,QGH,,full,1
M81043,THE MORTIMER MEDICAL PRAC,Active,ENGLAND,False,18C,QGH,,full,1
M81044,ALTON STREET SURGERY,Active,ENGLAND,False,18C,QGH,,full,1
M81045,KNIGHTWICK SURGERY,Active,ENGLAND,False,18C,QGH,,full,1
M81046,ABBOTTSWOOD MEDICAL CENTRE,Active,ENGLAND,False,18C,QGH,,full,1
M81047,SPA MEDICAL PRACTICE,Active,ENGLAND,False,18C,QGH,,full,1
M81048,NUNWELL SURGERY,Active,ENGLAND,False,18C,QGH,,full,1
M81049,BARBOURNE HEALTH CENTRE,Active,ENGLAND,False,18C,QGH,,full,1
M81053,DR HAKEEM & DR AHMAD,Inactive,ENGLAND,False,,,,archive,1
M81054,KINGTON MEDICAL PRACTICE,Active,ENGLAND,False,18C,QGH,,full,1
M81055,CORNHILL SURGERY,Active,ENGLAND,False,18C,QGH,,full,1
M81056,THE CHURCH STREET PRACTICE,Active,ENGLAND,False,18C,QGH,,full,1
M81057,BEWDLEY MEDICAL CENTRE,Active,ENGLAND,False,18C,QGH,,full,1
M81058,MERSTOW GREEN MEDICAL PRACTICE,Active,ENGLAND,False,18C,QGH,,full,1
M81061,PENDEEN SURGERY,Active,ENGLAND,False,18C,QGH,,full,1
M81062,FRANKLEY HEALTH CENTRE,Inactive,ENGLAND,False,15E,QHL,,full,1
M81063,ST JOHNS HOUSE SURGERY,Active,ENGLAND,False,18C,QGH,,full,1
M81064,HOLLYWOOD MEDICAL CENTRE,Active,ENGLAND,False,18C,QGH,,full,1
M81065,KIDDERMINSTER HEALTH CENTRE,Inactive,ENGLAND,False,06D,,,full,1
M81066,WARGRAVE HOUSE SURGERY,Active,ENGLAND,False,18C,QGH,,full,1
M81067,THE SURGERY KINGSTONE,Active,ENGLAND,False,18C,QGH,,full,1
M81068,AYLMER LODGE COOKLEY PARTNERSHIP,Active,ENGLAND,False,18C,QGH,,full,1
M81069,DAVENAL HOUSE SURGERY PARTNERSHIP,Active,ENGLAND,False,18C,QGH,,full,1
M81070,CHURCHFIELDS SURGERY,Active,ENGLAND,False,18C,QGH,,full,1
M81072,ALBANY HOUSE SURGERY,Active,ENGLAND,False,18C,QGH,,full,1
M81073,STOURPORT HEALTH CENTRE,Inactive,ENGLAND,False,18C,QGH,,full,1
M81074,PERSHORE MEDICAL PRACTICE,Active,ENGLAND,False,18C,QGH,,full,1
M81075,MALVERN HEALTH CENTRE,Active,ENGLAND,False,18C,QGH,,full,1
M81076,COLWALL SURGERY,Active,ENGLAND,False,18C,QGH,,full,1
M81077,THE RIDGEWAY SURGERY,Active,ENGLAND,False,18C,QGH,,full,1
M81078,BARNT GREEN SURGERY,Active,ENGLAND,False,18C,QGH,,full,1
M81079,LINK END SURGERY,Inactive,ENGLAND,False,05T,,,full,1
M81080,QUAY HOUSE MEDICAL CENTRE,Inactive,ENGLAND,False,05F,,,full,1
M81081,ST SAVIOURS SURGERY,Active,ENGLAND,False,18C,QGH,,full,1
M81082,ST. JOHNS SURGERY,Active,ENGLAND,False,18C,QGH,,full,1
M81083,HOLLYOAKS MEDICAL CENTRE,Active,ENGLAND,False,18C,QGH,,full,1
M81084,CATSHILL VILLAGE SURGERY,Active,ENGLAND,False,18C,QGH,,full,1
M81087,THE WOODROW MEDICAL CTRE,Inactive,ENGLAND,False,18C,QGH,,full,1
M81089,MAPLE VIEW MEDICAL PRACTICE,Inactive,ENGLAND,False,18C,QGH,,full,1
M81090,CHADDESLEY SURGERY,Active,ENGLAND,False,18C,QGH,,full,1
M81091,CORBETT MEDICAL PRACTICE,Active,ENGLAND,False,18C,QGH,,full,1
M81092,THE BRIDGE SURGERY,Active,ENGLAND,False,18C,QGH,,full,1
M81093,BELMONT MEDICAL CENTRE,Active,ENGLAND,False,18C,QGH,,full,1
M81094,ABBEY MEDICAL PRACTICE,Active,ENGLAND,False,18C,QGH,,full,1
M81600,CRADLEY SURGERY,Active,ENGLAND,False,18C,QGH,,full,1
M81604,FOWNHOPE MEDICAL CENTRE,Active,ENGLAND,False,18C,QGH,,full,1
M81605,THE GLEBELAND SURGERY,Active,ENGLAND,False,18C,QGH,,full,1
M81606,AYLMER LODGE COOKLEY PARTNERSHIP,Inactive,ENGLAND,False,,,,archive,1
M81608,WOLVERLEY SURGERY,Active,ENGLAND,False,18C,QGH,,full,1
M81616,CRABBS CROSS MEDICAL CENTRE,Active,ENGLAND,False,18C,QGH,,full,1
M81617,CRABBS CROSS SURGERY,Active,ENGLAND,False,18C,QGH,,full,1
M81621,LEDBURY MARKET SURGERY,Inactive,ENGLAND,False,18C,QGH,,full,1
M81627,DEMONTFORT MEDICAL CENTRE,Active,ENGLAND,False,18C,QGH,,full,1
M81629,NEW COURT SURGERY,Active,ENGLAND,False,18C,QGH,,full,1
M82001,MADELEY HEALTH CENTRE,Inactive,ENGLAND,False,05X,QOC,,archive,1
M82002,MYTTON OAK MEDICAL PRACT.,Active,ENGLAND,False,M2L0M,QOC,,full,1
M82003,STIRCHLEY MEDICAL PRACTICE,Active,ENGLAND,False,M2L0M,QOC,,full,1
M82004,BRIDGNORTH MEDICAL PRACTICE,Active,ENGLAND,False,M2L0M,QOC,,full,1
M82005,PLAS FFYNNON MEDICAL CTRE,Active,ENGLAND,False,M2L0M,QOC,,full,1
M82006,RIVERSIDE MED PRACTICE,Active,ENGLAND,False,M2L0M,QOC,,full,1
M82007,CHARLTON MEDICAL PRACTICE,Active,ENGLAND,False,M2L0M,QOC,,full,1
M82008,CHURCH STRETTON MEDICAL CENTRE,Active,ENGLAND,False,M2L0M,QOC,,full,1
M82009,DAWLEY MEDICAL PRACTICE,Active,ENGLAND,False,M2L0M,QOC,,full,1
M82010,MARKET DRAYTON MEDICAL PRACTICE,Active,ENGLAND,False,M2L0M,QOC,,full,1
M82011,SHAWBURY MEDICAL PRACTICE,Active,ENGLAND,False,M2L0M,QOC,,full,1
M82012,DONNINGTON MEDICAL PRACTICE,Active,ENGLAND,False,M2L0M,QOC,,full,1
M82013,WESTBURY MEDICAL CENTRE,Active,ENGLAND,False,M2L0M,QOC,,full,1
M82014,STATION DRIVE SURGERY,Active,ENGLAND,False,M2L0M,QOC,,full,1
M82015,CAMBRIAN SURGERY,Inactive,ENGLAND,False,,,,archive,1
M82016,RADBROOK GREEN SURGERY,Active,ENGLAND,False,M2L0M,QOC,,full,1
M82017,CLIVE MEDICAL PRACTICE,Active,ENGLAND,False,M2L0M,QOC,,full,1
M82018,BEECHES MEDICAL PRACTICE,Active,ENGLAND,False,M2L0M,QOC,,full,1
M82019,MUCH WENLOCK & CRESSAGE MEDICAL PRACTICE,Active,ENGLAND,False,M2L0M,QOC,,full,1
M82020,KNOCKIN MEDICAL CENTRE,Active,ENGLAND,False,M2L0M,QOC,,full,1
M82021,ALBRIGHTON MEDICAL PRACT,Active,ENGLAND,False,M2L0M,QOC,,full,1
M82022,THE CAXTON SURGERY,Active,ENGLAND,False,M2L0M,QOC,,full,1
M82023,PRESCOTT SURGERY,Active,ENGLAND,False,M2L0M,QOC,,full,1
M82024,BROWN CLEE MEDICAL CENTRE,Active,ENGLAND,False,M2L0M,QOC,,full,1
M82025,CHURCHMERE MEDICAL GROUP,Active,ENGLAND,False,M2L0M,QOC,,full,1
M82026,CAMBRIAN MEDICAL PRACTICE,Active,ENGLAND,False,M2L0M,QOC,,full,1
M82027,SUTTON HILL MEDICAL PRACTICE,Inactive,ENGLAND,False,05X,QOC,,full,1
M82028,WELLINGTON ROAD SURGERY,Active,ENGLAND,False,M2L0M,QOC,,full,1
M82029,OAKENGATES MEDICAL PRACTICE,Inactive,ENGLAND,False,05X,QOC,,full,1
M82030,PONTESBURY & WORTHEN MEDICAL PRACTICE,Active,ENGLAND,False,M2L0M,QOC,,full,1
M82031,HIGHLEY MEDICAL CENTRE,Inactive,ENGLAND,False,M2L0M,QOC,,full,1
M82032,SEVERN FIELDS MEDICAL PRACTICE,Active,ENGLAND,False,M2L0M,QOC,,full,1
M82033,BISHOPS CASTLE MEDICAL PRACTICE,Active,ENGLAND,False,M2L0M,QOC,,full,1
M82034,CLAREMONT BANK SURGERY,Active,ENGLAND,False,M2L0M,QOC,,full,1
M82035,WEM AND PREES MEDICAL PRACTICE,Active,ENGLAND,False,M2L0M,QOC,,full,1
M82038,SHIFNAL & PRIORSLEE MEDICAL PRACTICE,Active,ENGLAND,False,M2L0M,QOC,,full,1
M82039,WELLINGTON MEDICAL PRACTICE,Active,ENGLAND,False,M2L0M,QOC,,full,1
M82040,MARYSVILLE MEDICAL PRACT,Active,ENGLAND,False,M2L0M,QOC,,full,1
M82041,CLEOBURY MORTIMER SURGERY,Active,ENGLAND,False,M2L0M,QOC,,full,1
M82042,WOODSIDE MEDICAL PRACTICE,Active,ENGLAND,False,M2L0M,QOC,,full,1
M82043,LUDLOW - PORTCULLIS,Active,ENGLAND,False,M2L0M,QOC,,full,1
M82044,DODINGTON SURGERY,Inactive,ENGLAND,False,M2L0M,QOC,,full,1
M82045,BRIDGEWATER FAMILY MEDICAL PRACTICE,Inactive,ENGLAND,False,05N,QOC,,full,1
M82046,CRAVEN ARMS SURGERY,Active,ENGLAND,False,M2L0M,QOC,,full,1
M82047,MARDEN MEDICAL PRACTICE,Active,ENGLAND,False,M2L0M,QOC,,full,1
M82048,BELVIDERE MEDICAL PRACT.,Active,ENGLAND,False,M2L0M,QOC,,full,1
M82050,MOUNT PLEASANT MEDICAL PRACTICE,Inactive,ENGLAND,False,05N,QOC,,full,1
M82051,BROSELEY MEDICAL PRACTICE,Active,ENGLAND,False,M2L0M,QOC,,full,1
M82054,HADLEY MEDICAL PRACTICE,Inactive,ENGLAND,False,05X,QOC,,archive,1
M82055,RICHMOND HOUSE SURGERY,Inactive,ENGLAND,False,05N,QOC,,full,1
M82056,LINDEN HALL SURGERY,Active,ENGLAND,False,M2L0M,QOC,,full,1
M82057,HOLLINSWOOD SURGERY,Active,ENGLAND,False,M2L0M,QOC,,full,1
M82058,HODNET MEDICAL PRACTICE,Active,ENGLAND,False,M2L0M,QOC,,full,1
M82059,SHAWBIRCH MEDICAL CENTRE,Active,ENGLAND,False,M2L0M,QOC,,full,1
M82060,SOUTH HERMITAGE SURGERY,Active,ENGLAND,False,M2L0M,QOC,,full,1
M82601,ALVELEY MEDICAL PRACTICE,Active,ENGLAND,False,M2L0M,QOC,,full,1
M82604,WORTHEN MEDICAL PRACTICE,Inactive,ENGLAND,False,M2L0M,QOC,,full,1
M82606,IRONBRIDGE MEDICAL PRACTICE,Active,ENGLAND,False,M2L0M,QOC,,full,1
M82607,LEEGOMERY SURGERY,Inactive,ENGLAND,False,05X,QOC,,archive,1
M82612,HOLLIWELL PRACTICE,Inactive,ENGLAND,False,05X,QOC,,archive,1
M82616,COURT STREET MEDICAL PRACTICE,Active,ENGLAND,False,M2L0M,QOC,,full,1
M82619,LAWLEY MEDICAL PRACTICE,Inactive,ENGLAND,False,05X,QOC,,full,1
M82620,THE MEADOWS MEDICAL PRACTICE,Active,ENGLAND,False,M2L0M,QOC,,full,1
M83001,HORSEFAIR PRACTICE,Active,ENGLAND,False,04Y,QNC,,full,1
M83004,MAYFIELD SURGERY,Active,ENGLAND,False,05W,QNC,,full,1
M83005,HEATHCOTE STREET SURGERY,Active,ENGLAND,False,05G,QNC,,full,1
M83006,THE WESTGATE PRACTICE,Active,ENGLAND,False,05Q,QNC,,full,1
M83007,THE VILLAGE SURGERY,Active,ENGLAND,False,05G,QNC,,full,1
M83009,BREWOOD MEDICAL PRACTICE,Active,ENGLAND,False,05V,QNC,,full,1
M83010,GORDON STREET SURGERY,Active,ENGLAND,False,05D,QNC,,full,1
M83011,WERRINGTON VILLAGE SURGERY,Active,ENGLAND,False,05G,QNC,,full,1
M83012,LEEK HEALTH CENTRE,Active,ENGLAND,False,05G,QNC,,full,1
M83013,YOXALL,Active,ENGLAND,False,05D,QNC,,full,1
M83014,TRENT VALE MEDICAL PRACTICE,Active,ENGLAND,False,05W,QNC,,full,1
M83015,MADELEY PRACTICE,Active,ENGLAND,False,05G,QNC,,full,1
M83016,HIGH STREET SURGERY,Active,ENGLAND,False,04Y,QNC,,full,1
M83017,ASHLEY SURGERY,Active,ENGLAND,False,05G,QNC,,full,1
M83018,GRAVEL HILL SURGERY,Active,ENGLAND,False,05Q,QNC,,full,1
M83020,CUMBERLAND HOUSE,Active,ENGLAND,False,05V,QNC,,full,1
M83021,FURLONG MEDICAL CENTRE,Active,ENGLAND,False,05W,QNC,,full,1
M83022,HAZELDENE HOUSE SURGERY,Active,ENGLAND,False,05V,QNC,,full,1
M83023,KIDSGROVE MEDICAL CENTRE,Active,ENGLAND,False,05G,QNC,,full,1
M83024,CASTLEFIELDS,Active,ENGLAND,False,05V,QNC,,full,1
M83025,MILLER STREET SURGERY,Active,ENGLAND,False,05G,QNC,,full,1
M83026,CARLTON STREET SURGERY,Active,ENGLAND,False,05D,QNC,,full,1
M83027,TRENT MEADOWS,Active,ENGLAND,False,05D,QNC,,full,1
M83028,GLEBEDALE MEDICAL PRACTICE,Active,ENGLAND,False,05W,QNC,,full,1
M83030,THE LANGTON MEDICAL GROUP,Active,ENGLAND,False,05Q,QNC,,full,1
M83031,RUSSELL HOUSE SURGERY,Active,ENGLAND,False,05Q,QNC,,full,1
M83032,THE ALDERGATE MED.PRACT.,Active,ENGLAND,False,05Q,QNC,,full,1
M83033,HEDNESFORD MEDICAL PRACTICE,Active,ENGLAND,False,04Y,QNC,,full,1
M83034,SILVERDALE MEDICAL CENTRE,Active,ENGLAND,False,05G,QNC,,full,1
M83035,ALREWAS,Active,ENGLAND,False,05D,QNC,,full,1
M83036,RISING BROOK,Active,ENGLAND,False,05V,QNC,,full,1
M83037,TUTBURY HEALTH CENTRE,Active,ENGLAND,False,05D,QNC,,full,1
M83038,ORCHARD SURGERY,Active,ENGLAND,False,05W,QNC,,full,1
M83041,MOSS GROVE SURGERY KINVER,Inactive,ENGLAND,False,D2P2L,QUA,,full,1
M83042,BRIDGE SURGERY,Active,ENGLAND,False,05D,QNC,,full,1
M83043,ANCHOR MEDICAL PRACTICE,Inactive,ENGLAND,False,05Q,QNC,,archive,1
M83044,STAFFORD HEALTH AND WELLBEING,Active,ENGLAND,False,05V,QNC,,full,1
M83045,PENKRIDGE MEDICAL PRACTICE,Active,ENGLAND,False,05V,QNC,,full,1
M83046,BIDDULPH VALLEY SURGERY,Active,ENGLAND,False,05G,QNC,,full,1
M83047,MEIR PARK & WESTON COYNEY MEDICAL PRACT,Active,ENGLAND,False,05W,QNC,,full,1
M83048,THE NILE PRACTICE,Active,ENGLAND,False,04Y,QNC,,full,1
M83049,HOLMCROFT,Active,ENGLAND,False,05V,QNC,,full,1
M83050,WOLVERHAMPTON ROAD SURGERY,Active,ENGLAND,False,05V,QNC,,full,1
M83051,WETMORE ROAD SURGERY,Active,ENGLAND,False,05D,QNC,,full,1
M83052,WEEPING CROSS HEALTH CENTRE,Active,ENGLAND,False,05V,QNC,,full,1
M83054,AUDLEY HEALTH CENTRE,Active,ENGLAND,False,05G,QNC,,full,1
M83056,WOLSTANTON MEDICAL CENTRE,Active,ENGLAND,False,05G,QNC,,full,1
M83057,MILL BANK,Active,ENGLAND,False,05V,QNC,,full,1
M83059,ABBOTS BROMLEY SURGERY,Active,ENGLAND,False,05D,QNC,,full,1
M83061,MILLRISE MEDICAL PRACTICE,Active,ENGLAND,False,05W,QNC,,full,1
M83062,LAUREL HOUSE SURGERY,Active,ENGLAND,False,05Q,QNC,,full,1
M83063,NORTON CANES HEALTH CENTRE,Active,ENGLAND,False,04Y,QNC,,full,1
M83064,WILNECOTE SURGERY,Inactive,ENGLAND,False,05Q,QNC,,full,1
M83065,BARTON,Active,ENGLAND,False,05D,QNC,,full,1
M83066,HARTSHILL MEDICAL CENTRE,Active,ENGLAND,False,05W,QNC,,full,1
M83067,LYME VALLEY MEDICAL CENTRE,Active,ENGLAND,False,05G,QNC,,full,1
M83068,BELGRAVE MEDICAL CENTRE,Active,ENGLAND,False,05W,QNC,,full,1
M83069,MANSION HOUSE,Active,ENGLAND,False,05V,QNC,,full,1
M83070,GNOSALL,Active,ENGLAND,False,05V,QNC,,full,1
M83071,PARK MEDICAL CENTRE,Active,ENGLAND,False,05G,QNC,,full,1
M83072,SALTERS MEADOW HEALTH CTR,Active,ENGLAND,False,05Q,QNC,,full,1
M83073,STAPENHILL MEDICAL CENTRE,Active,ENGLAND,False,05D,QNC,,full,1
M83074,BALANCE STREET,Active,ENGLAND,False,05D,QNC,,full,1
M83075,NORFOLK STREET SURGERY,Active,ENGLAND,False,05W,QNC,,full,1
M83076,HARLEY STREET MEDICAL CTR,Active,ENGLAND,False,05W,QNC,,full,1
M83078,CLOISTERS MEDICAL PRACT.,Inactive,ENGLAND,False,05Q,QNC,,full,1
M83079,DR J GREIG & PARTNERS,Active,ENGLAND,False,05G,QNC,,full,1
M83080,LANDYWOOD LANE SURGERY,Inactive,ENGLAND,False,04Y,QNC,,full,1
M83082,THE HAYMARKET HEALTH CTR,Inactive,ENGLAND,False,05W,QNC,,full,1
M83084,MOUNT ROAD PRACTICE,Active,ENGLAND,False,05G,QNC,,full,1
M83088,HOLLIES PRACTICE,Active,ENGLAND,False,05Q,QNC,,full,1
M83089,BIDDULPH DOCTORS,Active,ENGLAND,False,05G,QNC,,full,1
M83090,DUNROBIN STREET MEDICAL CENTRE,Active,ENGLAND,False,05W,QNC,,full,1
M83092,CROWN SURGERY,Active,ENGLAND,False,05V,QNC,,full,1
M83093,DALE MEDICAL PRACTICE,Active,ENGLAND,False,05Q,QNC,,full,1
M83094,BROOK MEDICAL CENTRE,Active,ENGLAND,False,05W,QNC,,full,1
M83096,TARDIS SURGERY,Active,ENGLAND,False,05G,QNC,,full,1
M83097,BILBROOK MEDICAL CENTRE,Active,ENGLAND,False,05Q,QNC,,full,1
M83100,DR RAJU AND PARTNERS,Active,ENGLAND,False,05W,QNC,,full,1
M83102,POTTERIES MEDICAL CENTRE,Active,ENGLAND,False,05W,QNC,,full,1
M83103,ALLEN STREET CLINIC,Active,ENGLAND,False,05G,QNC,,full,1
M83107,ALDERWOOD MEDICAL PRACTICE,Active,ENGLAND,False,04Y,QNC,,full,1
M83108,WELL STREET MEDICAL CENTRE,Active,ENGLAND,False,05G,QNC,,full,1
M83109,DR MANICKAM & PARTNER,Active,ENGLAND,False,04Y,QNC,,full,1
M83110,HEATHVIEW MEDICAL PRACTICE,Active,ENGLAND,False,05Q,QNC,,full,1
M83111,RIVERSIDE SURGERY,Active,ENGLAND,False,05Q,QNC,,full,1
M83113,DR KHARE'S SURGERY,Active,ENGLAND,False,05Q,QNC,,full,1
M83115,BONEY HAY SURGERY,Inactive,ENGLAND,False,05Q,QNC,,full,1
M83117,CROWN MEDICAL PRACTICE,Active,ENGLAND,False,05Q,QNC,,full,1
M83121,TEAN SURGERY,Active,ENGLAND,False,05G,QNC,,full,1
M83122,WATERHOUSES MEDICAL PRACT,Active,ENGLAND,False,05G,QNC,,full,1
M83123,BIRCHES HEAD MEDICAL CTR.,Active,ENGLAND,False,05W,QNC,,full,1
M83125,CLAVERLEY,Active,ENGLAND,False,05Q,QNC,,full,1
M83126,LONGTON HALL SURGERY,Active,ENGLAND,False,05W,QNC,,full,1
M83127,COBRIDGE SURGERY,Active,ENGLAND,False,05W,QNC,,full,1
M83128,MERTON SURGERY,Inactive,ENGLAND,False,05W,QNC,,full,1
M83129,HEATH HAYES HEALTH CENTRE,Active,ENGLAND,False,04Y,QNC,,full,1
M83130,RED LION SURGERY,Active,ENGLAND,False,04Y,QNC,,full,1
M83132,LAKESIDE,Active,ENGLAND,False,05Q,QNC,,full,1
M83133,PRACTICE OF DR GT CHAND,Inactive,ENGLAND,False,05W,QNC,,full,1
M83134,THE SURGERY FODEN STREET,Inactive,ENGLAND,False,05W,QNC,,full,1
M83138,HANFORD GP,Active,ENGLAND,False,05W,QNC,,full,1
M83139,MOSS STREET SURGERY,Active,ENGLAND,False,04Y,QNC,,full,1
M83140,HIGHERLAND SURGERY,Active,ENGLAND,False,05G,QNC,,full,1
M83141,KINGSBRIDGE MEDICAL CENTRE,Active,ENGLAND,False,05G,QNC,,full,1
M83143,GOLDENHILL MEDICAL CENTRE,Active,ENGLAND,False,05W,QNC,,full,1
M83146,THE MOORCROFT MEDICAL CTR,Active,ENGLAND,False,05W,QNC,,full,1
M83148,THE PEEL MEDICAL PRACTICE,Active,ENGLAND,False,05Q,QNC,,full,1
M83601,BRINSLEY AVENUE PRACTICE,Active,ENGLAND,False,05W,QNC,,full,1
M83608,QUINTON PRACTICE,Active,ENGLAND,False,04Y,QNC,,full,1
M83613,WARDLES LANE SURGERY,Inactive,ENGLAND,False,04Y,QNC,,full,1
M83616,DR I RASIB & PARTNERS,Active,ENGLAND,False,04Y,QNC,,full,1
M83617,DARWIN MEDICAL CENTRE,Active,ENGLAND,False,05Q,QNC,,full,1
M83619,HONEYWALL MEDICAL PRACTICE,Active,ENGLAND,False,05W,QNC,,full,1
M83623,SNOWHILL MEDICAL CENTRE,Inactive,ENGLAND,False,05W,QNC,,full,1
M83624,CAMBRIDGE HOUSE,Active,ENGLAND,False,05W,QNC,,full,1
M83625,PRIMA CARE SURGERIES,Active,ENGLAND,False,05W,QNC,,full,1
M83627,APSLEY SURGERY,Active,ENGLAND,False,05W,QNC,,full,1
M83629,DRAYTON ROAD SURGERY,Inactive,ENGLAND,False,05W,QNC,,full,1
M83631,PRACTICE OF DR BD PATEL,Inactive,ENGLAND,False,05W,QNC,,full,1
M83632,TRINITY MEDICAL CENTRE,Active,ENGLAND,False,05W,QNC,,full,1
M83637,CHADSMOOR MEDICAL PRACTICE,Active,ENGLAND,False,04Y,QNC,,full,1
M83638,THE COLLIERY PRACTICE,Active,ENGLAND,False,04Y,QNC,,full,1
M83639,DR A YI,Inactive,ENGLAND,False,04Y,QNC,,full,1
M83640,ALTON SURGERY,Active,ENGLAND,False,05G,QNC,,full,1
M83641,MILL VIEW SURGERY,Active,ENGLAND,False,05D,QNC,,full,1
M83650,TUNSTALL PRIMARY CARE CENTRE,Active,ENGLAND,False,05W,QNC,,full,1
M83661,ADDERLEY GREEN SURGERY,Active,ENGLAND,False,05W,QNC,,full,1
M83662,NEWHALL STREET SURGERY,Inactive,ENGLAND,False,,,,archive,1
M83665,R J MITCHELL MEDICAL CENTRE,Inactive,ENGLAND,False,05G,QNC,,full,1
M83668,TAMAR MEDICAL CENTRE,Active,ENGLAND,False,05Q,QNC,,full,1
M83669,DR SONNATHI'S SURGERY,Inactive,ENGLAND,False,05W,QNC,,full,1
M83670,KEELE PRACTICE,Active,ENGLAND,False,05G,QNC,,full,1
M83678,PRACTICE OF DR HA TALPUR,Inactive,ENGLAND,False,05W,QNC,,full,1
M83680,NORTHGATE SURGERY,Active,ENGLAND,False,05D,QNC,,full,1
M83681,ALL SAINTS SURGERY,Active,ENGLAND,False,05D,QNC,,full,1
M83682,LUCIE WEDGEWOOD SURGERY LTD,Active,ENGLAND,False,05W,QNC,,full,1
M83691,BETLEY SURGERY,Active,ENGLAND,False,05G,QNC,,full,1
M83692,FULFEN PRACTICE,Inactive,ENGLAND,False,05Q,QNC,,full,1
M83693,TRI-LINKS MEDICAL PRACTICE,Active,ENGLAND,False,05Q,QNC,,full,1
M83695,THE HIGH RIDGE SURGERY,Inactive,ENGLAND,False,,,,archive,1
M83697,MILEHOUSE MEDICAL PRACTICE,Active,ENGLAND,False,05G,QNC,,full,1
M83698,SOUTHFIELD WAY SURGERY,Active,ENGLAND,False,04Y,QNC,,full,1
M83700,FIVE TOWNS GP SURGERY,Inactive,ENGLAND,False,05W,QNC,,full,1
M83701,TALKE PITS CLINIC,Active,ENGLAND,False,05G,QNC,,full,1
M83703,BRERETON SURGERY,Active,ENGLAND,False,04Y,QNC,,full,1
M83705,TRINITY SURGERY,Inactive,ENGLAND,False,05Q,QNC,,full,1
M83706,STONYDELPH MEDICAL PRACTICE,Inactive,ENGLAND,False,05Q,QNC,,full,1
M83708,WESTON COYNEY MEDICAL PRACTICE,Inactive,ENGLAND,False,05W,QNC,,full,1
M83709,BADDELEY GREEN SURGERY,Active,ENGLAND,False,05W,QNC,,full,1
M83711,TRENTHAM MEWS MEDICAL CENTRE,Active,ENGLAND,False,05W,QNC,,full,1
M83712,PRACTICE OF DR AK SINHA,Inactive,ENGLAND,False,05W,QNC,,full,1
M83713,MEIR MEDICAL PRACTICE,Active,ENGLAND,False,05W,QNC,,full,1
M83714,PRACTICE OF DR SB KULKARNI,Inactive,ENGLAND,False,05W,QNC,,full,1
M83715,FEATHERSTONE,Active,ENGLAND,False,05Q,QNC,,full,1
M83717,NORTON CANES SURGERY,Active,ENGLAND,False,04Y,QNC,,full,1
M83718,PEEL CROFT,Active,ENGLAND,False,05D,QNC,,full,1
M83719,RAWNSLEY SURGERY,Active,ENGLAND,False,04Y,QNC,,full,1
M83722,DR M MURUGAN,Inactive,ENGLAND,False,04Y,QNC,,full,1
M83723,LOOMER MEDICAL PARTNERSHIP,Active,ENGLAND,False,05G,QNC,,full,1
M83725,BLURTON MEDICAL PRACTICE,Active,ENGLAND,False,05W,QNC,,full,1
M83726,CARLTON GROUP PRACTICE,Inactive,ENGLAND,False,05D,QNC,,full,1
M83727,NORTON CANES PRACTICE,Active,ENGLAND,False,04Y,QNC,,full,1
M83733,DRS YARRA & JOHN,Inactive,ENGLAND,False,05Q,QNC,,full,1
M83738,AELFGAR SURGERY,Active,ENGLAND,False,04Y,QNC,,full,1
M83739,PACKMOOR MEDICAL CENTRE,Inactive,ENGLAND,False,05W,QNC,,full,1
M84001,RED ROOFS SURGERY,Active,ENGLAND,False,B2M3M,QWU,,full,1
M84002,POOL MEDICAL CENTRE,Active,ENGLAND,False,B2M3M,QWU,,full,1
M84003,ARBURY MEDICAL CENTRE,Active,ENGLAND,False,B2M3M,QWU,,full,1
M84004,WHITEHALL MEDICAL PRACTICE,Active,ENGLAND,False,B2M3M,QWU,,full,1
M84005,CHAPEL END SURGERY,Active,ENGLAND,False,B2M3M,QWU,,full,1
M84006,PEAR TREE SURGERY,Active,ENGLAND,False,B2M3M,QWU,,full,1
M84007,DORDON & POLESWORTH GROUP PRACTICE,Active,ENGLAND,False,B2M3M,QWU,,full,1
M84008,SPRING HILL MEDICAL CENTRE,Active,ENGLAND,False,B2M3M,QWU,,full,1
M84009,FENNY COMPTON SURGERY,Active,ENGLAND,False,B2M3M,QWU,,full,1
M84010,AVONSIDE HEALTH CENTRE,Active,ENGLAND,False,B2M3M,QWU,,full,1
M84011,BEDWORTH HEALTH CENTRE,Active,ENGLAND,False,B2M3M,QWU,,full,1
M84012,PARK LEYS MEDICAL PRACTICE,Active,ENGLAND,False,B2M3M,QWU,,full,1
M84013,CASTLE MEDICAL CENTRE,Active,ENGLAND,False,B2M3M,QWU,,full,1
M84014,BRIDGE HOUSE MEDICAL CENTRE,Active,ENGLAND,False,B2M3M,QWU,,full,1
M84015,CROFT MEDICAL CENTRE,Active,ENGLAND,False,B2M3M,QWU,,full,1
M84016,WOLSTON SURGERY,Active,ENGLAND,False,B2M3M,QWU,,full,1
M84017,CLARENDON LODGE MEDICAL CENTRE,Active,ENGLAND,False,B2M3M,QWU,,full,1
M84018,BIDFORD HEALTH CENTRE,Active,ENGLAND,False,B2M3M,QWU,,full,1
M84019,THE ATHERSTONE SURGERY,Active,ENGLAND,False,B2M3M,QWU,,full,1
M84020,CLIFTON ROAD SURGERY,Active,ENGLAND,False,B2M3M,QWU,,full,1
M84021,ROTHER HOUSE MEDICAL CENTRE,Active,ENGLAND,False,B2M3M,QWU,,full,1
M84022,MANOR COURT SURGERY,Active,ENGLAND,False,B2M3M,QWU,,full,1
M84023,CENTRAL SURGERY,Active,ENGLAND,False,B2M3M,QWU,,full,1
M84024,HENLEY-IN-ARDEN MED CTR,Active,ENGLAND,False,B2M3M,QWU,,full,1
M84025,SHIPSTON MEDICAL CENTRE,Active,ENGLAND,False,B2M3M,QWU,,full,1
M84026,SOUTHAM SURGERY,Active,ENGLAND,False,B2M3M,QWU,,full,1
M84027,LEICESTER ROAD,Inactive,ENGLAND,False,,,,archive,1
M84028,PRIORY MEDICAL CENTRE,Active,ENGLAND,False,B2M3M,QWU,,full,1
M84029,VALLEY ROAD MEDICAL PRACTICE,Active,ENGLAND,False,B2M3M,QWU,,full,1
M84030,HASTINGS HOUSE SURGERY,Active,ENGLAND,False,B2M3M,QWU,,full,1
M84031,REVEL SURGERY,Active,ENGLAND,False,B2M3M,QWU,,full,1
M84032,WATERSIDE MEDICAL CENTRE,Active,ENGLAND,False,B2M3M,QWU,,full,1
M84034,WHITESTONE SURGERY,Active,ENGLAND,False,B2M3M,QWU,,full,1
M84035,WESTSIDE MEDICAL CENTRE,Active,ENGLAND,False,B2M3M,QWU,,full,1
M84036,ABBEY MEDICAL CENTRE,Active,ENGLAND,False,B2M3M,QWU,,full,1
M84037,THE GRANGE MEDICAL CENTRE,Active,ENGLAND,False,B2M3M,QWU,,full,1
M84038,CAPE ROAD SURGERY,Inactive,ENGLAND,False,05R,QWU,,full,1
M84040,SHERBOURNE MEDICAL CENTRE,Active,ENGLAND,False,B2M3M,QWU,,full,1
M84041,RIVERSLEY ROAD SURGERY,Active,ENGLAND,False,B2M3M,QWU,,full,1
M84042,HAZELWOOD GROUP PRACTICE,Active,ENGLAND,False,B2M3M,QWU,,full,1
M84043,TRINITY COURT SURGERY,Active,ENGLAND,False,B2M3M,QWU,,full,1
M84044,HARBURY SURGERY,Active,ENGLAND,False,B2M3M,QWU,,full,1
M84045,DR REILY & PARTNERS,Inactive,ENGLAND,False,05H,QWU,,full,1
M84046,DUNCHURCH SURGERY,Active,ENGLAND,False,B2M3M,QWU,,full,1
M84047,TANWORTH-IN-ARDEN MED CTR,Active,ENGLAND,False,B2M3M,QWU,,full,1
M84048,SATIS HOUSE,Inactive,ENGLAND,False,,,,archive,1
M84049,ALCESTER HEALTH CENTRE,Active,ENGLAND,False,B2M3M,QWU,,full,1
M84050,MARKET QUARTER MEDICAL PRACTICE,Active,ENGLAND,False,B2M3M,QWU,,full,1
M84051,OLD MILL SURGERY,Active,ENGLAND,False,B2M3M,QWU,,full,1
M84055,STOCKINGFORD MEDICAL CENTRE,Active,ENGLAND,False,B2M3M,QWU,,full,1
M84057,THE CHAUCERS SURGERY,Inactive,ENGLAND,False,,,,archive,1
M84059,SPA MEDICAL CENTRE,Active,ENGLAND,False,B2M3M,QWU,,full,1
M84060,THE ARROW SURGERY,Active,ENGLAND,False,B2M3M,QWU,,full,1
M84061,BULKINGTON SURGERY,Active,ENGLAND,False,B2M3M,QWU,,full,1
M84062,VALE OF RED HORSE,Active,ENGLAND,False,B2M3M,QWU,,full,1
M84063,CHASE MEADOW HEALTH CENTRE,Active,ENGLAND,False,B2M3M,QWU,,full,1
M84064,WHITNASH MEDICAL CENTRE,Active,ENGLAND,False,B2M3M,QWU,,full,1
M84065,BEECH TREE MEDICAL PRACTICE,Active,ENGLAND,False,B2M3M,QWU,,full,1
M84066,MEON MEDICAL CENTRE,Active,ENGLAND,False,B2M3M,QWU,,full,1
M84067,BENNFIELD SURGERY,Active,ENGLAND,False,B2M3M,QWU,,full,1
M84068,ALBERT STREET MEDICAL CENTRE,Inactive,ENGLAND,False,05A,QWU,,archive,1
M84069,BUDBROOKE MEDICAL CENTRE,Active,ENGLAND,False,B2M3M,QWU,,full,1
M84070,WARWICK GATES FAM.HTH.CTR,Active,ENGLAND,False,B2M3M,QWU,,full,1
M84603,LISLE COURT MEDICAL CTRE,Inactive,ENGLAND,False,05R,QWU,,full,1
M84608,STUDLEY HEALTH CENTRE,Inactive,ENGLAND,False,05R,QWU,,full,1
M84609,WOODLANDS SURGERY,Active,ENGLAND,False,B2M3M,QWU,,full,1
M84612,STATION STREET SURGERY,Active,ENGLAND,False,B2M3M,QWU,,full,1
M84615,HARTSHILL HEALTH CENTRE,Active,ENGLAND,False,B2M3M,QWU,,full,1
M84616,BROOKSIDE SURGERY,Active,ENGLAND,False,B2M3M,QWU,,full,1
M84617,ARDEN MEDICAL CENTRE,Inactive,ENGLAND,False,05R,QWU,,full,1
M84618,RUGBY ROAD SURGERY,Active,ENGLAND,False,B2M3M,QWU,,full,1
M84620,LAPWORTH SURGERY,Active,ENGLAND,False,B2M3M,QWU,,full,1
M84621,QUEENS ROAD SURGERY,Active,ENGLAND,False,B2M3M,QWU,,full,1
M84624,CHAPEL END SURGERY,Inactive,ENGLAND,False,05H,QWU,,full,1
M84627,THE OLD COLE HOUSE PRACTICE,Active,ENGLAND,False,B2M3M,QWU,,full,1
M84629,ST WULFSTAN SURGERY,Active,ENGLAND,False,B2M3M,QWU,,full,1
M85001,SHAH ZAMAN SURGERY,Active,ENGLAND,False,15E,QHL,,full,1
M85002,HANDSWORTH WOOD MED.CTR.,Active,ENGLAND,False,15E,QHL,,full,1
M85003,M M P SOUTH BIRMINGHAM,Inactive,ENGLAND,False,13P,,,archive,1
M85005,THE PARK MEDICAL CENTRE,Active,ENGLAND,False,15E,QHL,,full,1
M85006,GREEN RIDGE SURGERY,Active,ENGLAND,False,15E,QHL,,full,1
M85007,WEST HEATH SURGERY,Active,ENGLAND,False,15E,QHL,,full,1
M85008,THE POOLWAY MEDICAL CENTRE,Inactive,ENGLAND,False,15E,QHL,,full,1
M85009,HAMSTEAD ROAD SURGERY,Active,ENGLAND,False,15E,QHL,,full,1
M85010,MODALITY GROVE LANE,Inactive,ENGLAND,False,05L,QUA,,full,1
M85011,THE SWAN MEDICAL CENTRE,Active,ENGLAND,False,15E,QHL,,full,1
M85013,CHURCH LANE - KHAN,Active,ENGLAND,False,15E,QHL,,full,1
M85014,KINGSBURY ROAD MEDICAL CENTRE,Active,ENGLAND,False,15E,QHL,,full,1
M85015,SPARKHILL SURGERY,Inactive,ENGLAND,False,15E,QHL,,full,1
M85016,HILLCREST SURGERY,Active,ENGLAND,False,15E,QHL,,full,1
M85018,YARDLEY WOOD HEALTH CENTRE,Active,ENGLAND,False,15E,QHL,,full,1
M85019,TOWER HILL PARTNERSHIP,Active,ENGLAND,False,15E,QHL,,full,1
M85020,RAYDOCS NEWTOWN,Active,ENGLAND,False,15E,QHL,,full,1
M85021,MOSELEY MEDICAL CENTRE,Active,ENGLAND,False,15E,QHL,,full,1
M85023,MILLENNIUM MEDICAL CENTRE,Active,ENGLAND,False,15E,QHL,,full,1
M85024,THE LIMES MEDICAL CENTRE,Active,ENGLAND,False,15E,QHL,,full,1
M85025,BATH ROW MEDICAL PRACTICE,Active,ENGLAND,False,15E,QHL,,full,1
M85026,ASHFIELD SURGERY,Active,ENGLAND,False,15E,QHL,,full,1
M85027,LEACH HEATH MEDICAL CENTRE,Active,ENGLAND,False,15E,QHL,,full,1
M85028,LORDSWOOD HOUSE GROUP MEDICAL PRACTICE,Active,ENGLAND,False,15E,QHL,,full,1
M85029,COLLEGE GREEN MEDICAL PRACTICE,Active,ENGLAND,False,15E,QHL,,full,1
M85030,ST HELIERS MEDICAL PRACTICE,Active,ENGLAND,False,15E,QHL,,full,1
M85031,THE HARLEQUIN SURGERY,Active,ENGLAND,False,15E,QHL,,full,1
M85033,THE MANOR PRACTICE,Active,ENGLAND,False,15E,QHL,,full,1
M85034,OMNIA PRACTICE,Active,ENGLAND,False,15E,QHL,,full,1
M85035,WOODGATE VALLEY HEALTH CENTRE,Active,ENGLAND,False,15E,QHL,,full,1
M85036,DUDLEY PARK MEDICAL CENTRE,Inactive,ENGLAND,False,13P,,,archive,1
M85037,KINGSFIELD MEDICAL CENTRE,Active,ENGLAND,False,15E,QHL,,full,1
M85038,DR AS COUTTS & PARTNERS,Inactive,ENGLAND,False,15E,QHL,,full,1
M85041,BOURNBROOK VARSITY MEDICAL CENTRE,Active,ENGLAND,False,15E,QHL,,full,1
M85042,SELLY PARK SURGERY,Active,ENGLAND,False,15E,QHL,,full,1
M85043,HAWKESLEY MEDICAL PRACTICE,Active,ENGLAND,False,15E,QHL,,full,1
M85045,SOUTH DOC LTD,Inactive,ENGLAND,False,15E,QHL,,full,1
M85046,SUTTON COLDFIELD GROUP PRACTICE,Active,ENGLAND,False,15E,QHL,,full,1
M85047,WOODLAND ROAD SURGERY,Active,ENGLAND,False,15E,QHL,,full,1
M85048,CHURCH ROAD SURGERY,Active,ENGLAND,False,15E,QHL,,full,1
M85051,FIRSTCARE PRACTICE,Active,ENGLAND,False,15E,QHL,,full,1
M85052,NORTHFIELD HEALTH CENTRE Z,Inactive,ENGLAND,False,15E,QHL,,full,1
M85053,THE ST.CLEMENTS SURGERY,Active,ENGLAND,False,15E,QHL,,full,1
M85055,SELLY OAK HEALTH CENTRE,Active,ENGLAND,False,15E,QHL,,full,1
M85056,WEOLEY PARK SURGERY,Active,ENGLAND,False,15E,QHL,,full,1
M85058,HARBORNE MEDICAL PRACTICE,Active,ENGLAND,False,15E,QHL,,full,1
M85059,MAYPOLE HEALTH CENTRE A,Inactive,ENGLAND,False,04X,,,full,1
M85060,THE OAKS MEDICAL CENTRE,Active,ENGLAND,False,15E,QHL,,full,1
M85061,YARDLEY GREEN MEDICAL CENTRE,Active,ENGLAND,False,15E,QHL,,full,1
M85062,SHENLEY GREEN SURGERY,Active,ENGLAND,False,15E,QHL,,full,1
M85063,MIDLANDS MEDICAL PARTNERSHIP,Active,ENGLAND,False,15E,QHL,,full,1
M85064,FIVE WAYS HEALTH CENTRE,Inactive,ENGLAND,False,D2P2L,QUA,,full,1
M85065,POPLARS SURGERY,Active,ENGLAND,False,15E,QHL,,full,1
M85066,WARD END MEDICAL CENTRE,Active,ENGLAND,False,15E,QHL,,full,1
M85068,THE VESEY PRACTICE,Inactive,ENGLAND,False,15E,QHL,,full,1
M85069,LAURIE PIKE HEALTH CENTRE,Active,ENGLAND,False,15E,QHL,,full,1
M85070,RESERVOIR ROAD SURGERY,Active,ENGLAND,False,15E,QHL,,full,1
M85071,WYCHALL LANE SURGERY,Active,ENGLAND,False,15E,QHL,,full,1
M85072,MODALITY ST JAMES,Inactive,ENGLAND,False,05L,QUA,,full,1
M85073,JOCKEY ROAD MEDICAL CENTRE,Inactive,ENGLAND,False,,,,archive,1
M85074,WAKE GREEN SURGERY,Active,ENGLAND,False,15E,QHL,,full,1
M85075,B'HAM HEARTLANDS SURGERY,Inactive,ENGLAND,False,15E,QHL,,full,1
M85076,GREAT PARK MEDICAL GROUP,Active,ENGLAND,False,15E,QHL,,full,1
M85077,NORTHWOOD MEDICAL CENTRE,Active,ENGLAND,False,15E,QHL,,full,1
M85078,OAKWOOD SURGERY,Active,ENGLAND,False,15E,QHL,,full,1
M85079,EDEN COURT MEDICAL PRACTICE,Active,ENGLAND,False,15E,QHL,,full,1
M85081,THE DOVE MEDICAL PRACTICE,Active,ENGLAND,False,15E,QHL,,full,1
M85082,HANDSWORTH MEDICAL PRACT.,Active,ENGLAND,False,15E,QHL,,full,1
M85083,LEY HILL SURGERY,Inactive,ENGLAND,False,15E,QHL,,full,1
M85084,THE WAND MEDICAL CENTRE,Active,ENGLAND,False,15E,QHL,,full,1
M85085,MODALITY ANN JONES FAMILY HEALTH CENTRE,Inactive,ENGLAND,False,D2P2L,QUA,,full,1
M85086,COFTON MEDICAL CENTRE,Active,ENGLAND,False,15E,QHL,,full,1
M85087,COLLEGE ROAD SURGERY,Active,ENGLAND,False,15E,QHL,,full,1
M85088,KARIS MEDICAL CENTRE,Active,ENGLAND,False,15E,QHL,,full,1
M85092,GOODREST CROFT SURGERY,Inactive,ENGLAND,False,15E,QHL,,full,1
M85093,NEWPORT MEDICAL GROUP SPARKBROOK HEALTH,Inactive,ENGLAND,False,,,,archive,1
M85094,YARDLEY MEDICAL CENTRE,Active,ENGLAND,False,15E,QHL,,full,1
M85097,CRANES PARK ROAD SURGERY,Active,ENGLAND,False,15E,QHL,,full,1
M85098,ROTTON PARK MEDICAL CENTRE,Active,ENGLAND,False,15E,QHL,,full,1
M85100,SHANKLIN HOUSE SURGERY,Inactive,ENGLAND,False,05L,QUA,,full,1
M85103,DR EIJ MORETON'S PRACTICE,Inactive,ENGLAND,False,15E,QHL,,full,1
M85105,VICTORIA ROAD SURGERY,Active,ENGLAND,False,15E,QHL,,full,1
M85107,FIRS SURGERY,Active,ENGLAND,False,15E,QHL,,full,1
M85108,SMALL HEATH MEDICAL PRACTICE,Active,ENGLAND,False,15E,QHL,,full,1
M85110,SALTLEY AND FERNBANK MEDICAL PRACTICE,Active,ENGLAND,False,15E,QHL,,full,1
M85111,CHURCH LANE MEDICAL CENTRE,Inactive,ENGLAND,False,15E,QHL,,full,1
M85113,BUCKLANDS END LANE SURGERY,Active,ENGLAND,False,15E,QHL,,full,1
M85115,SUTTON ROAD SURGERY,Active,ENGLAND,False,15E,QHL,,full,1
M85116,FERNLEY MEDICAL CENTRE,Active,ENGLAND,False,15E,QHL,,full,1
M85117,BARTLEY GREEN MEDICAL PRACTICE,Active,ENGLAND,False,15E,QHL,,full,1
M85118,BALDWINS LANE SURGERY,Active,ENGLAND,False,15E,QHL,,full,1
M85123,AL-SHAFA MEDICAL CENTRE,Active,ENGLAND,False,15E,QHL,,full,1
M85124,BELLEVUE MEDICAL CENTRE,Active,ENGLAND,False,15E,QHL,,full,1
M85127,COLLEGE ROAD SURGERY,Inactive,ENGLAND,False,15E,QHL,,full,1
M85128,DR WALJI AND COLLEAGUES,Active,ENGLAND,False,15E,QHL,,full,1
M85131,ASH TREE MEDICAL CENTRE,Inactive,ENGLAND,False,,,,archive,1
M85133,CROMPTON ROAD SURGERY,Inactive,ENGLAND,False,05L,QUA,,full,1
M85134,WEST HEATH PRIMARY C CTR,Inactive,ENGLAND,False,15E,QHL,,full,1
M85136,DRUIDS HEATH SURGERY,Active,ENGLAND,False,15E,QHL,,full,1
M85139,ALPHA MEDICAL PRACTICE,Active,ENGLAND,False,15E,QHL,,full,1
M85141,SCHOOLACRE ROAD SURGERY,Active,ENGLAND,False,15E,QHL,,full,1
M85142,KEYNELL COVERT,Inactive,ENGLAND,False,15E,QHL,,full,1
M85143,JIGGINS LANE MEDICAL CENTRE,Active,ENGLAND,False,15E,QHL,,full,1
M85145,THE SLIEVE SURGERY,Active,ENGLAND,False,15E,QHL,,full,1
M85146,THE KHATTAK MEMORIAL SURGERY,Active,ENGLAND,False,15E,QHL,,full,1
M85149,ALUM ROCK MEDICAL CENTRE,Active,ENGLAND,False,15E,QHL,,full,1
M85153,WEATHER OAK MEDICAL CENTRE,Active,ENGLAND,False,15E,QHL,,full,1
M85154,FINCH ROAD PRIMARY CARE CENTRE,Active,ENGLAND,False,15E,QHL,,full,1
M85155,KINGSTANDING CIRCLE SURGERY,Active,ENGLAND,False,15E,QHL,,full,1
M85156,RIVER BROOK MEDICAL CENTRE,Active,ENGLAND,False,15E,QHL,,full,1
M85158,APOLLO SURGERY,Active,ENGLAND,False,15E,QHL,,full,1
M85159,BG HEALTH,Inactive,ENGLAND,False,15E,QHL,,full,1
M85163,GRIFFINS BROOK MEDICAL CENTRE,Inactive,ENGLAND,False,13P,,,full,1
M85164,NEWPORT MEDICAL GROUP,Active,ENGLAND,False,15E,QHL,,full,1
M85166,EJAZ MEDICAL CENTRE,Inactive,ENGLAND,False,,,,archive,1
M85167,UNIVERSITY MEDICAL PRACTICE,Active,ENGLAND,False,15E,QHL,,full,1
M85170,GATE MEDICAL CENTRE,Active,ENGLAND,False,15E,QHL,,full,1
M85171,ROWLANDS ROAD SURGERY,Active,ENGLAND,False,15E,QHL,,full,1
M85172,RIDGACRE HOUSE SURGERY,Active,ENGLAND,False,15E,QHL,,full,1
M85174,THE BROOK SURGERY,Active,ENGLAND,False,15E,QHL,,full,1
M85175,THE HAWTHORNS SURGERY,Active,ENGLAND,False,15E,QHL,,full,1
M85176,KIRPAL MEDICAL PRACTICE,Active,ENGLAND,False,15E,QHL,,full,1
M85177,SWANSWELL MEDICAL CENTRE,Active,ENGLAND,False,15E,QHL,,full,1
M85178,MODALITY BIRMINGHAM,Active,ENGLAND,False,15E,QHL,,full,1
M85179,MAYPOLE HEALTH SURGERY Y,Active,ENGLAND,False,15E,QHL,,full,1
M85600,REA VALLEY HEALTH PARTNERSHIP,Active,ENGLAND,False,15E,QHL,,full,1
M85611,MODALITY ATTWOOD GREEN,Inactive,ENGLAND,False,05L,QUA,,full,1
M85624,PERRY PARK SURGERY,Active,ENGLAND,False,15E,QHL,,full,1
M85634,HEATHFIELD FAMILY CENTRE,Active,ENGLAND,False,15E,QHL,,full,1
M85642,CAVENDISH MEDICAL PRACTICE,Active,ENGLAND,False,15E,QHL,,full,1
M85652,SUMMERFIELD PCC - DR SALIM,Inactive,ENGLAND,False,15E,QHL,,full,1
M85655,DR B BHATTACHARYYA'S PRACTICE,Inactive,ENGLAND,False,,,,archive,1
M85663,BLOOMSBURY HEALTH CENTRE,Inactive,ENGLAND,False,D2P2L,QUA,,full,1
M85669,TUDOR PRACTICE STOCKLAND GREEN,Active,ENGLAND,False,15E,QHL,,full,1
M85670,GREENFIELD MEDICAL CENTRE,Active,ENGLAND,False,15E,QHL,,full,1
M85671,BOURNVILLE SURGERY,Inactive,ENGLAND,False,15E,QHL,,full,1
M85676,VICTORIA ROAD MEDICAL CTR,Active,ENGLAND,False,15E,QHL,,full,1
M85677,FERNBANK MEDICAL PRACTICE,Inactive,ENGLAND,False,15E,QHL,,full,1
M85679,CHARLES ROAD SURGERY,Active,ENGLAND,False,15E,QHL,,full,1
M85680,COTTERILS LANE SURGERY,Active,ENGLAND,False,15E,QHL,,full,1
M85684,CITY ROAD MEDICAL CENTRE,Active,ENGLAND,False,15E,QHL,,full,1
M85686,DR KULSHRESTHA FAMILY PRACTICE,Active,ENGLAND,False,15E,QHL,,full,1
M85689,THE DOVECOTE SURGERY,Inactive,ENGLAND,False,15E,QHL,,full,1
M85693,FEATHERSTONE MEDICAL CENTRE,Active,ENGLAND,False,15E,QHL,,full,1
M85694,GARRETTS GREEN LANE SURGERY,Active,ENGLAND,False,15E,QHL,,full,1
M85697,CHURCH ROAD SURGERY,Active,ENGLAND,False,15E,QHL,,full,1
M85699,COVENTRY ROAD MEDICAL CENTRE,Active,ENGLAND,False,15E,QHL,,full,1
M85701,BURBURY MEDICAL CENTRE,Active,ENGLAND,False,15E,QHL,,full,1
M85704,SALTLEY CENTRE FOR H/C-S.N.,Inactive,ENGLAND,False,15E,QHL,,full,1
M85706,DRUID GROUP - EMC SURGERY,Active,ENGLAND,False,15E,QHL,,full,1
M85711,CITY HEALTH CENTRE,Active,ENGLAND,False,15E,QHL,,full,1
M85713,HIGHGATE MEDICAL CENTRE,Active,ENGLAND,False,15E,QHL,,full,1
M85715,SOHO ROAD PRIMARY CARE CENTRE,Active,ENGLAND,False,15E,QHL,,full,1
M85716,DR KHUROO'S PRACTICE,Active,ENGLAND,False,15E,QHL,,full,1
M85717,DOWNSFIELD MEDICAL CENTRE,Active,ENGLAND,False,15E,QHL,,full,1
M85721,HOLYHEAD PRIMARY HEALTH CARE CENTRE,Active,ENGLAND,False,15E,QHL,,full,1
M85722,NASEBY MEDICAL CENTRE,Active,ENGLAND,False,15E,QHL,,full,1
M85730,DOSKI MEDICAL PRACTICE,Active,ENGLAND,False,15E,QHL,,full,1
M85732,BLOOMSBURY SURGERY,Active,ENGLAND,False,15E,QHL,,full,1
M85733,MOOR GREEN LANE MEDICAL CENTRE,Active,ENGLAND,False,15E,QHL,,full,1
M85735,GREET MEDICAL PRACTICE,Active,ENGLAND,False,15E,QHL,,full,1
M85736,ACOCKS GREEN MEDICAL CENTRE,Active,ENGLAND,False,15E,QHL,,full,1
M85738,MMP - SUTTON COLDFIELD,Inactive,ENGLAND,False,13P,,,archive,1
M85739,PAK HEALTH CENTRE,Active,ENGLAND,False,15E,QHL,,full,1
M85741,DR A GUPTA'S PRACTICE,Inactive,ENGLAND,False,15E,QHL,,full,1
M85746,MIRFIELD SURGERY,Active,ENGLAND,False,15E,QHL,,full,1
M85749,AUBREY ROAD MEDICAL CENTRE,Active,ENGLAND,False,15E,QHL,,full,1
M85750,HUMBERSTONE ROAD SURGERY,Inactive,ENGLAND,False,,,,archive,1
M85753,VICARAGE ROAD SURGERY,Inactive,ENGLAND,False,15E,QHL,,full,1
M85756,SPRINGFIELD MEDICAL PRACT,Active,ENGLAND,False,15E,QHL,,full,1
M85757,SOHO ROAD HEALTH CENTRE,Active,ENGLAND,False,15E,QHL,,full,1
M85759,NECHELLS PRACTICE,Active,ENGLAND,False,15E,QHL,,full,1
M85760,LADYWOOD SURGERY,Inactive,ENGLAND,False,,,,archive,1
M85766,BALSALL HEATH HEALTH CENTRE (S),Active,ENGLAND,False,15E,QHL,,full,1
M85769,SOHO ROAD HEALTH CENTRE,Inactive,ENGLAND,False,,,,archive,1
M85770,THE SHELDON MEDICAL CENTRE,Active,ENGLAND,False,15E,QHL,,full,1
M85773,REABROOK SURGERY,Inactive,ENGLAND,False,,,,archive,1
M85774,SPRINGFIELD SURGERY,Active,ENGLAND,False,15E,QHL,,full,1
M85776,LEA VILLAGE MEDICAL CENTRE,Inactive,ENGLAND,False,15E,QHL,,full,1
M85778,HALCYON MEDICAL,Active,ENGLAND,False,15E,QHL,,full,1
M85779,AYLESBURY SURGERY,Active,ENGLAND,False,15E,QHL,,full,1
M85781,BORDESLEY GREEN SURGERY,Active,ENGLAND,False,15E,QHL,,full,1
M85782,UNIVERSITY SOUTHGATE PRACTICE,Inactive,ENGLAND,False,15E,QHL,,full,1
M85783,STRENSHAM ROAD SURGERY,Active,ENGLAND,False,15E,QHL,,full,1
M85784,VENKAT MEDICAL CENTRE,Inactive,ENGLAND,False,13P,,,full,1
M85786,DR P GONSALVES' PRACTICE,Inactive,ENGLAND,False,13P,,,full,1
M85787,ST. JAMES MEDICAL CENTRE,Inactive,ENGLAND,False,,,,archive,1
M85791,DR SK RATNAM'S PRACTICE,Inactive,ENGLAND,False,13P,,,archive,1
M85792,COTMORE SURGERY,Active,ENGLAND,False,15E,QHL,,full,1
M85794,"THE BALAJI SURGERY, THE SPARKBROOK CHC",Active,ENGLAND,False,15E,QHL,,full,1
M85797,HOCKLEY MEDICAL PRACTICE,Active,ENGLAND,False,15E,QHL,,full,1
M85801,HOLLY ROAD SURGERY,Inactive,ENGLAND,False,D2P2L,QUA,,full,1
M85802,BELCHERS LANE SURGERY,Inactive,ENGLAND,False,,,,archive,1
M85803,PEARL MEDICAL CENTRE,Active,ENGLAND,False,15E,QHL,,full,1
M85809,GREAT BARR SURGERY,Inactive,ENGLAND,False,,,,archive,1
M85817,ASYLUM SEEKERS HEALTH TEAM (ASHT),Inactive,ENGLAND,False,,,,archive,1
M86001,WILLENHALL PRIMARY CARE CENTRE - 1,Active,ENGLAND,False,B2M3M,QWU,,full,1
M86002,LONGFORD PRIMARY CARE CENTRE,Active,ENGLAND,False,B2M3M,QWU,,full,1
M86003,SKY BLUE MEDICAL GROUP,Active,ENGLAND,False,B2M3M,QWU,,full,1
M86004,ALLESLEY PARK MEDICAL CTR,Active,ENGLAND,False,B2M3M,QWU,,full,1
M86005,HILLFIELDS HEALTH CENTRE - 1,Active,ENGLAND,False,B2M3M,QWU,,full,1
M86006,JUBILEE HEALTHCARE,Active,ENGLAND,False,B2M3M,QWU,,full,1
M86007,PHOENIX FAMILY CARE,Active,ENGLAND,False,B2M3M,QWU,,full,1
M86008,THE GABLES MEDICENTRE,Active,ENGLAND,False,B2M3M,QWU,,full,1
M86009,ENGLETON HOUSE SURGERY,Active,ENGLAND,False,B2M3M,QWU,,full,1
M86010,FORREST MEDICAL CENTRE,Active,ENGLAND,False,B2M3M,QWU,,full,1
M86011,THE CROSSLEY PRACTICE,Inactive,ENGLAND,False,05A,QWU,,full,1
M86012,PRIORY GATE PRACTICE,Active,ENGLAND,False,B2M3M,QWU,,full,1
M86013,HOLYHEAD SURGERY,Inactive,ENGLAND,False,05A,QWU,,full,1
M86014,THE FORUM HEALTH CENTRE,Active,ENGLAND,False,B2M3M,QWU,,full,1
M86015,KENYON MEDICAL CENTRES,Active,ENGLAND,False,B2M3M,QWU,,full,1
M86016,GODIVA GROUP PRACTICE,Active,ENGLAND,False,B2M3M,QWU,,full,1
M86017,MANSFIELD MEDICAL CENTRE,Active,ENGLAND,False,B2M3M,QWU,,full,1
M86018,MOSELEY AVENUE SURGERY,Active,ENGLAND,False,B2M3M,QWU,,full,1
M86019,WESTWOOD MEDICAL H/CENTRE,Active,ENGLAND,False,B2M3M,QWU,,full,1
M86020,WOOD END HEALTH CENTRE,Active,ENGLAND,False,B2M3M,QWU,,full,1
M86021,SPRINGFIELD MEDICAL PRACTICE,Active,ENGLAND,False,B2M3M,QWU,,full,1
M86022,WALSGRAVE ROAD SURGERY - 1,Inactive,ENGLAND,False,05A,QWU,,full,1
M86023,BALLIOL ROAD SURGERY,Inactive,ENGLAND,False,B2M3M,QWU,,full,1
M86026,WILLENHALL PRIMARY CARE CENTRE - 2,Inactive,ENGLAND,False,05A,QWU,,full,1
M86027,CHEYLESMORE SURGERY,Active,ENGLAND,False,B2M3M,QWU,,full,1
M86028,CENTRAL MEDICAL CENTRE,Active,ENGLAND,False,B2M3M,QWU,,full,1
M86029,BROOMFIELD PARK MED.CTR.,Active,ENGLAND,False,B2M3M,QWU,,full,1
M86030,KENSINGTON ROAD SURGERY,Active,ENGLAND,False,B2M3M,QWU,,full,1
M86032,HOLBROOKS HEALTH TEAM,Active,ENGLAND,False,B2M3M,QWU,,full,1
M86033,WILLENHAL OAK MEDICAL CENTRE,Active,ENGLAND,False,B2M3M,QWU,,full,1
M86034,WOODSIDE MEDICAL CENTRE,Active,ENGLAND,False,B2M3M,QWU,,full,1
M86035,HENLEY GREEN MEDICAL CENTRE,Active,ENGLAND,False,B2M3M,QWU,,full,1
M86037,QUINTON PARK MEDICAL CENTRE,Active,ENGLAND,False,B2M3M,QWU,,full,1
M86038,BREDON AVENUE SURGERY,Active,ENGLAND,False,B2M3M,QWU,,full,1
M86039,ALLESLEY VILLAGE SURGERY,Active,ENGLAND,False,B2M3M,QWU,,full,1
M86040,WALSGRAVE HEALTH CENTRE,Active,ENGLAND,False,B2M3M,QWU,,full,1
M86041,CLAY LANE MEDICAL PRACTICE,Active,ENGLAND,False,B2M3M,QWU,,full,1
M86043,MAIDAVALE SURGERY,Inactive,ENGLAND,False,,,,archive,1
M86044,PARK HOUSE,Active,ENGLAND,False,B2M3M,QWU,,full,1
M86045,PARADISE MEDICAL CENTRE,Active,ENGLAND,False,B2M3M,QWU,,full,1
M86046,COPSEWOOD MEDICAL CENTRE,Active,ENGLAND,False,B2M3M,QWU,,full,1
M86048,WINDMILL SURGERY,Active,ENGLAND,False,B2M3M,QWU,,full,1
M86604,WYKEN MEDICAL CENTRE,Inactive,ENGLAND,False,05A,QWU,,full,1
M86605,LIMBRICK WOOD SURGERY,Active,ENGLAND,False,B2M3M,QWU,,full,1
M86607,LONGFORD MEDICAL CENTRE,Inactive,ENGLAND,False,05A,QWU,,full,1
M86610,ST GEORGES ROAD SURGERY,Active,ENGLAND,False,B2M3M,QWU,,full,1
M86612,GEORGE ELIOT MEDICAL CENTRE,Active,ENGLAND,False,B2M3M,QWU,,full,1
M86613,GOSFORD GREEN SURGERY,Inactive,ENGLAND,False,05A,QWU,,full,1
M86617,HILLFIELDS - DR BANO,Active,ENGLAND,False,B2M3M,QWU,,full,1
M86619,STATION STREET WEST SURGERY,Inactive,ENGLAND,False,,,,archive,1
M86621,SWANSWELL MEDICAL CENTRE,Inactive,ENGLAND,False,05A,QWU,,full,1
M86622,GOVIND HEALTH CENTRE,Active,ENGLAND,False,B2M3M,QWU,,full,1
M86624,COVENTRY GP GROUP OF PRACTICES,Active,ENGLAND,False,B2M3M,QWU,,full,1
M86627,STOKE ALDERMOOR MED CTRE,Active,ENGLAND,False,B2M3M,QWU,,full,1
M86629,TILE HILL SURGERY,Inactive,ENGLAND,False,05A,QWU,,full,1
M86630,BARLEY LEA HOUSE,Inactive,ENGLAND,False,05A,QWU,,archive,1
M86633,EDGWICK MEDICAL CENTRE,Active,ENGLAND,False,B2M3M,QWU,,full,1
M86634,TANYFRON,Inactive,ENGLAND,False,,,,archive,1
M86638,WOODWAY MEDICAL CENTRE,Active,ENGLAND,False,B2M3M,QWU,,full,1
M87001,MEADOWBROOK SURGERY,Active,ENGLAND,False,D2P2L,QUA,,full,1
M87002,NORTON MEDICAL PRACTICE,Inactive,ENGLAND,False,05C,QUA,,full,1
M87003,MOSS GROVE SURGERY,Active,ENGLAND,False,D2P2L,QUA,,full,1
M87005,THREE VILLAGES MEDICAL PRACTICE,Active,ENGLAND,False,D2P2L,QUA,,full,1
M87006,EVE HILL MEDICAL PRACTICE,Active,ENGLAND,False,D2P2L,QUA,,full,1
M87007,THE RIDGEWAY SURGERY,Active,ENGLAND,False,D2P2L,QUA,,full,1
M87008,KINGSWINFORD MEDICAL PRACTICE,Active,ENGLAND,False,D2P2L,QUA,,full,1
M87009,AW SURGERIES,Active,ENGLAND,False,D2P2L,QUA,,full,1
M87010,THE WATERFRONT SURGERY,Active,ENGLAND,False,D2P2L,QUA,,full,1
M87011,LION HEALTH,Active,ENGLAND,False,D2P2L,QUA,,full,1
M87012,THE GREENS HEALTH CENTRE,Active,ENGLAND,False,D2P2L,QUA,,full,1
M87013,TANDON MEDICAL CENTRE (ORAM & PARTNERS),Active,ENGLAND,False,D2P2L,QUA,,full,1
M87014,LAPAL MEDICAL PRACTICE,Active,ENGLAND,False,D2P2L,QUA,,full,1
M87015,LOWER GORNAL MEDICAL PRACTICE,Active,ENGLAND,False,D2P2L,QUA,,full,1
M87016,WOODSETTON MEDICAL CENTRE,Active,ENGLAND,False,D2P2L,QUA,,full,1
M87017,STEPPINGSTONES MEDICAL PRACTICE,Active,ENGLAND,False,D2P2L,QUA,,full,1
M87018,THE SUMMERHILL SURGERY,Active,ENGLAND,False,D2P2L,QUA,,full,1
M87019,THE LIMES SURGERY MEDICAL CENTRE,Active,ENGLAND,False,D2P2L,QUA,,full,1
M87020,FELDON LANE PRACTICE,Active,ENGLAND,False,D2P2L,QUA,,full,1
M87021,COSELEY MEDICAL CENTRE,Active,ENGLAND,False,D2P2L,QUA,,full,1
M87023,WORDSLEY GREEN HEALTH CENTRE,Active,ENGLAND,False,D2P2L,QUA,,full,1
M87024,WYCHBURY MEDICAL GROUP,Active,ENGLAND,False,D2P2L,QUA,,full,1
M87025,LIMESTONE SURGERY,Active,ENGLAND,False,D2P2L,QUA,,full,1
M87026,ST JAMES MEDICAL PRACTICE2,Active,ENGLAND,False,D2P2L,QUA,,full,1
M87027,QUARRY BANK MEDICAL CENTRE,Active,ENGLAND,False,D2P2L,QUA,,full,1
M87028,ANCHOR MEDICAL PRACTICE,Active,ENGLAND,False,D2P2L,QUA,,full,1
M87030,PEDMORE MEDICAL PRACTICE,Active,ENGLAND,False,D2P2L,QUA,,full,1
M87032,BRIERLEY HILL HEALTH AND SOCIAL CC,Inactive,ENGLAND,False,,,,archive,1
M87034,CLEMENT ROAD MEDICAL PRACTICE,Active,ENGLAND,False,D2P2L,QUA,,full,1
M87036,BEAN MEDICAL PRACTICE,Active,ENGLAND,False,D2P2L,QUA,,full,1
M87037,NORTHWAY MEDICAL CENTRE,Active,ENGLAND,False,D2P2L,QUA,,full,1
M87039,DR. J. FIRTH,Inactive,ENGLAND,False,,,,archive,1
M87041,RANGEWAYS ROAD SURGERY,Active,ENGLAND,False,D2P2L,QUA,,full,1
M87601,KEELINGE HOUSE,Active,ENGLAND,False,D2P2L,QUA,,full,1
M87602,HALESOWEN MEDICAL PRACTICE,Active,ENGLAND,False,D2P2L,QUA,,full,1
M87605,CENTRAL CLINIC,Active,ENGLAND,False,D2P2L,QUA,,full,1
M87606,BAYER HALL SURGERY,Inactive,ENGLAND,False,,,,archive,1
M87610,DR S J JAIN,Inactive,ENGLAND,False,,,,archive,1
M87612,ST JAMES MEDICAL PRACTICE1,Active,ENGLAND,False,D2P2L,QUA,,full,1
M87614,TINCHBOURNE STREET PRACTICE,Inactive,ENGLAND,False,,,,archive,1
M87617,LINKS MEDICAL PRACTICE,Active,ENGLAND,False,D2P2L,QUA,,full,1
M87618,QUINCY RISE SURGERY,Active,ENGLAND,False,D2P2L,QUA,,full,1
M87619,COOMBS ROAD SURGERY,Inactive,ENGLAND,False,,,,archive,1
M87620,CASTLE MEADOWS SURGERY,Active,ENGLAND,False,D2P2L,QUA,,full,1
M87621,BATH STREET MEDICAL CENTRE,Active,ENGLAND,False,D2P2L,QUA,,full,1
M87623,ALEXANDRA MEDICAL CENTRE,Active,ENGLAND,False,D2P2L,QUA,,full,1
M87625,CRESTFIELD SURGERY,Inactive,ENGLAND,False,05C,QUA,,full,1
M87628,CHAPEL STREET MEDICAL CENTRE,Active,ENGLAND,False,D2P2L,QUA,,full,1
M87629,BILSTON STREET SURGERY,Inactive,ENGLAND,False,05C,QUA,,full,1
M87634,ST THOMAS'S MEDICAL CENTRE,Inactive,ENGLAND,False,05C,QUA,,archive,1
M87638,THORNS ROAD SURGERY,Active,ENGLAND,False,D2P2L,QUA,,full,1
M88001,THE VILLAGE MEDICAL CENTRE,Active,ENGLAND,False,D2P2L,QUA,,full,1
M88002,THE SMETHWICK MEDICAL CENTRE,Active,ENGLAND,False,D2P2L,QUA,,full,1
M88003,WARLEY MEDICAL CENTRE,Active,ENGLAND,False,D2P2L,QUA,,full,1
M88004,REGIS MEDICAL CENTRE,Active,ENGLAND,False,D2P2L,QUA,,full,1
M88005,OAKHAM SURGERY,Inactive,ENGLAND,False,05L,QUA,,full,1
M88006,CAPE HILL MEDICAL CENTRE,Active,ENGLAND,False,D2P2L,QUA,,full,1
M88007,OAKESWELL HEALTH CENTRE,Active,ENGLAND,False,D2P2L,QUA,,full,1
M88008,STONE CROSS MEDICAL CENTRE,Active,ENGLAND,False,D2P2L,QUA,,full,1
M88009,NORVIC FAMILY PRACTICE,Active,ENGLAND,False,D2P2L,QUA,,full,1
M88010,SWANPOOL MEDICAL CENTRE,Active,ENGLAND,False,D2P2L,QUA,,full,1
M88012,CARTERS GREEN MEDICAL CENTRE,Inactive,ENGLAND,False,05L,QUA,,full,1
M88013,BLACK COUNTRY FAMILY PRACTICE,Active,ENGLAND,False,D2P2L,QUA,,full,1
M88014,DR GUDI PV & PARTNER,Active,ENGLAND,False,D2P2L,QUA,,full,1
M88015,GREAT BARR PRACTICE,Active,ENGLAND,False,D2P2L,QUA,,full,1
M88016,OLD HILL MEDICAL CENTRE,Active,ENGLAND,False,D2P2L,QUA,,full,1
M88017,DRS SK AND I SHARMA,Inactive,ENGLAND,False,,,,archive,1
M88018,OLDBURY HEALTH CENTRE,Active,ENGLAND,False,D2P2L,QUA,,full,1
M88019,BEARWOOD ROAD SURGERY,Active,ENGLAND,False,D2P2L,QUA,,full,1
M88020,SHERWOOD HOUSE MEDICAL PRACTICE,Active,ENGLAND,False,15E,QHL,,full,1
M88021,SCOTT ARMS MEDICAL CENTRE,Active,ENGLAND,False,D2P2L,QUA,,full,1
M88022,JUBILEE HEALTH CENTRE,Active,ENGLAND,False,D2P2L,QUA,,full,1
M88023,TAME VALLEY MEDICAL CENTRE,Active,ENGLAND,False,D2P2L,QUA,,full,1
M88024,DR AKHTAR R,Inactive,ENGLAND,False,D2P2L,QUA,,full,1
M88026,PORTWAY FAMILY PRACTICE,Active,ENGLAND,False,D2P2L,QUA,,full,1
M88030,CHURCH VIEW SURGERY,Active,ENGLAND,False,D2P2L,QUA,,full,1
M88031,HAWES LANE SURGERY,Inactive,ENGLAND,False,D2P2L,QUA,,full,1
M88032,WHITEHEATH MEDICAL CENTRE,Inactive,ENGLAND,False,05L,QUA,,full,1
M88035,NEW STREET SURGERY,Active,ENGLAND,False,D2P2L,QUA,,full,1
M88036,DARTMOUTH MEDICAL CENTRE,Inactive,ENGLAND,False,05L,QUA,,full,1
M88038,LINKWAY MEDICAL PRACTICE,Active,ENGLAND,False,D2P2L,QUA,,full,1
M88040,ST PAUL'S MEDICAL PRACTICE,Active,ENGLAND,False,D2P2L,QUA,,full,1
M88041,HAWTHORNS MEDICAL CENTRE,Active,ENGLAND,False,D2P2L,QUA,,full,1
M88042,BEARWOOD MEDICAL CENTRE,Active,ENGLAND,False,D2P2L,QUA,,full,1
M88043,HADEN VALE SURGERY,Active,ENGLAND,False,D2P2L,QUA,,full,1
M88044,WEST BROM P'SHIPS FOR HEALTH,Inactive,ENGLAND,False,D2P2L,QUA,,full,1
M88600,THE VICTORIA SURGERY,Active,ENGLAND,False,D2P2L,QUA,,full,1
M88610,SAREPHED MEDICAL CENTRE,Active,ENGLAND,False,D2P2L,QUA,,full,1
M88612,GLEBEFIELDS SURGERY,Active,ENGLAND,False,D2P2L,QUA,,full,1
M88615,THE SURGERY,Inactive,ENGLAND,False,,,,archive,1
M88616,GREAT BRIDGE PSHIP FOR HEALTH,Active,ENGLAND,False,D2P2L,QUA,,full,1
M88618,"WALFORD STREET, TIVIDALE",Active,ENGLAND,False,D2P2L,QUA,,full,1
M88619,DR ARORA RK,Active,ENGLAND,False,D2P2L,QUA,,full,1
M88620,CAUSEWAY GREEN ROAD SURGERY,Active,ENGLAND,False,D2P2L,QUA,,full,1
M88623,PARK HOUSE SURGERY,Inactive,ENGLAND,False,D2P2L,QUA,,full,1
M88624,YEW TREE SURGERY,Inactive,ENGLAND,False,05L,QUA,,full,1
M88625,ST PAUL'S PARTNERSHIP - LYNG MEDICAL,Active,ENGLAND,False,D2P2L,QUA,,full,1
M88626,DR UI HAQUE N,Active,ENGLAND,False,D2P2L,QUA,,full,1
M88627,DR BHADAURIA BS,Inactive,ENGLAND,False,D2P2L,QUA,,full,1
M88628,DR SINGH M,Active,ENGLAND,False,D2P2L,QUA,,full,1
M88629,HILL TOP PRACTICE,Inactive,ENGLAND,False,D2P2L,QUA,,full,1
M88630,CLIFTON LANE MEDICAL CENTRE,Active,ENGLAND,False,D2P2L,QUA,,full,1
M88633,LODGE ROAD SURGERY,Active,ENGLAND,False,D2P2L,QUA,,full,1
M88635,DOG KENNEL LANE SURGERY,Active,ENGLAND,False,D2P2L,QUA,,full,1
M88637,MARSHALL STREET SURGERY,Inactive,ENGLAND,False,05L,QUA,,full,1
M88639,ST PAULS PARTNERS,Active,ENGLAND,False,D2P2L,QUA,,full,1
M88640,WARLEY ROAD SURGERY,Active,ENGLAND,False,D2P2L,QUA,,full,1
M88643,THE SPIRES HEALTH CENTRE,Active,ENGLAND,False,D2P2L,QUA,,full,1
M88645,HILL TOP MEDICAL CENTRE,Active,ENGLAND,False,D2P2L,QUA,,full,1
M88646,DR DEWAN VK,Active,ENGLAND,False,D2P2L,QUA,,full,1
M88647,ROOD END MEDICAL PRACTICE,Active,ENGLAND,False,D2P2L,QUA,,full,1
M89001,PARKFIELD MEDICAL CENTRE,Active,ENGLAND,False,15E,QHL,,full,1
M89002,KINGSHURST MEDICAL PRACTICE,Active,ENGLAND,False,15E,QHL,,full,1
M89003,GPS HEALTHCARE,Active,ENGLAND,False,15E,QHL,,full,1
M89004,HASLUCKS GREEN MEDICAL CENTRE,Inactive,ENGLAND,False,15E,QHL,,full,1
M89005,ST. MARGARETS MEDICAL PRACTICE,Active,ENGLAND,False,15E,QHL,,full,1
M89006,THE BLYTHE PRACTICE,Inactive,ENGLAND,False,05P,,,archive,1
M89007,RICHMOND MEDICAL CENTRE,Active,ENGLAND,False,15E,QHL,,full,1
M89008,BOSWORTH MEDICAL GROUP,Active,ENGLAND,False,15E,QHL,,full,1
M89009,MANOR HOUSE LANE SURGERY,Active,ENGLAND,False,15E,QHL,,full,1
M89010,DORRIDGE SURGERY,Active,ENGLAND,False,15E,QHL,,full,1
M89011,PARK SURGERY,Inactive,ENGLAND,False,05P,,,archive,1
M89012,CROFT MEDICAL CENTRE,Active,ENGLAND,False,15E,QHL,,full,1
M89013,ARRAN MEDICAL CENTRE,Active,ENGLAND,False,15E,QHL,,full,1
M89015,NORTHBROOK HEALTH CENTRE,Active,ENGLAND,False,15E,QHL,,full,1
M89016,BALSALL COMMON & MERIDEN GROUP PRACTICE,Active,ENGLAND,False,15E,QHL,,full,1
M89017,SOLIHULL HEALTHCARE PARTNERSHIP,Active,ENGLAND,False,15E,QHL,,full,1
M89019,HOBS MOAT MEDICAL CENTRE,Active,ENGLAND,False,15E,QHL,,full,1
M89020,TANWORTH LANE SURGERY,Inactive,ENGLAND,False,05P,,,archive,1
M89021,COVENTRY ROAD PRACTICE,Active,ENGLAND,False,15E,QHL,,full,1
M89023,YEW TREE MEDICAL CENTRE,Inactive,ENGLAND,False,05P,,,archive,1
M89024,GRAFTON ROAD SURGERY,Active,ENGLAND,False,15E,QHL,,full,1
M89026,THE CASTLE PRACTICE,Active,ENGLAND,False,15E,QHL,,full,1
M89027,GREEN LANE SURGERY,Active,ENGLAND,False,15E,QHL,,full,1
M89028,MONKSPATH SURGERY,Inactive,ENGLAND,False,15E,QHL,,full,1
M89030,ARDEN MEDICAL CENTRE,Active,ENGLAND,False,15E,QHL,,full,1
M89601,THE JACEY PRACTICE,Inactive,ENGLAND,False,15E,QHL,,full,1
M89602,CHESTER ROAD SURGERY,Inactive,ENGLAND,False,15E,QHL,,full,1
M89606,BLOSSOMFIELD SURGERY,Inactive,ENGLAND,False,15E,QHL,,full,1
M89608,HAMPTON SURGERY,Active,ENGLAND,False,15E,QHL,,full,1
M89609,THE VILLAGE SURGERY,Inactive,ENGLAND,False,05P,,,archive,1
M91003,SINA HEALTH CENTRE,Active,ENGLAND,False,D2P2L,QUA,,full,1
M91004,ST PETER'S SURGERY,Active,ENGLAND,False,D2P2L,QUA,,full,1
M91006,PARKSIDE MEDICAL PRACTICE,Active,ENGLAND,False,D2P2L,QUA,,full,1
M91007,ST JOHN'S MEDICAL CENTRE,Active,ENGLAND,False,D2P2L,QUA,,full,1
M91008,LITTLE LONDON SURGERY,Active,ENGLAND,False,D2P2L,QUA,,full,1
M91009,STREETS CORNER SURGERY,Active,ENGLAND,False,D2P2L,QUA,,full,1
M91010,PORTLAND MEDICAL PRACTICE,Active,ENGLAND,False,D2P2L,QUA,,full,1
M91011,THE LIMES MEDICAL CENTRE,Inactive,ENGLAND,False,D2P2L,QUA,,full,1
M91013,LOCKFIELD SURGERY,Active,ENGLAND,False,D2P2L,QUA,,full,1
M91014,BRACE STREET HEALTH CENTRE,Active,ENGLAND,False,D2P2L,QUA,,full,1
M91015,UMBRELLA MEDICAL,Active,ENGLAND,False,D2P2L,QUA,,full,1
M91016,NEW INVENTION HEALTH CENTRE,Active,ENGLAND,False,D2P2L,QUA,,full,1
M91017,NORTHGATE MEDICAL CENTRE,Active,ENGLAND,False,D2P2L,QUA,,full,1
M91018,SADDLERS HEALTH CENTRE,Active,ENGLAND,False,D2P2L,QUA,,full,1
M91019,RUSHALL MEDICAL CENTRE,Active,ENGLAND,False,D2P2L,QUA,,full,1
M91020,SYCAMORE HOUSE MEDICAL CENTRE,Inactive,ENGLAND,False,D2P2L,QUA,,full,1
M91021,LOCKSTOWN PRACTICE,Active,ENGLAND,False,D2P2L,QUA,,full,1
M91022,HARDEN SURGERY,Inactive,ENGLAND,False,05Y,QUA,,full,1
M91024,CHAPEL STREET SURGERY,Active,ENGLAND,False,D2P2L,QUA,,full,1
M91025,DARLASTON HEALTH CENTRE,Inactive,ENGLAND,False,05Y,QUA,,full,1
M91026,DARLASTON FAMILY PRACTICE,Active,ENGLAND,False,D2P2L,QUA,,full,1
M91028,MODALITY KINGFISHER DARLASTON PRACTICE,Active,ENGLAND,False,D2P2L,QUA,,full,1
M91029,MOSSLEY & DUDLEY FIELDS MEDICAL PRACTICE,Active,ENGLAND,False,D2P2L,QUA,,full,1
M91032,COLLINGWOOD FAMILY PRACTICE,Active,ENGLAND,False,D2P2L,QUA,,full,1
M91033,WILLENHALL MEDICAL CENTRE,Active,ENGLAND,False,D2P2L,QUA,,full,1
M91034,BLOXWICH MEDICAL PRACTICE,Active,ENGLAND,False,D2P2L,QUA,,full,1
M91036,HARDEN HEALTH CENTRE,Active,ENGLAND,False,D2P2L,QUA,,full,1
M91039,DR BEVAN'S SURGERY,Inactive,ENGLAND,False,,,,archive,1
M91602,KHAN MEDICAL PRACTICE,Active,ENGLAND,False,D2P2L,QUA,,full,1
M91604,FIELD ROAD SURGERY,Inactive,ENGLAND,False,05Y,QUA,,full,1
M91609,NEW ROAD MEDICAL CENTRE,Active,ENGLAND,False,D2P2L,QUA,,full,1
M91610,FISHER STREET SURGERY,Inactive,ENGLAND,False,05Y,QUA,,archive,1
M91611,BEECHDALE CENTRE,Active,ENGLAND,False,D2P2L,QUA,,full,1
M91612,ST MARY'S SURGERY,Active,ENGLAND,False,D2P2L,QUA,,full,1
M91613,FORRESTER STREET MEDICAL CENTRE,Active,ENGLAND,False,D2P2L,QUA,,full,1
M91614,STROUD PRACTICE,Active,ENGLAND,False,D2P2L,QUA,,full,1
M91616,PLECK HEALTH CENTRE,Active,ENGLAND,False,D2P2L,QUA,,full,1
M91619,BROADWAY MEDICAL CENTRE,Active,ENGLAND,False,D2P2L,QUA,,full,1
M91621,PALFREY HEALTH CENTRE,Active,ENGLAND,False,D2P2L,QUA,,full,1
M91623,LOWER FARM HEALTH CENTRE,Active,ENGLAND,False,D2P2L,QUA,,full,1
M91624,MOXLEY MEDICAL CENTRE,Active,ENGLAND,False,D2P2L,QUA,,full,1
M91625,MANOR WHARF,Inactive,ENGLAND,False,05Y,QUA,,full,1
M91626,HOLLAND PARK SURGERY,Active,ENGLAND,False,D2P2L,QUA,,full,1
M91628,BRACE STREET HC- KUMAR,Active,ENGLAND,False,D2P2L,QUA,,full,1
M91629,BIRCHILLS HEALTH CENTRE,Active,ENGLAND,False,D2P2L,QUA,,full,1
M91637,BLACKWOOD HEALTH CENTRE,Active,ENGLAND,False,D2P2L,QUA,,full,1
M91639,WALSALL WOOD HEALTH CENTRE,Active,ENGLAND,False,D2P2L,QUA,,full,1
M91640,ROUGH HAY SURGERY,Active,ENGLAND,False,D2P2L,QUA,,full,1
M91641,DARLASTON MEDICAL CENTRE,Active,ENGLAND,False,D2P2L,QUA,,full,1
M91642,QUESLETT MEDICAL CENTRE,Active,ENGLAND,False,15E,QHL,,full,1
M91643,KINGFISHER PRACTICE,Inactive,ENGLAND,False,05Y,QUA,,full,1
M91647,PILLAI,Active,ENGLAND,False,D2P2L,QUA,,full,1
M91650,PINFOLD MEDICAL,Active,ENGLAND,False,D2P2L,QUA,,full,1
M91654,HIGH STREET SURGERY,Active,ENGLAND,False,D2P2L,QUA,,full,1
M91655,HARDEN COALPOOL,Inactive,ENGLAND,False,05Y,QUA,,full,1
M91659,BRACE STREET HC- MAHBUB (M91659),Active,ENGLAND,False,D2P2L,QUA,,full,1
M91660,MODALITY DARLASTON PRACTICE,Active,ENGLAND,False,D2P2L,QUA,,full,1
M92001,POPLARS MEDICAL CENTRE,Active,ENGLAND,False,D2P2L,QUA,,full,1
M92002,ALFRED SQUIRE ROAD SURGERY,Inactive,ENGLAND,False,D2P2L,QUA,,full,1
M92003,DR SURYANI,Inactive,ENGLAND,False,D2P2L,QUA,,full,1
M92004,PRIMROSE LANE PRACTICE,Active,ENGLAND,False,D2P2L,QUA,,full,1
M92006,COALWAY ROAD SURGERY,Active,ENGLAND,False,D2P2L,QUA,,full,1
M92007,LEA ROAD MEDICAL PRACTICE,Inactive,ENGLAND,False,D2P2L,QUA,,full,1
M92008,CASTLECROFT MEDICAL PRACTICE,Active,ENGLAND,False,D2P2L,QUA,,full,1
M92009,PRESTBURY MEDICAL PRACTICE,Active,ENGLAND,False,D2P2L,QUA,,full,1
M92010,TETTENHALL MEDICAL PRACTICE,Active,ENGLAND,False,D2P2L,QUA,,full,1
M92011,RWT PRACTICES PENN MANOR MEDICAL CENTRE,Active,ENGLAND,False,D2P2L,QUA,,full,1
M92012,DUNCAN STREET PRIMARY CARE CENTRE,Active,ENGLAND,False,D2P2L,QUA,,full,1
M92013,DR SINHA & TAHIR,Active,ENGLAND,False,D2P2L,QUA,,full,1
M92014,DR FOWLER,Inactive,ENGLAND,False,D2P2L,QUA,,full,1
M92015,IMPROVING HEALTH (IH) MEDICAL,Active,ENGLAND,False,D2P2L,QUA,,full,1
M92016,TUDOR MEDICAL CENTRE,Active,ENGLAND,False,D2P2L,QUA,,full,1
M92017,DR WARIYAR,Inactive,ENGLAND,False,,,,archive,1
M92019,KEATS GROVE SURGERY,Active,ENGLAND,False,D2P2L,QUA,,full,1
M92020,CANNOCK ROAD MEDICAL PRACTICE,Inactive,ENGLAND,False,,,,archive,1
M92022,ASHMORE PARK MEDICAL CENTRE,Active,ENGLAND,False,D2P2L,QUA,,full,1
M92024,PARKFIELD MEDICAL CENTRE,Inactive,ENGLAND,False,06A,QUA,,full,1
M92026,GRIFFITHS DRIVE MEDICAL PRACTICE,Active,ENGLAND,False,D2P2L,QUA,,full,1
M92027,CAERLEON SURGERY,Inactive,ENGLAND,False,06A,QUA,,full,1
M92028,THORNLEY STREET SURGERY,Active,ENGLAND,False,D2P2L,QUA,,full,1
M92029,NEWBRIDGE SURGERY,Active,ENGLAND,False,D2P2L,QUA,,full,1
M92030,CHURCH STREET SURGERY,Inactive,ENGLAND,False,06A,QUA,,full,1
M92031,DRS PASSI & HANDA,Inactive,ENGLAND,False,06A,QUA,,full,1
M92035,ALL SAINTS SURGERY,Inactive,ENGLAND,False,06A,QUA,,full,1
M92036,WELLINGTON ROAD SURGERY,Inactive,ENGLAND,False,,,,archive,1
M92039,DR ST PIERRE-LIBBERTON,Active,ENGLAND,False,D2P2L,QUA,,full,1
M92040,MAYFIELD MEDICAL PRACTICE,Active,ENGLAND,False,D2P2L,QUA,,full,1
M92041,PROBERT ROAD SURGERY,Active,ENGLAND,False,D2P2L,QUA,,full,1
M92042,WEST PARK SURGERY,Inactive,ENGLAND,False,D2P2L,QUA,,full,1
M92043,PENN SURGERY,Active,ENGLAND,False,D2P2L,QUA,,full,1
M92044,WARSTONES SURGERY,Inactive,ENGLAND,False,D2P2L,QUA,,full,1
M92607,WHITMORE REANS MEDICAL PRACTICE,Active,ENGLAND,False,D2P2L,QUA,,full,1
M92609,ASHFIELD ROAD SURGERY,Active,ENGLAND,False,D2P2L,QUA,,full,1
M92610,DR KHAN,Inactive,ENGLAND,False,,,,archive,1
M92612,HEALTH AND BEYOND,Active,ENGLAND,False,D2P2L,QUA,,full,1
M92627,BILSTON FAMILY PRACTICE,Active,ENGLAND,False,D2P2L,QUA,,full,1
M92629,FORDHOUSES MEDICAL CENTRE,Active,ENGLAND,False,D2P2L,QUA,,full,1
M92630,EAST PARK MEDICAL PRACTICE,Active,ENGLAND,False,D2P2L,QUA,,full,1
M92637,RUSKIN ROAD SURGERY,Inactive,ENGLAND,False,,,,archive,1
M92638,DR BAGARY,Inactive,ENGLAND,False,,,,archive,1
M92640,TETTENHALL ROAD MEDICAL PRACTICE,Active,ENGLAND,False,D2P2L,QUA,,full,1
M92642,DR MUNDLUR,Inactive,ENGLAND,False,06A,QUA,,archive,1
M92643,DR CHRISTOPHER,Inactive,ENGLAND,False,06A,QUA,,full,1
M92647,BRADLEY MEDICAL CENTRE,Inactive,ENGLAND,False,06A,QUA,,full,1
M92649,DR MUDIGONDA,Active,ENGLAND,False,D2P2L,QUA,,full,1
M92654,BAGARY'S MEDICAL PRACTICE,Active,ENGLAND,False,D2P2L,QUA,,full,1
N81001,AUDLEM MEDICAL PRACTICE,Active,ENGLAND,False,27D,QYG,,full,1
N81002,KENMORE MEDICAL CENTRE,Active,ENGLAND,False,27D,QYG,,full,1
N81005,HELSBY HEALTH CENTRE,Active,ENGLAND,False,27D,QYG,,full,1
N81006,BUNBURY MEDICAL PRACTICE,Active,ENGLAND,False,27D,QYG,,full,1
N81007,HOLES LANE MEDICAL LTD.,Active,ENGLAND,False,02E,QYG,,full,1
N81008,THE CEDARS MEDICAL CENTRE,Active,ENGLAND,False,27D,QYG,,full,1
N81009,HEATH LANE MEDICAL CENTRE,Active,ENGLAND,False,27D,QYG,,full,1
N81010,NANTWICH HEALTH CENTRE,Active,ENGLAND,False,27D,QYG,,full,1
N81011,BEVAN GROUP PRACTICE,Active,ENGLAND,False,01F,QYG,,full,1
N81012,GUARDIAN STREET MED/CTR,Active,ENGLAND,False,02E,QYG,,full,1
N81013,HIGH STREET SURGERY,Active,ENGLAND,False,27D,QYG,,full,1
N81014,BROOKFIELD SURGERY,Active,ENGLAND,False,02E,QYG,,full,1
N81015,THE DELAMERE PRACTICE,Inactive,ENGLAND,False,01R,,,full,1
N81016,MILLCROFT MEDICAL CENTRE,Active,ENGLAND,False,27D,QYG,,full,1
N81017,PRINCEWAY FRODSHAM MEDICAL CENTRE,Inactive,ENGLAND,False,02F,,,full,1
N81018,TARPORLEY HEALTH CENTRE,Active,ENGLAND,False,27D,QYG,,full,1
N81019,CASTLEFIELDS HEALTH CENTRE,Active,ENGLAND,False,01F,QYG,,full,1
N81020,PENKETH HEALTH CENTRE,Active,ENGLAND,False,02E,QYG,,full,1
N81021,MCILVRIDE MEDICAL PRACTICE,Inactive,ENGLAND,False,27D,QYG,,full,1
N81022,MIDDLEWOOD PARTNERSHIP,Active,ENGLAND,False,27D,QYG,,full,1
N81023,WHITBY GROUP PRACTICE SURGERY (GREEN),Inactive,ENGLAND,False,27D,QYG,,full,1
N81024,SWANLOW MEDICAL CENTRE,Active,ENGLAND,False,27D,QYG,,full,1
N81025,FIRDALE MEDICAL CENTRE,Active,ENGLAND,False,27D,QYG,,full,1
N81026,TOFT ROAD SURGERY,Inactive,ENGLAND,False,27D,QYG,,full,1
N81027,READESMOOR MEDICAL GROUP PRACTICE,Active,ENGLAND,False,27D,QYG,,full,1
N81028,CAUSEWAY MEDICAL CENTRE,Active,ENGLAND,False,02E,QYG,,full,1
N81029,SOUTH PARK SURGERY,Active,ENGLAND,False,27D,QYG,,full,1
N81030,PRINCEWAY SURGERIES,Active,ENGLAND,False,27D,QYG,,full,1
N81031,DRS ADEY AND DANCY,Active,ENGLAND,False,27D,QYG,,full,1
N81032,ASHFIELDS PRIMARY CARE CENTRE,Active,ENGLAND,False,27D,QYG,,full,1
N81033,ALDERLEY EDGE MEDICAL CENTRE,Active,ENGLAND,False,27D,QYG,,full,1
N81034,BOUGHTON MEDICAL GROUP,Active,ENGLAND,False,27D,QYG,,full,1
N81035,FIR PARK MEDICAL CENTRE,Active,ENGLAND,False,01F,QYG,,full,1
N81036,SPRINGFIELDS MEDICAL CENTRE,Active,ENGLAND,False,02E,QYG,,full,1
N81037,THE BEECHES MEDICAL CTR,Active,ENGLAND,False,01F,QYG,,full,1
N81038,LAUREL BANK SURGERY,Active,ENGLAND,False,27D,QYG,,full,1
N81039,OAKLANDS,Active,ENGLAND,False,27D,QYG,,full,1
N81040,HIGH STREET PRACTICE WINSFORD,Active,ENGLAND,False,27D,QYG,,full,1
N81041,HELSBY STREET MED/CTR,Active,ENGLAND,False,02E,QYG,,full,1
N81042,MANCHESTER ROAD MEDICAL CENTRE,Inactive,ENGLAND,False,27D,QYG,,full,1
N81043,HASLINGTON SURGERY,Active,ENGLAND,False,27D,QYG,,full,1
N81044,HUNGERFORD MEDICAL CENTRE,Active,ENGLAND,False,27D,QYG,,full,1
N81045,PEELHOUSE MEDICAL PLAZA,Active,ENGLAND,False,01F,QYG,,full,1
N81046,PARK MEDICAL CENTRE,Active,ENGLAND,False,27D,QYG,,full,1
N81047,THE KILTEARN MEDICAL CTR.,Active,ENGLAND,False,27D,QYG,,full,1
N81048,FEARNHEAD CROSS MED.CTR.,Active,ENGLAND,False,02E,QYG,,full,1
N81049,KNUTSFORD MEDICAL PARTNERSHIP,Active,ENGLAND,False,27D,QYG,,full,1
N81050,GREAT SUTTON MEDICAL CENTRE,Active,ENGLAND,False,27D,QYG,,full,1
N81051,THE WEAVERHAM SURGERY,Active,ENGLAND,False,27D,QYG,,full,1
N81052,LAWTON HOUSE SURGERY,Active,ENGLAND,False,27D,QYG,,full,1
N81053,EARNSWOOD MEDICAL CENTRE,Active,ENGLAND,False,27D,QYG,,full,1
N81054,WEAVER VALE PRACTICE,Active,ENGLAND,False,01F,QYG,,full,1
N81055,WATLING STREET SURGERY,Active,ENGLAND,False,27D,QYG,,full,1
N81056,FOLLY LANE MEDICAL CENTRE,Active,ENGLAND,False,02E,QYG,,full,1
N81057,TOWER HOUSE PRACTICE,Active,ENGLAND,False,01F,QYG,,full,1
N81059,CULCHETH MEDICAL CENTRE,Active,ENGLAND,False,02E,QYG,,full,1
N81060,NESTON SURGERY,Active,ENGLAND,False,27D,QYG,,full,1
N81061,WITTON STREET SURGERY,Active,ENGLAND,False,27D,QYG,,full,1
N81062,CUMBERLAND HOUSE SURGERY,Active,ENGLAND,False,27D,QYG,,full,1
N81063,YORK ROAD GROUP PRACTICE,Active,ENGLAND,False,27D,QYG,,full,1
N81064,NEWTOWN SURGERY,Active,ENGLAND,False,01F,QYG,,full,1
N81065,LATCHFORD MEDICAL CENTRE,Active,ENGLAND,False,02E,QYG,,full,1
N81066,GROVE HOUSE PRACTICE,Active,ENGLAND,False,01F,QYG,,full,1
N81067,OAKWOOD MEDICAL CENTRE,Active,ENGLAND,False,27D,QYG,,full,1
N81068,GROSVENOR MEDICAL CENTRE,Active,ENGLAND,False,27D,QYG,,full,1
N81069,CHELFORD SURGERY,Active,ENGLAND,False,27D,QYG,,full,1
N81070,HANDFORTH HEALTH CENTRE,Active,ENGLAND,False,27D,QYG,,full,1
N81071,GREENMOSS MEDICAL CENTRE,Active,ENGLAND,False,27D,QYG,,full,1
N81072,MURDISHAW,Active,ENGLAND,False,01F,QYG,,full,1
N81073,PRIORSLEGH MEDICAL CENTRE,Inactive,ENGLAND,False,27D,QYG,,full,1
N81074,LAUNCESTON CLOSE SURGERY,Active,ENGLAND,False,27D,QYG,,full,1
N81075,STOCKTON HEATH MED.CENTRE,Active,ENGLAND,False,02E,QYG,,full,1
N81077,THE HEALTH CENTRE (HOLMES CHAPEL),Active,ENGLAND,False,27D,QYG,,full,1
N81079,THE ELMS MEDICAL CENTRE,Active,ENGLAND,False,27D,QYG,,full,1
N81080,NORTHGATE MEDICAL CENTRE,Active,ENGLAND,False,27D,QYG,,full,1
N81081,GARDEN LANE MEDICAL CTR.,Active,ENGLAND,False,27D,QYG,,full,1
N81082,CITY WALLS MEDICAL CENTRE,Active,ENGLAND,False,27D,QYG,,full,1
N81083,PARKVIEW MEDICAL CENTRE,Active,ENGLAND,False,02E,QYG,,full,1
N81084,ROPE GREEN MEDICAL CENTRE,Active,ENGLAND,False,27D,QYG,,full,1
N81085,PARK LANE SURGERY,Active,ENGLAND,False,27D,QYG,,full,1
N81086,WILMSLOW HEALTH CENTRE,Active,ENGLAND,False,27D,QYG,,full,1
N81087,DANEBRIDGE MEDICAL CENTRE,Active,ENGLAND,False,27D,QYG,,full,1
N81088,PARK GREEN SURGERY,Active,ENGLAND,False,27D,QYG,,full,1
N81089,GREENBANK SURGERY,Active,ENGLAND,False,02E,QYG,,full,1
N81090,TUDOR SURGERY,Active,ENGLAND,False,27D,QYG,,full,1
N81091,WHITBY GROUP PRACTICE SURGERY (BLACK),Inactive,ENGLAND,False,27D,QYG,,full,1
N81092,HOPE FARM MEDICAL CENTRE,Active,ENGLAND,False,27D,QYG,,full,1
N81093,WHITBY HEALTH PARTNERSHIP,Active,ENGLAND,False,27D,QYG,,full,1
N81094,THE GREAT SUTTON MED.CTR. (RED),Inactive,ENGLAND,False,27D,QYG,,full,1
N81095,THE GREAT SUTTON MED.CTR. (BLUE),Inactive,ENGLAND,False,27D,QYG,,full,1
N81096,BROOKVALE PRACTICE,Active,ENGLAND,False,01F,QYG,,full,1
N81097,DALLAM LANE MEDICAL CENTRE,Active,ENGLAND,False,02E,QYG,,full,1
N81100,UPTON VILLAGE SURGERY,Active,ENGLAND,False,27D,QYG,,full,1
N81101,THE HANDBRIDGE MED.CTR.,Active,ENGLAND,False,27D,QYG,,full,1
N81102,FOUNTAINS MEDICAL PRACTICE,Active,ENGLAND,False,27D,QYG,,full,1
N81104,THE WILLASTON SURGERY,Inactive,ENGLAND,False,,,,archive,1
N81107,MANCHESTER ROAD SURGERY,Active,ENGLAND,False,02E,QYG,,full,1
N81108,THE LAKESIDE SURGERY,Active,ENGLAND,False,02E,QYG,,full,1
N81109,PADGATE MEDICAL CENTRE,Active,ENGLAND,False,02E,QYG,,full,1
N81111,MEREPARK MEDICAL CENTRE,Active,ENGLAND,False,27D,QYG,,full,1
N81112,THE SCHOOLHOUSE SURGERY,Inactive,ENGLAND,False,27D,QYG,,full,1
N81113,MIDDLEWICH ROAD SURGERY,Active,ENGLAND,False,27D,QYG,,full,1
N81114,BIRCHWOOD MEDICAL CENTRE,Active,ENGLAND,False,02E,QYG,,full,1
N81115,LACHE HEALTH CENTRE,Active,ENGLAND,False,27D,QYG,,full,1
N81117,OLD HALL SURGERY,Active,ENGLAND,False,27D,QYG,,full,1
N81118,MEADOWSIDE MEDICAL CENTRE,Active,ENGLAND,False,27D,QYG,,full,1
N81119,HOUGH GREEN HEALTH PARK,Active,ENGLAND,False,01F,QYG,,full,1
N81120,KELSALL MEDICAL CENTRE,Active,ENGLAND,False,27D,QYG,,full,1
N81121,NORTHGATE VILLAGE SURGERY,Active,ENGLAND,False,27D,QYG,,full,1
N81122,WESTBROOK MEDICAL CENTRE,Active,ENGLAND,False,02E,QYG,,full,1
N81123,WILLOW WOOD SURGERY,Active,ENGLAND,False,27D,QYG,,full,1
N81124,JACKSON AVENUE HEALTH CENTRE,Inactive,ENGLAND,False,,,,archive,1
N81125,NESTON MEDICAL CENTRE,Active,ENGLAND,False,27D,QYG,,full,1
N81126,FARNDON HEALTH CENTRE,Inactive,ENGLAND,False,02F,,,archive,1
N81127,THE WEAVER VALE SURGERY,Active,ENGLAND,False,27D,QYG,,full,1
N81607,WESTMINSTER SURGERY,Active,ENGLAND,False,27D,QYG,,full,1
N81614,THE SURGERY,Active,ENGLAND,False,27D,QYG,,full,1
N81618,HEATH ROAD MEDICAL CENTRE,Inactive,ENGLAND,False,01F,QYG,,full,1
N81619,OAKS PLACE SURGERY,Active,ENGLAND,False,01F,QYG,,full,1
N81623,STRETTON MEDICAL CENTRE,Active,ENGLAND,False,02E,QYG,,full,1
N81624,THE VILLAGE SURGERIES GROUP,Active,ENGLAND,False,27D,QYG,,full,1
N81625,WEST BANK MEDICAL CENTRE,Inactive,ENGLAND,False,01F,QYG,,full,1
N81626,WESTERN AVE MEDICAL CTRE,Active,ENGLAND,False,27D,QYG,,full,1
N81628,THE ERIC MOORE PARTNERSHIP,Active,ENGLAND,False,02E,QYG,,full,1
N81632,BROKEN CROSS SURGERY,Active,ENGLAND,False,27D,QYG,,full,1
N81633,RIVERSIDE MED PRACTICE,Inactive,ENGLAND,False,,,,archive,1
N81634,CCA CARE PARTNERSHIP,Inactive,ENGLAND,False,02E,QYG,,archive,1
N81637,COCKHEDGE MEDICAL CENTRE,Active,ENGLAND,False,02E,QYG,,full,1
N81642,WATERS EDGE MEDICAL CENTRE,Active,ENGLAND,False,27D,QYG,,full,1
N81645,4 SEASONS MEDICAL CENTRE,Active,ENGLAND,False,02E,QYG,,full,1
N81651,UPTON ROCKS PRIMARY CARE,Active,ENGLAND,False,01F,QYG,,full,1
N81655,ST WERBURGH'S MEDICAL PRACTICE HOMELESS,Active,ENGLAND,False,27D,QYG,,full,1
N82001,THE MARGARET THOMPSON MED CENTRE,Active,ENGLAND,False,99A,QYG,,full,1
N82002,YEWTREE MEDICAL CENTRE,Active,ENGLAND,False,99A,QYG,,full,1
N82003,DOVECOT HEALTH CENTRE,Active,ENGLAND,False,99A,QYG,,full,1
N82004,GARSTON FAMILY HEALTH CENTRE,Active,ENGLAND,False,99A,QYG,,full,1
N82009,GRASSENDALE MEDICAL CENTRE,Active,ENGLAND,False,99A,QYG,,full,1
N82011,PRIORY MEDICAL CENTRE,Active,ENGLAND,False,99A,QYG,,full,1
N82014,LANCE LANE MEDICAL CENTRE,Active,ENGLAND,False,99A,QYG,,full,1
N82018,ELLERGREEN MEDICAL CENTRE,Active,ENGLAND,False,99A,QYG,,full,1
N82019,LANGBANK MEDICAL CENTRE,Active,ENGLAND,False,99A,QYG,,full,1
N82022,BEACON HEALTH KENSINGTON,Active,ENGLAND,False,99A,QYG,,full,1
N82024,WEST DERBY MEDICAL CENTRE,Active,ENGLAND,False,99A,QYG,,full,1
N82026,PENNY LANE SURGERY,Active,ENGLAND,False,99A,QYG,,full,1
N82033,DINGLE PARK PRACTICE,Active,ENGLAND,False,99A,QYG,,full,1
N82034,THE VILLAGE SURGERY,Active,ENGLAND,False,99A,QYG,,full,1
N82035,MATHER AVENUE SURGERY,Active,ENGLAND,False,99A,QYG,,full,1
N82036,NETHERLEY HEALTH CENTRE,Active,ENGLAND,False,99A,QYG,,full,1
N82037,WESTMORELAND GP CENTRE,Active,ENGLAND,False,99A,QYG,,full,1
N82039,STORRSDALE MEDICAL CENTRE,Active,ENGLAND,False,99A,QYG,,full,1
N82041,OAK VALE MEDICAL CENTRE,Active,ENGLAND,False,99A,QYG,,full,1
N82046,SEFTON PARK MEDICAL CENTRE,Active,ENGLAND,False,99A,QYG,,full,1
N82048,WALTON MEDICAL CENTRE,Active,ENGLAND,False,99A,QYG,,full,1
N82049,WESTMINSTER MEDICAL CENTRE,Active,ENGLAND,False,99A,QYG,,full,1
N82050,GATEACRE MEDICAL CENTRE,Active,ENGLAND,False,99A,QYG,,full,1
N82051,HEALTH ACTION BREEZE HILL,Inactive,ENGLAND,False,99A,QYG,,full,1
N82052,TOWNSEND MEDICAL CENTRE,Active,ENGLAND,False,99A,QYG,,full,1
N82053,AINTREE PARK GROUP PRACTICE,Active,ENGLAND,False,99A,QYG,,full,1
N82054,ABERCROMBY FAMILY PRACTICE,Active,ENGLAND,False,99A,QYG,,full,1
N82058,ROCK COURT SURGERY,Active,ENGLAND,False,99A,QYG,,full,1
N82059,GREENBANK DRIVE SURGERY,Active,ENGLAND,False,99A,QYG,,full,1
N82060,HEALTH ACTION STANLEY ROAD,Inactive,ENGLAND,False,99A,QYG,,full,1
N82062,FULWOOD GREEN MEDICAL CTR,Active,ENGLAND,False,99A,QYG,,full,1
N82065,EARLE ROAD MEDICAL CENTRE,Active,ENGLAND,False,99A,QYG,,full,1
N82066,WOOLTON HOUSE MEDICAL CTR,Active,ENGLAND,False,99A,QYG,,full,1
N82067,BENIM MEDICAL CENTRE,Active,ENGLAND,False,99A,QYG,,full,1
N82070,THE ELMS MEDICAL CENTRE,Active,ENGLAND,False,99A,QYG,,full,1
N82073,THE ASH SURGERY,Active,ENGLAND,False,99A,QYG,,full,1
N82074,OLD SWAN HEALTH CENTRE,Active,ENGLAND,False,99A,QYG,,full,1
N82076,BROWNLOW HEALTH @ PRINCES PARK,Active,ENGLAND,False,99A,QYG,,full,1
N82077,BOUSFIELD SURGERY - DR SHAH,Active,ENGLAND,False,99A,QYG,,full,1
N82078,BOUSFIELD - ROBERTS,Active,ENGLAND,False,99A,QYG,,full,1
N82079,GREENBANK ROAD SURGERY,Active,ENGLAND,False,99A,QYG,,full,1
N82081,ISLINGTON HOUSE MEDICAL CENTRE,Active,ENGLAND,False,99A,QYG,,full,1
N82082,ST. JAMES' HEALTH CENTRE,Active,ENGLAND,False,99A,QYG,,full,1
N82083,JUBILEE MEDICAL CENTRE,Active,ENGLAND,False,99A,QYG,,full,1
N82084,GATEACRE BROW SURGERY,Active,ENGLAND,False,99A,QYG,,full,1
N82086,ABINGDON FAMILY HEALTH CARE CENTRE,Active,ENGLAND,False,99A,QYG,,full,1
N82087,GILLMOSS MEDICAL CENTRE,Active,ENGLAND,False,99A,QYG,,full,1
N82089,PICTON GREEN,Active,ENGLAND,False,99A,QYG,,full,1
N82090,GREEN LANE MEDICAL CENTRE,Active,ENGLAND,False,99A,QYG,,full,1
N82091,GP PRACTICE RIVERSIDE (DR JUDE),Active,ENGLAND,False,99A,QYG,,full,1
N82092,THE VALLEY MEDICAL CENTRE,Active,ENGLAND,False,99A,QYG,,full,1
N82093,DERBY LANE MEDICAL CENTRE,Active,ENGLAND,False,99A,QYG,,full,1
N82094,BELLE VALE HEALTH CENTRE,Active,ENGLAND,False,99A,QYG,,full,1
N82095,ALBION SURGERY,Active,ENGLAND,False,99A,QYG,,full,1
N82097,THE GREY ROAD SURGERY,Active,ENGLAND,False,99A,QYG,,full,1
N82099,MERE LANE GROUP PRACTICE,Active,ENGLAND,False,99A,QYG,,full,1
N82100,HEALTHACTION CHILDWALL,Inactive,ENGLAND,False,99A,QYG,,full,1
N82101,KIRKDALE MEDICAL CENTRE,Active,ENGLAND,False,99A,QYG,,full,1
N82103,ANFIELD GROUP PRACTICE,Active,ENGLAND,False,99A,QYG,,full,1
N82104,STONEYCROFT MEDICAL CENTRE,Active,ENGLAND,False,99A,QYG,,full,1
N82106,THE VILLAGE MEDICAL CTRE,Active,ENGLAND,False,99A,QYG,,full,1
N82107,BEACON HEALTH MOSSLEY HILL,Active,ENGLAND,False,99A,QYG,,full,1
N82108,RUTHERFORD MEDICAL CENTRE,Active,ENGLAND,False,99A,QYG,,full,1
N82109,SPEKE HC - DR THAKUR,Active,ENGLAND,False,99A,QYG,,full,1
N82110,LONG LANE,Active,ENGLAND,False,99A,QYG,,full,1
N82113,FAIRFIELD MEDICAL CENTRE,Active,ENGLAND,False,99A,QYG,,full,1
N82115,VAUXHALL HEALTH CENTRE,Active,ENGLAND,False,99A,QYG,,full,1
N82116,HILLFOOT HEALTH,Active,ENGLAND,False,99A,QYG,,full,1
N82117,BROWNLOW GROUP PRACTICE,Active,ENGLAND,False,99A,QYG,,full,1
N82617,BROWNLOW AT MARYBONE,Active,ENGLAND,False,99A,QYG,,full,1
N82621,SPEKE HC - DR MANGARAI,Inactive,ENGLAND,False,99A,QYG,,full,1
N82623,HEALTHACTION ROBSON STREET,Inactive,ENGLAND,False,99A,QYG,,full,1
N82633,CALVARY HEALTH CENTRE,Active,ENGLAND,False,99A,QYG,,full,1
N82641,SANDRINGHAM MEDICAL CENTRE,Active,ENGLAND,False,99A,QYG,,full,1
N82642,DR'S DAR & KHAN,Inactive,ENGLAND,False,,,,archive,1
N82645,BROWNLOW HEALTH AT KENSINGTON,Active,ENGLAND,False,99A,QYG,,full,1
N82646,DR JUDE'S PRACTICE - RIVERSIDE,Active,ENGLAND,False,99A,QYG,,full,1
N82647,PRIMARY CARE CONNECT ANFIELD,Inactive,ENGLAND,False,99A,QYG,,full,1
N82648,POULTER ROAD MEDICAL CENTRE,Active,ENGLAND,False,99A,QYG,,full,1
N82650,SPEKE HC - DR SINGH & DR BICHA,Active,ENGLAND,False,99A,QYG,,full,1
N82651,STANLEY MEDICAL CENTRE,Active,ENGLAND,False,99A,QYG,,full,1
N82655,MOSS WAY,Active,ENGLAND,False,99A,QYG,,full,1
N82657,VAUXHALL HEALTH,Inactive,ENGLAND,False,99A,QYG,,full,1
N82659,BAYCLIFFE FAMILY HEALTH CENTRE,Inactive,ENGLAND,False,99A,QYG,,full,1
N82662,DUNSTAN VILLAGE GROUP PRACTICE,Active,ENGLAND,False,99A,QYG,,full,1
N82663,HORNSPIT MEDICAL CENTRE,Active,ENGLAND,False,99A,QYG,,full,1
N82664,ROCKY LANE MEDICAL CENTRE,Active,ENGLAND,False,99A,QYG,,full,1
N82665,PRIMARY CARE CONNECT EVERTON,Inactive,ENGLAND,False,99A,QYG,,full,1
N82668,WALTON VILLAGE MEDICAL CENTRE,Active,ENGLAND,False,99A,QYG,,full,1
N82669,GREAT HOMER STREET MEDICAL CENTRE,Active,ENGLAND,False,99A,QYG,,full,1
N82670,PARK VIEW,Inactive,ENGLAND,False,99A,QYG,,full,1
N82671,BIGHAM ROAD MEDICAL CENTRE,Active,ENGLAND,False,99A,QYG,,full,1
N82676,FIR TREE,Active,ENGLAND,False,99A,QYG,,full,1
N82678,STOPGATE LANE MEDICAL CTR,Active,ENGLAND,False,99A,QYG,,full,1
N82679,OLD SWAN HEALTH CENTRE,Inactive,ENGLAND,False,,,,archive,1
N83001,RAINBOW MEDICAL CENTRE,Active,ENGLAND,False,01X,QYG,,full,1
N83002,PATTERDALE LODGE MED CTRE,Active,ENGLAND,False,01X,QYG,,full,1
N83003,ORMSKIRK HOUSE SURGERY,Active,ENGLAND,False,01X,QYG,,full,1
N83005,VISTA ROAD SURGERY,Active,ENGLAND,False,01X,QYG,,full,1
N83006,PHOENIX MEDICAL CENTRE,Active,ENGLAND,False,01X,QYG,,full,1
N83007,LINGHOLME HEALTH CENTRE,Active,ENGLAND,False,01X,QYG,,full,1
N83008,BERRYMEAD FAMILY MED.CTR.,Active,ENGLAND,False,01X,QYG,,full,1
N83009,WINGATE MEDICAL CENTRE,Active,ENGLAND,False,01J,QYG,,full,1
N83010,RAINHILL VILLAGE SURGERY,Active,ENGLAND,False,01X,QYG,,full,1
N83012,MILL STREET MEDICAL CTR.,Active,ENGLAND,False,01X,QYG,,full,1
N83013,THE HEALTH CENTRE SURGERY,Active,ENGLAND,False,01J,QYG,,full,1
N83014,DINAS LANE MEDICAL CENTRE,Active,ENGLAND,False,01J,QYG,,full,1
N83015,BLUEBELL LANE SURGERY,Inactive,ENGLAND,False,01J,QYG,,full,1
N83016,THE ACORN PROJECT,Inactive,ENGLAND,False,01X,QYG,,archive,1
N83017,HALL STREET MEDICAL CENTRE,Active,ENGLAND,False,01X,QYG,,full,1
N83018,STOCKBRIDGE VILLAGE HC,Active,ENGLAND,False,01J,QYG,,full,1
N83019,BILLINGE MEDICAL PRACTICE,Active,ENGLAND,False,01X,QYG,,full,1
N83020,MODALITY ST HELENS,Active,ENGLAND,False,01X,QYG,,full,1
N83021,FOUR ACRE HEALTH CENTRE,Active,ENGLAND,False,01X,QYG,,full,1
N83022,LIME GROVE SURGERY,Inactive,ENGLAND,False,01X,QYG,,full,1
N83023,ATLAS MEDICAL PRACTICE,Active,ENGLAND,False,01X,QYG,,full,1
N83024,PARK HOUSE MEDICAL CENTRE,Active,ENGLAND,False,01J,QYG,,full,1
N83025,CORNERWAYS MEDICAL CENTRE,Active,ENGLAND,False,01J,QYG,,full,1
N83026,PARKFIELD SURGERY,Active,ENGLAND,False,01X,QYG,,full,1
N83027,CENTRAL SURGERY,Active,ENGLAND,False,01X,QYG,,full,1
N83028,ASTON HEALTHCARE LIMITED,Active,ENGLAND,False,01J,QYG,,full,1
N83030,DR M SUARES' PRACTICE,Active,ENGLAND,False,01J,QYG,,full,1
N83031,ROSEHEATH SURGERY,Active,ENGLAND,False,01J,QYG,,full,1
N83032,MILLBROOK MEDICAL CENTRE,Active,ENGLAND,False,01J,QYG,,full,1
N83033,ST. LAURENCE'S MEDICAL CENTRE,Active,ENGLAND,False,01J,QYG,,full,1
N83035,THE SPINNEY MEDICAL CTR.,Active,ENGLAND,False,01X,QYG,,full,1
N83041,RAINFORD HEALTH CENTRE,Active,ENGLAND,False,01X,QYG,,full,1
N83043,LONGVIEW MEDICAL CENTRE,Active,ENGLAND,False,01J,QYG,,full,1
N83045,NEWTON PRACTICE,Active,ENGLAND,False,01X,QYG,,full,1
N83047,TARBOCK MEDICAL CENTRE,Active,ENGLAND,False,01J,QYG,,full,1
N83049,KENNETH MACRAE MED CENTRE,Active,ENGLAND,False,01X,QYG,,full,1
N83050,THE BOWERY MEDICAL CENTRE,Active,ENGLAND,False,01X,QYG,,full,1
N83053,LONGTON MEDICAL CENTRE,Active,ENGLAND,False,01X,QYG,,full,1
N83054,BETHANY MEDICAL CENTRE,Active,ENGLAND,False,01X,QYG,,full,1
N83055,TRENTHAM MEDICAL CENTRE,Inactive,ENGLAND,False,01J,QYG,,full,1
N83056,PRINCESS DRIVE MEDICAL CENTRE,Inactive,ENGLAND,False,01J,QYG,,archive,1
N83057,FAMILY HEALTH CENTRE,Inactive,ENGLAND,False,01J,QYG,,archive,1
N83060,HOLLY BANK SURGERY,Inactive,ENGLAND,False,01X,QYG,,full,1
N83601,THE MACMILLAN SURGERY,Active,ENGLAND,False,01J,QYG,,full,1
N83603,PRESCOT MEDICAL CENTRE,Active,ENGLAND,False,01J,QYG,,full,1
N83604,CORNERSTONE SURGERY,Inactive,ENGLAND,False,01X,QYG,,full,1
N83605,HOLLIES MEDICAL CENTRE,Active,ENGLAND,False,01J,QYG,,full,1
N83608,DR MAASSARANI & PARTNERS,Active,ENGLAND,False,01J,QYG,,full,1
N83609,CEDAR CROSS MEDICAL CENTRE,Active,ENGLAND,False,01J,QYG,,full,1
N83610,COLBY MEDICAL CENTRE,Active,ENGLAND,False,01J,QYG,,full,1
N83611,CROSS LANE SURGERY,Inactive,ENGLAND,False,01J,QYG,,full,1
N83612,ST JOHN'S SURGERY,Inactive,ENGLAND,False,01J,QYG,,full,1
N83614,ECCLESTON MEDICAL CENTRE,Active,ENGLAND,False,01X,QYG,,full,1
N83619,ROBY MEDICAL CENTRE,Active,ENGLAND,False,01J,QYG,,full,1
N83620,WINDERMERE MEDICAL CENTRE,Active,ENGLAND,False,01X,QYG,,full,1
N83621,HILLSIDE HOUSE SURGERY,Active,ENGLAND,False,01J,QYG,,full,1
N83622,PRIMROSE MEDICAL PRACTICE,Active,ENGLAND,False,01J,QYG,,full,1
N83624,DR RAHIL'S SURGERY,Active,ENGLAND,False,01X,QYG,,full,1
N83628,NEWTON COMMUNITY HOSPITAL PRACTICE,Inactive,ENGLAND,False,01X,QYG,,full,1
N83633,NUTGROVE VILLA SURGERY,Active,ENGLAND,False,01J,QYG,,full,1
N83635,THE CROSSROADS SURGERY,Inactive,ENGLAND,False,01X,QYG,,full,1
N83636,LANCASTER HOUSE MED.CTR.,Inactive,ENGLAND,False,01X,QYG,,full,1
N83637,NEWHOLME SURGERY,Active,ENGLAND,False,01X,QYG,,full,1
N84001,42 KINGSWAY,Active,ENGLAND,False,01T,QYG,,full,1
N84002,AINTREE ROAD MEDICAL CENTRE,Active,ENGLAND,False,01T,QYG,,full,1
N84003,HIGH PASTURES SURGERY,Active,ENGLAND,False,01T,QYG,,full,1
N84004,GLOVERS LANE SURGERY,Active,ENGLAND,False,01T,QYG,,full,1
N84005,CUMBERLAND HOUSE SURGERY,Active,ENGLAND,False,01V,QYG,,full,1
N84006,CHAPEL LANE SURGERY,Active,ENGLAND,False,01V,QYG,,full,1
N84007,LIVERPOOL RD MEDICAL PRACTICE,Active,ENGLAND,False,01T,QYG,,full,1
N84008,NORWOOD SURGERY,Active,ENGLAND,False,01V,QYG,,full,1
N84009,AZALEA SURGERY,Inactive,ENGLAND,False,01T,QYG,,full,1
N84010,MAGHULL FAMILY SURGERY,Active,ENGLAND,False,01T,QYG,,full,1
N84011,EASTVIEW SURGERY,Active,ENGLAND,False,01T,QYG,,full,1
N84012,AINSDALE MEDICAL CENTRE,Active,ENGLAND,False,01V,QYG,,full,1
N84013,CHRISTIANA HARTLEY MEDICAL PRACTICE,Active,ENGLAND,False,01V,QYG,,full,1
N84014,AINSDALE VILLAGE SURGERY,Active,ENGLAND,False,01V,QYG,,full,1
N84015,BOOTLE VILLAGE SURGERY,Active,ENGLAND,False,01T,QYG,,full,1
N84016,MOORE STREET MEDICAL CENTRE,Active,ENGLAND,False,01T,QYG,,full,1
N84017,CHURCHTOWN MEDICAL CENTRE,Active,ENGLAND,False,01V,QYG,,full,1
N84018,THE VILLAGE SURGERY FORMBY,Active,ENGLAND,False,01V,QYG,,full,1
N84019,NORTH PARK HEALTH CENTRE,Active,ENGLAND,False,01T,QYG,,full,1
N84020,BLUNDELLSANDS SURGERY,Active,ENGLAND,False,01T,QYG,,full,1
N84021,ST MARKS MEDICAL CENTRE (TCG MEDICAL),Active,ENGLAND,False,01V,QYG,,full,1
N84023,BRIDGE ROAD MEDICAL CENTRE,Active,ENGLAND,False,01T,QYG,,full,1
N84024,GRANGE SURGERY,Active,ENGLAND,False,01V,QYG,,full,1
N84025,WESTWAY MEDICAL CENTRE,Active,ENGLAND,False,01T,QYG,,full,1
N84026,CROSBY VILLAGE SURGERY,Inactive,ENGLAND,False,01T,QYG,,full,1
N84027,ORRELL PARK MEDICAL CENTRE,Active,ENGLAND,False,01T,QYG,,full,1
N84028,THE STRAND MEDICAL CENTRE,Active,ENGLAND,False,01T,QYG,,full,1
N84029,FORD MEDICAL PRACTICE,Active,ENGLAND,False,01T,QYG,,full,1
N84032,SUSSEX ROAD SURGERY,Inactive,ENGLAND,False,,,,archive,1
N84034,PARK STREET SURGERY,Active,ENGLAND,False,01T,QYG,,full,1
N84035,15 SEFTON ROAD,Active,ENGLAND,False,01T,QYG,,full,1
N84036,FRESHFIELD SURGERY,Inactive,ENGLAND,False,01V,QYG,,full,1
N84037,LINCOLN HOUSE SURGERY,Inactive,ENGLAND,False,01V,QYG,,full,1
N84038,CONCEPT HOUSE SURGERY,Active,ENGLAND,False,01T,QYG,,full,1
N84041,KINGSWAY SURGERY,Active,ENGLAND,False,01T,QYG,,full,1
N84043,SEAFORTH VILLAGE SURGERY,Active,ENGLAND,False,01T,QYG,,full,1
N84605,LITHERLAND PRACTICE,Active,ENGLAND,False,01T,QYG,,full,1
N84611,ROE LANE SURGERY,Inactive,ENGLAND,False,01V,QYG,,full,1
N84613,THE CORNER SURGERY (DR MULLA),Active,ENGLAND,False,01V,QYG,,full,1
N84614,THE MARSHSIDE SURGERY,Active,ENGLAND,False,01V,QYG,,full,1
N84615,RAWSON ROAD MEDICAL CENTRE,Active,ENGLAND,False,01T,QYG,,full,1
N84616,SEFTON ROAD SURGERY,Inactive,ENGLAND,False,,,,archive,1
N84617,KEW SURGERY,Active,ENGLAND,False,01V,QYG,,full,1
N84618,THE HOLLIES FAMILY SURGERY,Inactive,ENGLAND,False,01V,QYG,,full,1
N84621,GREAT CROSBY AND THORNTON,Active,ENGLAND,False,01T,QYG,,full,1
N84622,MAGHULL HEALTH CENTRE,Inactive,ENGLAND,False,01T,QYG,,archive,1
N84624,MAGHULL HEALTH CENTRE,Inactive,ENGLAND,False,01T,QYG,,full,1
N84625,THE FAMILY SURGERY,Active,ENGLAND,False,01V,QYG,,full,1
N84626,HIGHTOWN VILLAGE SURGERY,Active,ENGLAND,False,01T,QYG,,full,1
N84627,CROSSWAYS PRACTICE,Inactive,ENGLAND,False,01T,QYG,,full,1
N84630,NETHERTON SURGERY,Active,ENGLAND,False,01T,QYG,,full,1
N85001,ESTUARY MEDICAL PRACTICE,Inactive,ENGLAND,False,12F,QYG,,full,1
N85002,MARINE LAKE MEDICAL PRACTICE,Active,ENGLAND,False,12F,QYG,,full,1
N85003,ALLPORT MEDICAL CENTRE,Inactive,ENGLAND,False,12F,QYG,,full,1
N85004,WEST KIRBY HEALTH CTR_SIDA EC,Inactive,ENGLAND,False,,,,archive,1
N85005,EASTHAM GROUP PRACTICE,Active,ENGLAND,False,12F,QYG,,full,1
N85006,CIVIC MEDICAL CENTRE,Active,ENGLAND,False,12F,QYG,,full,1
N85007,MYRTLE GROUP PRACTICE,Active,ENGLAND,False,12F,QYG,,full,1
N85008,WEST WIRRAL GROUP PRACTICE,Active,ENGLAND,False,12F,QYG,,full,1
N85009,COMMONFIELD RD SURGERY,Inactive,ENGLAND,False,12F,QYG,,full,1
N85011,WEST KIRBY HEALTH CENTRE_SMETHURST ME,Inactive,ENGLAND,False,,,,archive,1
N85012,ST GEORGES MEDICAL CENTRE,Active,ENGLAND,False,12F,QYG,,full,1
N85013,UPTON GROUP PRACTICE,Active,ENGLAND,False,12F,QYG,,full,1
N85014,TOWNFIELD HEALTH CENTRE,Inactive,ENGLAND,False,12F,QYG,,full,1
N85015,DEVANEY MED CTR,Active,ENGLAND,False,12F,QYG,,full,1
N85016,RIVERSIDE SURGERY,Active,ENGLAND,False,12F,QYG,,full,1
N85017,CAVENDISH MEDICAL CENTRE,Active,ENGLAND,False,12F,QYG,,full,1
N85018,THE VILLA MEDICAL CENTRE,Active,ENGLAND,False,12F,QYG,,full,1
N85019,WHETSTONE LANE MED CTR,Active,ENGLAND,False,12F,QYG,,full,1
N85020,ST CATHERINE'S SURGERY,Active,ENGLAND,False,12F,QYG,,full,1
N85021,HAMILTON MED CTR,Active,ENGLAND,False,12F,QYG,,full,1
N85022,HOLMLANDS MED CTR,Active,ENGLAND,False,12F,QYG,,full,1
N85023,MANOR HEALTH CTR,Active,ENGLAND,False,12F,QYG,,full,1
N85024,SOMERVILLE MED CTR,Active,ENGLAND,False,12F,QYG,,full,1
N85025,ST HILARY GROUP PRACTICE,Active,ENGLAND,False,12F,QYG,,full,1
N85027,CENTRAL PARK MEDICAL CENTRE,Active,ENGLAND,False,12F,QYG,,full,1
N85028,MORETON GROUP PRACTICE,Active,ENGLAND,False,12F,QYG,,full,1
N85029,FENDER WAY HEALTH CTR_REAM JE,Inactive,ENGLAND,False,12F,QYG,,archive,1
N85031,GLADSTONE MED CTR,Active,ENGLAND,False,12F,QYG,,full,1
N85032,GREASBY GROUP PRACTICE,Active,ENGLAND,False,12F,QYG,,full,1
N85034,PARKFIELD MED CTR,Inactive,ENGLAND,False,12F,QYG,,full,1
N85037,HEATHERLANDS MED CTR,Active,ENGLAND,False,12F,QYG,,full,1
N85038,VITTORIA MED CTR G,Active,ENGLAND,False,12F,QYG,,full,1
N85040,MORETON HEALTH CLINIC,Inactive,ENGLAND,False,12F,QYG,,full,1
N85041,GREENWAY SURGERY_DOW SC,Inactive,ENGLAND,False,12F,QYG,,full,1
N85044,PAXTON MEDICAL GROUP,Active,ENGLAND,False,12F,QYG,,full,1
N85046,HOYLAKE RD MET CTR,Active,ENGLAND,False,12F,QYG,,full,1
N85047,ORCHARD SURGERY,Active,ENGLAND,False,12F,QYG,,full,1
N85048,MORETON MEDICAL CENTRE,Active,ENGLAND,False,12F,QYG,,full,1
N85051,SUNLIGHT GROUP PRACTICE,Active,ENGLAND,False,12F,QYG,,full,1
N85052,GROVE RD SURGERY,Active,ENGLAND,False,12F,QYG,,full,1
N85053,FIELD RD HEALTH CTR,Inactive,ENGLAND,False,12F,QYG,,full,1
N85054,KINGS LANE MEDICAL PRACTICE,Active,ENGLAND,False,12F,QYG,,full,1
N85056,WALLASEY VILLAGE GROUP PRAC_CAMERON EF,Inactive,ENGLAND,False,,,,archive,1
N85057,TEEHEY LANE SURGERY,Active,ENGLAND,False,12F,QYG,,full,1
N85058,SILVERDALE MED CTR,Inactive,ENGLAND,False,12F,QYG,,full,1
N85059,HOYLAKE & MEOLS MEDICAL CTR,Active,ENGLAND,False,12F,QYG,,full,1
N85614,MANTGANI AB & PARTNER (SEABANK-PC905),Inactive,ENGLAND,False,,,,archive,1
N85616,LISCARD GROUP PRACTICE,Active,ENGLAND,False,12F,QYG,,full,1
N85617,SPITAL SURGERY,Active,ENGLAND,False,12F,QYG,,full,1
N85619,EARLSTON AND SEABANK MED CTR,Inactive,ENGLAND,False,12F,QYG,,full,1
N85620,THE VILLAGE MEDICAL CENTRE,Active,ENGLAND,False,12F,QYG,,full,1
N85624,LEASOWE MED CTR_RYAN KE,Inactive,ENGLAND,False,,,,archive,1
N85625,MIRIAM PRIMARY CARE GROUP,Active,ENGLAND,False,12F,QYG,,full,1
N85629,EGREMONT MED CTR,Active,ENGLAND,False,12F,QYG,,full,1
N85633,CHURCH ROAD MEDICAL PRACTICE,Active,ENGLAND,False,12F,QYG,,full,1
N85634,VITTORIA MED CTR K,Active,ENGLAND,False,12F,QYG,,full,1
N85635,MILL LANE SURGERY_KIDD S,Inactive,ENGLAND,False,,,,archive,1
N85640,LEASOWE MEDICAL PRACTICE,Active,ENGLAND,False,12F,QYG,,full,1
N85643,PRENTON & WOODCHURCH MEDICAL CENTRE,Active,ENGLAND,False,12F,QYG,,full,1
N85648,BLACKHEATH MED CTR,Active,ENGLAND,False,12F,QYG,,full,1
P81002,LANCASTER MEDICAL PRACTICE,Active,ENGLAND,False,01K,QE1,,full,1
P81003,ST JAMES' MEDICAL CENTRE,Active,ENGLAND,False,01A,QE1,,full,1
P81004,ELIZABETH STREET SURGERY,Inactive,ENGLAND,False,00R,QE1,,full,1
P81005,LITTLE HARWOOD HEALTH CENTRE,Active,ENGLAND,False,00Q,QE1,,full,1
P81006,GARSTANG MEDICAL PRACTICE,Active,ENGLAND,False,02M,QE1,,full,1
P81008,YORKSHIRE STREET MEDICAL CENTRE,Active,ENGLAND,False,01A,QE1,,full,1
P81010,WITHNELL HEALTH CENTRE,Active,ENGLAND,False,00X,QE1,,full,1
P81011,MEADOWSIDE MEDICAL PRACT,Inactive,ENGLAND,False,01K,QE1,,full,1
P81013,QUEEN SQUARE MEDICAL PRACTICE,Active,ENGLAND,False,01K,QE1,,full,1
P81014,ORMSKIRK MEDICAL PRACTICE,Active,ENGLAND,False,02G,QE1,,full,1
P81015,LYTHAM ROAD SURGERY,Active,ENGLAND,False,01E,QE1,,full,1
P81016,WATERLOO MEDICAL CENTRE,Active,ENGLAND,False,00R,QE1,,full,1
P81017,WHALLEY MEDICAL CENTRE,Active,ENGLAND,False,01A,QE1,,full,1
P81018,ST FILLAN'S MEDICAL CTRE,Active,ENGLAND,False,01E,QE1,,full,1
P81020,BURNLEY GROUP PRACTICE,Active,ENGLAND,False,01A,QE1,,full,1
P81022,WITTON MEDICAL CENTRE,Active,ENGLAND,False,00Q,QE1,,full,1
P81025,THE RICHMOND HILL PRACTICE,Active,ENGLAND,False,01A,QE1,,full,1
P81027,IRWELL MEDICAL PRACTICE,Active,ENGLAND,False,01A,QE1,,full,1
P81028,MANCHESTER ROAD SURGERY,Inactive,ENGLAND,False,01A,QE1,,full,1
P81029,ASH TREES SURGERY,Active,ENGLAND,False,01K,QE1,,full,1
P81031,POPLAR HOUSE SURGERY,Active,ENGLAND,False,02M,QE1,,full,1
P81032,REEDYFORD HLTH CARE GROUP,Active,ENGLAND,False,01A,QE1,,full,1
P81033,COPPULL MEDICAL PRACTICE,Active,ENGLAND,False,00X,QE1,,full,1
P81035,COLNE ROAD SURGERY,Active,ENGLAND,False,01A,QE1,,full,1
P81036,PEEL HOUSE MEDICAL PRACTICE,Active,ENGLAND,False,01A,QE1,,full,1
P81037,ANSDELL MEDICAL CENTRE,Active,ENGLAND,False,02M,QE1,,full,1
P81038,THE CHORLEY SURGERY,Active,ENGLAND,False,00X,QE1,,full,1
P81039,MANOR PRIMARY CARE,Active,ENGLAND,False,02G,QE1,,full,1
P81040,LONGTON HEALTH CENTRE,Active,ENGLAND,False,01E,QE1,,full,1
P81041,PARKGATE SURGERY,Active,ENGLAND,False,02G,QE1,,full,1
P81042,ADELAIDE STREET SURGERY,Active,ENGLAND,False,00R,QE1,,full,1
P81043,SOUTH KING STREET MEDICAL CENTRE,Active,ENGLAND,False,00R,QE1,,full,1
P81044,LIBRARY HOUSE SURGERY,Active,ENGLAND,False,00X,QE1,,full,1
P81045,THE ELMS PRACTICE,Active,ENGLAND,False,02G,QE1,,full,1
P81046,PARK VIEW SURGERY,Active,ENGLAND,False,01E,QE1,,full,1
P81047,PARKSIDE SURGERY,Active,ENGLAND,False,01A,QE1,,full,1
P81051,DARWEN HEALTHCARE,Active,ENGLAND,False,00Q,QE1,,full,1
P81053,BRIERCLIFFE SURGERY,Active,ENGLAND,False,01A,QE1,,full,1
P81054,MARTON MEDICAL PRACTICE,Active,ENGLAND,False,00R,QE1,,full,1
P81055,BERRY LANE MEDICAL CENTRE,Active,ENGLAND,False,01E,QE1,,full,1
P81056,ROSEBANK SURGERY,Inactive,ENGLAND,False,01K,QE1,,full,1
P81057,WORDEN MEDICAL CENTRE,Active,ENGLAND,False,00X,QE1,,full,1
P81058,ST GEORGES SURGERY,Active,ENGLAND,False,00Q,QE1,,full,1
P81059,GREAT ECCLESTON HLTH CTR,Active,ENGLAND,False,02M,QE1,,full,1
P81061,REDLAM SURGERY,Active,ENGLAND,False,00Q,QE1,,full,1
P81062,REGENT HOUSE SURGERY,Active,ENGLAND,False,00X,QE1,,full,1
P81063,ST PAULS MEDICAL CENTRE,Active,ENGLAND,False,00R,QE1,,full,1
P81064,KING STREET SURGERY,Inactive,ENGLAND,False,01K,QE1,,full,1
P81065,THE PENDLE MEDICAL PARTNERSHIP,Active,ENGLAND,False,01A,QE1,,full,1
P81066,LAYTON MEDICAL CENTRE,Active,ENGLAND,False,00R,QE1,,full,1
P81067,THE HEALTHCARE CENTRE,Active,ENGLAND,False,01E,QE1,,full,1
P81069,PENDLESIDE MEDICAL PRACT,Active,ENGLAND,False,01A,QE1,,full,1
P81070,PENDLE VIEW MEDICAL CENTRE,Active,ENGLAND,False,01A,QE1,,full,1
P81071,THE NEW HALL LANE PRACTICE,Active,ENGLAND,False,01E,QE1,,full,1
P81072,GLENROYD MEDICAL CENTRE,Active,ENGLAND,False,00R,QE1,,full,1
P81073,CLEVELEYS GROUP PRACTICE,Active,ENGLAND,False,00R,QE1,,full,1
P81074,HIGHFIELD SURGERY,Active,ENGLAND,False,00R,QE1,,full,1
P81076,SANDY LANE SURGERY,Active,ENGLAND,False,00X,QE1,,full,1
P81077,HOLLAND HOUSE SURGERY,Active,ENGLAND,False,02M,QE1,,full,1
P81078,BARNOLDSWICK MED CTR,Active,ENGLAND,False,01A,QE1,,full,1
P81079,THE THORNTON PRACTICE,Active,ENGLAND,False,02M,QE1,,full,1
P81081,ARNOLD MEDICAL CENTRE,Active,ENGLAND,False,00R,QE1,,full,1
P81082,THE RYAN MEDICAL CENTRE,Active,ENGLAND,False,00X,QE1,,full,1
P81083,ROSLEA SURGERY,Active,ENGLAND,False,00X,QE1,,full,1
P81084,HALL GREEN SURGERY,Active,ENGLAND,False,02G,QE1,,full,1
P81085,YORK BRIDGE SURGERY,Inactive,ENGLAND,False,01K,QE1,,full,1
P81086,BROADWAY MEDICAL CENTRE,Active,ENGLAND,False,02M,QE1,,full,1
P81087,THE OVER-WYRE MED.CTR.,Active,ENGLAND,False,02M,QE1,,full,1
P81088,WHITWORTH MEDICAL CENTRE,Active,ENGLAND,False,01A,QE1,,full,1
P81089,THE MOUNT VIEW PRACTICE,Active,ENGLAND,False,02M,QE1,,full,1
P81091,OWEN ROAD SURGERY,Inactive,ENGLAND,False,01K,QE1,,full,1
P81092,THE CRESCENT SURGERY,Active,ENGLAND,False,00R,QE1,,full,1
P81093,THE GEOFFREY STREET SURGERY,Inactive,ENGLAND,False,01E,QE1,,full,1
P81095,THURSBY SURGERY,Active,ENGLAND,False,01A,QE1,,full,1
P81096,PARBOLD SURGERY,Active,ENGLAND,False,02G,QE1,,full,1
P81099,HASLINGDEN HEALTHCARE,Active,ENGLAND,False,01A,QE1,,full,1
P81100,THE CASTLE MEDICAL GROUP,Active,ENGLAND,False,01A,QE1,,full,1
P81103,NORTH PRESTON MEDICAL PRACTICE,Active,ENGLAND,False,01E,QE1,,full,1
P81104,OXFORD ROAD MEDICAL CTRE,Inactive,ENGLAND,False,01A,QE1,,full,1
P81107,STONEBRIDGE SURGERY,Active,ENGLAND,False,01E,QE1,,full,1
P81109,DR S AHMED'S PRACTICE,Inactive,ENGLAND,False,00Q,QE1,,archive,1
P81112,BEACON PRIMARY CARE,Active,ENGLAND,False,02G,QE1,,full,1
P81113,PARK VIEW SURGERY,Active,ENGLAND,False,01K,QE1,,full,1
P81115,BLOOMFIELD MEDICAL CENTRE,Active,ENGLAND,False,00R,QE1,,full,1
P81117,CENTRAL PARK SURGERY,Active,ENGLAND,False,00X,QE1,,full,1
P81118,ILEX VIEW MEDICAL PRACTICE,Active,ENGLAND,False,01A,QE1,,full,1
P81119,LANE ENDS SURGERY,Active,ENGLAND,False,01E,QE1,,full,1
P81121,BIRLEYWOOD HEALTH CENTRE,Inactive,ENGLAND,False,02G,QE1,,full,1
P81123,PWE PENDLE VALLEY MILL,Active,ENGLAND,False,01A,QE1,,full,1
P81125,OAKENHURST MEDICAL PRACTICE,Active,ENGLAND,False,00Q,QE1,,full,1
P81127,GAB HEALTHCARE,Active,ENGLAND,False,00X,QE1,,full,1
P81128,KIRKHAM HEALTH CENTRE,Active,ENGLAND,False,02M,QE1,,full,1
P81129,ASH TREE HOUSE SURGERY,Active,ENGLAND,False,02M,QE1,,full,1
P81130,PADIHAM GROUP PRACTICE,Active,ENGLAND,False,01A,QE1,,full,1
P81132,WATERFOOT MEDICAL PRACTICE,Active,ENGLAND,False,01A,QE1,,full,1
P81133,THE VILLAGE PRACTICE,Active,ENGLAND,False,02M,QE1,,full,1
P81134,KIDDROW MEDICAL PRACTICE,Inactive,ENGLAND,False,01A,QE1,,full,1
P81136,DR A BISARYA,Active,ENGLAND,False,02G,QE1,,full,1
P81137,BURNLEY WOOD MEDICAL CENTRE,Active,ENGLAND,False,01A,QE1,,full,1
P81138,BURSCOUGH FAMILY PRACTICE,Active,ENGLAND,False,02G,QE1,,full,1
P81140,DARWEN HEALTHLINK,Active,ENGLAND,False,00Q,QE1,,full,1
P81143,WHITTLE SURGERY,Active,ENGLAND,False,00X,QE1,,full,1
P81146,MYRTLE HOUSE,Inactive,ENGLAND,False,01A,QE1,,full,1
P81147,ARG HEALTHCARE,Active,ENGLAND,False,01A,QE1,,full,1
P81149,LOCKWOOD GP SURGERY,Active,ENGLAND,False,02M,QE1,,full,1
P81150,PARCLIFFE MEDICAL CENTRE,Active,ENGLAND,False,02M,QE1,,full,1
P81152,THE SURGERY,Inactive,ENGLAND,False,01E,QE1,,full,1
P81153,THE WESTGATE MED PRACTICE,Inactive,ENGLAND,False,01K,QE1,,full,1
P81154,GRANVILLE HOUSE MED CTRE,Active,ENGLAND,False,00X,QE1,,full,1
P81155,BROWNHILL SURGERY,Active,ENGLAND,False,00Q,QE1,,full,1
P81157,FERNBANK SURGERY,Active,ENGLAND,False,02M,QE1,,full,1
P81159,STONYHILL MEDICAL PRACTICE,Active,ENGLAND,False,00R,QE1,,full,1
P81160,OSWALD MEDICAL CENTRE,Active,ENGLAND,False,01A,QE1,,full,1
P81163,THE ST PAULS SURGERY,Inactive,ENGLAND,False,01E,QE1,,full,1
P81165,IGHTENHILL MEDICAL CENTRE,Active,ENGLAND,False,01A,QE1,,full,1
P81166,DR BELLO'S SURGERY,Active,ENGLAND,False,01A,QE1,,full,1
P81167,STEPPING STONE PRACTICE,Active,ENGLAND,False,00Q,QE1,,full,1
P81169,FISHERGATE HILL SURGERY,Active,ENGLAND,False,01E,QE1,,full,1
P81170,NELSON MEDICAL PRACTICE,Active,ENGLAND,False,01A,QE1,,full,1
P81171,THE EUXTON MEDICAL CENTRE,Active,ENGLAND,False,00X,QE1,,full,1
P81172,NEWTON DRIVE HEALTH CENTRE,Active,ENGLAND,False,00R,QE1,,full,1
P81173,CROSTON MEDICAL CENTRE,Inactive,ENGLAND,False,00X,QE1,,full,1
P81176,MOOR PARK SURGERY,Inactive,ENGLAND,False,01E,QE1,,full,1
P81177,VIRAN MEDICAL CENTRE,Inactive,ENGLAND,False,02G,QE1,,full,1
P81179,LOSTOCK HALL MEDICAL CTR.,Active,ENGLAND,False,01E,QE1,,full,1
P81180,CLAYTON BROOK SURGERY,Active,ENGLAND,False,00X,QE1,,full,1
P81181,KINGSFOLD MEDICAL CENTRE,Active,ENGLAND,False,00X,QE1,,full,1
P81182,RICHMOND MEDICAL CENTRE,Active,ENGLAND,False,01A,QE1,,full,1
P81184,RIBBLETON MEDICAL CENTRE,Active,ENGLAND,False,01E,QE1,,full,1
P81185,RIVERSIDE MEDICAL CENTRE,Active,ENGLAND,False,01E,QE1,,full,1
P81186,MOSS SIDE MEDICAL CENTRE,Active,ENGLAND,False,00X,QE1,,full,1
P81190,LANDSCAPE SURGERY,Inactive,ENGLAND,False,01K,QE1,,full,1
P81191,QUEENSWAY MEDICAL CENTRE,Active,ENGLAND,False,02M,QE1,,full,1
P81196,ISSA MEDICAL CENTRE - PATEL,Active,ENGLAND,False,01E,QE1,,full,1
P81197,ROSEGROVE SURGERY,Active,ENGLAND,False,01A,QE1,,full,1
P81201,ASHURST PRIMARY CARE,Active,ENGLAND,False,02G,QE1,,full,1
P81204,EWOOD MEDICAL CENTRE,Inactive,ENGLAND,False,00Q,QE1,,full,1
P81208,EXCEL PRIMARY CARE,Active,ENGLAND,False,02G,QE1,,full,1
P81210,PARK MEDICAL PRACTICE,Inactive,ENGLAND,False,02M,QE1,,full,1
P81212,HAZELVALLEY FAMILY PRACTICE,Active,ENGLAND,False,01A,QE1,,full,1
P81213,ST. MARY'S HEALTH CENTRE,Active,ENGLAND,False,01E,QE1,,full,1
P81214,LIMEFIELD SURGERY,Active,ENGLAND,False,00Q,QE1,,full,1
P81215,ROSEHILL SURGERY,Inactive,ENGLAND,False,01A,QE1,,full,1
P81218,THE CLAYTON MEDICAL CTR.,Active,ENGLAND,False,01A,QE1,,full,1
P81607,THE MONTAGUE PRACTICE,Inactive,ENGLAND,False,00Q,QE1,,full,1
P81620,SLAIDBURN HEALTH CENTRE,Active,ENGLAND,False,01A,QE1,,full,1
P81622,SHIFA SURGERY,Active,ENGLAND,False,00Q,QE1,,full,1
P81624,STRAWBERRY GARDENS MEDICAL PRACTICE,Inactive,ENGLAND,False,01K,QE1,,archive,1
P81629,SOUTH SHORE PRIMARY CARE CENTRE,Inactive,ENGLAND,False,,,,archive,1
P81633,SPRING-FENISCO HEALTHLINK,Active,ENGLAND,False,00Q,QE1,,full,1
P81634,COLNE CORNER SURGERY,Inactive,ENGLAND,False,01A,QE1,,full,1
P81642,MEDICARE UNIT SURGERY,Inactive,ENGLAND,False,00X,QE1,,full,1
P81643,BROOKHOUSE MEDICAL CENTRE,Inactive,ENGLAND,False,00Q,QE1,,full,1
P81646,LATHOM HOUSE SURGERY,Active,ENGLAND,False,02G,QE1,,full,1
P81647,GUTTERIDGE MEDICAL CENTRE,Active,ENGLAND,False,01E,QE1,,full,1
P81655,THE VILLAGE SURGERIES CROSTON&ECCLESTON,Active,ENGLAND,False,00X,QE1,,full,1
P81659,THE ROYLE,Inactive,ENGLAND,False,01A,QE1,,full,1
P81664,THE PARK MEDICAL PRACTICE,Active,ENGLAND,False,01E,QE1,,full,1
P81667,ST WALBURGE'S MEDICAL PRACTICE,Inactive,ENGLAND,False,01E,QE1,,full,1
P81668,FLEETWOOD SURGERY,Active,ENGLAND,False,02M,QE1,,full,1
P81674,STANLEY COURT SURGERY,Active,ENGLAND,False,02G,QE1,,full,1
P81677,HIGH STREET SURGERY,Inactive,ENGLAND,False,,,,archive,1
P81681,NORTH SHORE SURGERY,Active,ENGLAND,False,00R,QE1,,full,1
P81683,OLIVE MEDICAL CENTRE,Active,ENGLAND,False,00Q,QE1,,full,1
P81684,HARROWSIDE MEDICAL CENTRE,Inactive,ENGLAND,False,00R,QE1,,full,1
P81685,DR ALI GUTTRIDGE MEDICAL CENTRE,Active,ENGLAND,False,01E,QE1,,full,1
P81686,ROSSENDALE VALLEY MEDICAL PRACTICE,Active,ENGLAND,False,01A,QE1,,full,1
P81687,NEW LONGTON SURGERY,Active,ENGLAND,False,00X,QE1,,full,1
P81688,ANSDELL SUBSIDIARY,Inactive,ENGLAND,False,,,,archive,1
P81689,EAVES LANE SURGERY,Inactive,ENGLAND,False,00X,QE1,,full,1
P81690,BELLE VUE SURGERY,Inactive,ENGLAND,False,02M,QE1,,full,1
P81691,BEECH DRIVE SURGERY,Inactive,ENGLAND,False,01E,QE1,,full,1
P81692,BEECHES MEDICAL CENTRE,Active,ENGLAND,False,00X,QE1,,full,1
P81694,FAMILY PRACTICE,Active,ENGLAND,False,00Q,QE1,,full,1
P81695,AUGHTON SURGERY,Active,ENGLAND,False,02G,QE1,,full,1
P81699,HIGHER HEYS SURGERY,Active,ENGLAND,False,01A,QE1,,full,1
P81700,COTTAM LANE - DR NATH,Inactive,ENGLAND,False,01E,QE1,,full,1
P81701,DR DAWOUD'S SURGERY,Active,ENGLAND,False,00X,QE1,,full,1
P81704,BLAKEWATER HEALTHCARE,Active,ENGLAND,False,00Q,QE1,,full,1
P81705,ISSA MEDICAL CENTRE - KHAN,Inactive,ENGLAND,False,,,,archive,1
P81707,WILLIAM HOPWOOD STREET SURGERY,Active,ENGLAND,False,00Q,QE1,,full,1
P81709,ROMAN ROAD HEALTH CENTRE,Active,ENGLAND,False,00Q,QE1,,full,1
P81710,TARLETON GROUP PRACTICE,Active,ENGLAND,False,02G,QE1,,full,1
P81711,DILL HALL SURGERY,Active,ENGLAND,False,01A,QE1,,full,1
P81712,DARWEN HEALTH CENTRE,Inactive,ENGLAND,False,00Q,QE1,,full,1
P81713,THE SURGERY DINMORE,Inactive,ENGLAND,False,00R,QE1,,full,1
P81714,ABBEY DALE MEDICAL CENTRE,Active,ENGLAND,False,00R,QE1,,full,1
P81721,HOLLINS GROVE SURGERY,Active,ENGLAND,False,00Q,QE1,,full,1
P81722,ASHFIELD MEDICAL CENTRE,Inactive,ENGLAND,False,00R,QE1,,full,1
P81724,PRINGLE STREET SURGERY,Active,ENGLAND,False,00Q,QE1,,full,1
P81726,KING STREET MEDICAL CTR,Active,ENGLAND,False,01A,QE1,,full,1
P81727,COUNTY ROAD SURGERY,Inactive,ENGLAND,False,02G,QE1,,full,1
P81730,GREAT HARWOOD MEDICAL GROUP,Active,ENGLAND,False,01A,QE1,,full,1
P81731,DR JEHANGIR (SH),Active,ENGLAND,False,01A,QE1,,full,1
P81732,HARAMBEE SURGERY,Active,ENGLAND,False,01A,QE1,,full,1
P81733,ECCLESTON HEALTH CENTRE,Inactive,ENGLAND,False,00X,QE1,,full,1
P81734,THE CORNERSTONE PRACTICE,Active,ENGLAND,False,00Q,QE1,,full,1
P81735,DR A HUSSAIN,Active,ENGLAND,False,01E,QE1,,full,1
P81736,WHITEFIELD HEALTHCARE,Active,ENGLAND,False,01A,QE1,,full,1
P81737,THE OLD LINKS SURGERY,Inactive,ENGLAND,False,02M,QE1,,full,1
P81738,GREAT HARWOOD SURGERY,Inactive,ENGLAND,False,01A,QE1,,full,1
P81740,ADLINGTON MEDICAL CENTRE,Active,ENGLAND,False,00X,QE1,,full,1
P81741,STATION SURGERY,Active,ENGLAND,False,00X,QE1,,full,1
P81742,BEECHWOOD SURGERY,Active,ENGLAND,False,02M,QE1,,full,1
P81745,WAVERLEY SURGERY,Inactive,ENGLAND,False,,,,archive,1
P81746,CUNLIFFE MEDICAL CENTRE,Inactive,ENGLAND,False,00X,QE1,,archive,1
P81748,BRIARWOOD MEDICAL CENTRE,Active,ENGLAND,False,01E,QE1,,full,1
P81749,ABBEY SURGERY,Inactive,ENGLAND,False,01A,QE1,,full,1
P81750,FRENCHWOOD SURGERY,Inactive,ENGLAND,False,01E,QE1,,full,1
P81754,VICARAGE LANE SURGERY,Inactive,ENGLAND,False,00R,QE1,,full,1
P81755,THE WEAVERS PRACTICE,Active,ENGLAND,False,01A,QE1,,full,1
P81756,DANEHOUSE MEDICAL PRACTICE,Inactive,ENGLAND,False,01A,QE1,,full,1
P81757,BARROWFORD SURGERY,Active,ENGLAND,False,01A,QE1,,full,1
P81758,MATTHEW RYDER CLINIC,Inactive,ENGLAND,False,02G,QE1,,full,1
P81760,GORTON MEDICAL CENTRE,Inactive,ENGLAND,False,00R,QE1,,full,1
P81762,CARLETON PRACTICE,Inactive,ENGLAND,False,02M,QE1,,full,1
P81763,DR HP CHAKRABARTI,Inactive,ENGLAND,False,01E,QE1,,full,1
P81764,SKELMERSDALE FAMILY PRACTICE,Inactive,ENGLAND,False,02G,QE1,,full,1
P81769,LOSTOCK HALL VILLAGE SURGERY,Inactive,ENGLAND,False,00X,QE1,,full,1
P81770,AVENHAM SURGERY,Active,ENGLAND,False,01E,QE1,,full,1
P81771,PRIMROSE BANK MEDICAL CENTRE,Active,ENGLAND,False,00Q,QE1,,full,1
P81772,NORTH MEOLS MEDICAL CENTRE,Inactive,ENGLAND,False,02G,QE1,,full,1
P81774,DR A LITTLER,Inactive,ENGLAND,False,02G,QE1,,full,1
P81775,THE MEDICAL CENTRE CHURCH ROAD,Inactive,ENGLAND,False,,,,archive,1
P81778,DR A K JHA (SH),Inactive,ENGLAND,False,01A,QE1,,full,1
P81779,EAGLE MEDICAL PRACTICE,Inactive,ENGLAND,False,01A,QE1,,archive,1
P81780,RIVERSIDE FAMILY PRACTICE,Active,ENGLAND,False,01A,QE1,,full,1
P81785,MEDICOM LTD,Inactive,ENGLAND,False,01E,QE1,,full,1
P81797,BRIERFIELD PMS,Inactive,ENGLAND,False,01A,QE1,,archive,1
P82001,THE DUNSTAN PARTNERSHIP,Active,ENGLAND,False,00T,QOP,,full,1
P82002,PIKES LANE 1,Active,ENGLAND,False,00T,QOP,,full,1
P82003,KILDONAN HOUSE,Active,ENGLAND,False,00T,QOP,,full,1
P82004,SWAN LANE MEDICAL CENTRE,Active,ENGLAND,False,00T,QOP,,full,1
P82005,STABLE FOLD SURGERY,Active,ENGLAND,False,00T,QOP,,full,1
P82006,"PIKE VIEW, DR MALHOTRA & PARTNERS",Active,ENGLAND,False,00T,QOP,,full,1
P82007,KEARSLEY MEDICAL CENTRE,Active,ENGLAND,False,00T,QOP,,full,1
P82008,STONEHILL MEDICAL CENTRE,Active,ENGLAND,False,00T,QOP,,full,1
P82009,ST HELENS ROAD PRACTICE,Active,ENGLAND,False,00T,QOP,,full,1
P82010,DALEFIELD SURGERY,Active,ENGLAND,False,00T,QOP,,full,1
P82011,TONGE FOLD HEALTH CENTRE,Active,ENGLAND,False,00T,QOP,,full,1
P82012,OCTAGON MEDICAL CENTRE,Active,ENGLAND,False,00T,QOP,,full,1
P82013,THE BOLTON FAMILY PRACTICE,Active,ENGLAND,False,00T,QOP,,full,1
P82014,SPRING HOUSE SURGERY,Active,ENGLAND,False,00T,QOP,,full,1
P82015,UNSWORTH GROUP PRACTICE,Active,ENGLAND,False,00T,QOP,,full,1
P82016,HARWOOD MEDICAL CENTRE,Active,ENGLAND,False,00T,QOP,,full,1
P82018,THE ALASTAIR ROSS MEDICAL PRACTICE,Active,ENGLAND,False,00T,QOP,,full,1
P82020,LITTLE LEVER HEALTH CENTRE 1,Active,ENGLAND,False,00T,QOP,,full,1
P82021,THE OAKS FAMILY PRACTICE,Active,ENGLAND,False,00T,QOP,,full,1
P82022,DR RIZWAN AND DR AWAN,Active,ENGLAND,False,00T,QOP,,full,1
P82023,MANDALAY MEDICAL CENTRE,Active,ENGLAND,False,00T,QOP,,full,1
P82025,BURNSIDE SURGERY,Active,ENGLAND,False,00T,QOP,,full,1
P82029,HALLIWELL SURGERY 2,Active,ENGLAND,False,00T,QOP,,full,1
P82030,DEANE MEDICAL CENTRE,Active,ENGLAND,False,00T,QOP,,full,1
P82031,HEATON MEDICAL CENTRE,Active,ENGLAND,False,00T,QOP,,full,1
P82033,BRADFORD STREET SURGERY,Active,ENGLAND,False,00T,QOP,,full,1
P82034,EDGWORTH MEDICAL CENTRE,Active,ENGLAND,False,00T,QOP,,full,1
P82036,LITTLE LEVER HEALTH CENTRE 2,Active,ENGLAND,False,00T,QOP,,full,1
P82037,FIG TREE MEDICAL PRACTICE,Active,ENGLAND,False,00T,QOP,,full,1
P82607,CROMPTON VIEW SURGERY,Active,ENGLAND,False,00T,QOP,,full,1
P82609,SHANTI MEDICAL CENTRE,Active,ENGLAND,False,00T,QOP,,full,1
P82613,SPRING VIEW MEDICAL CENTRE,Active,ENGLAND,False,00T,QOP,,full,1
P82616,BEEHIVE SURGERY,Active,ENGLAND,False,00T,QOP,,full,1
P82624,ORIENT HOUSE MEDICAL CENTRE,Active,ENGLAND,False,00T,QOP,,full,1
P82625,CHARLOTTE STREET SURGERY,Active,ENGLAND,False,00T,QOP,,full,1
P82626,HALLIWELL SURGERY 3,Active,ENGLAND,False,00T,QOP,,full,1
P82627,CORNERSTONE SURGERY,Active,ENGLAND,False,00T,QOP,,full,1
P82629,DR S NASEEF,Active,ENGLAND,False,00T,QOP,,full,1
P82633,GREAT LEVER ONE,Active,ENGLAND,False,00T,QOP,,full,1
P82634,WYRESDALE ROAD SURGERY,Active,ENGLAND,False,00T,QOP,,full,1
P82640,AL FAL MEDICAL GROUP,Active,ENGLAND,False,00T,QOP,,full,1
P82643,BROMLEY MEADOWS SURGERY,Active,ENGLAND,False,00T,QOP,,full,1
P82652,FARNWORTH FAMILY PRACTICE,Active,ENGLAND,False,00T,QOP,,full,1
P82657,GREENLAND ROAD,Inactive,ENGLAND,False,,,,archive,1
P82660,DEANE CLINIC 1,Active,ENGLAND,False,00T,QOP,,full,1
P83001,FAIRFAX GROUP PRACTICE,Active,ENGLAND,False,00V,QOP,,full,1
P83004,THE UPLANDS MEDICAL PRACTICE,Active,ENGLAND,False,00V,QOP,,full,1
P83005,TOWNSIDE SURGERY,Active,ENGLAND,False,00V,QOP,,full,1
P83006,RAMSBOTTOM MEDICAL PRACTICE,Active,ENGLAND,False,00V,QOP,,full,1
P83007,RADCLIFFE MEDICAL PRACTICE,Active,ENGLAND,False,00V,QOP,,full,1
P83008,MINDEN FAMILY PRACTICES - DR SHEKAR,Inactive,ENGLAND,False,00V,QOP,,full,1
P83009,BLACKFORD HOUSE MEDICAL CENTRE,Active,ENGLAND,False,00V,QOP,,full,1
P83010,MONARCH MEDICAL CENTRE,Active,ENGLAND,False,00V,QOP,,full,1
P83011,UNSWORTH MEDICAL CENTRE,Active,ENGLAND,False,00V,QOP,,full,1
P83012,TOWER FAMILY HEALTHCARE,Active,ENGLAND,False,00V,QOP,,full,1
P83015,RIBBLESDALE MEDICAL PRACTICE,Active,ENGLAND,False,00V,QOP,,full,1
P83017,WOODBANK SURGERY,Active,ENGLAND,False,00V,QOP,,full,1
P83019,MINDEN FAMILY PRACTICES - DR NORMAN,Inactive,ENGLAND,False,00V,QOP,,full,1
P83020,MINDEN FAMILY PRACTICES - DR SAXENA,Inactive,ENGLAND,False,00V,QOP,,full,1
P83021,PEEL GPS,Active,ENGLAND,False,00V,QOP,,full,1
P83023,GREENMOUNT MEDICAL CENTRE,Inactive,ENGLAND,False,00V,QOP,,full,1
P83024,KNOWSLEY MEDICAL CENTRE,Active,ENGLAND,False,00V,QOP,,full,1
P83025,ST GABRIEL'S MEDICAL CENTRE,Active,ENGLAND,False,00V,QOP,,full,1
P83026,PEEL GPS - DR PALANIAPPAN,Inactive,ENGLAND,False,00V,QOP,,archive,1
P83027,GREYLAND MEDICAL CENTRE,Active,ENGLAND,False,00V,QOP,,full,1
P83029,SPRING LANE SURGERY,Inactive,ENGLAND,False,00V,QOP,,full,1
P83030,PEEL GPS DR CHACKO,Inactive,ENGLAND,False,00V,QOP,,archive,1
P83603,RED BANK GROUP PRACTICE,Active,ENGLAND,False,00V,QOP,,full,1
P83605,WHITTAKER LANE MED CENTRE,Active,ENGLAND,False,00V,QOP,,full,1
P83608,THE ELMS MEDICAL CENTRE,Active,ENGLAND,False,00V,QOP,,full,1
P83609,THE BIRCHES MEDICAL CENTRE,Active,ENGLAND,False,00V,QOP,,full,1
P83611,WALMERSLEY ROAD MEDICAL PRACTICE,Active,ENGLAND,False,00V,QOP,,full,1
P83612,MILE LANE HEALTH CENTRE,Active,ENGLAND,False,00V,QOP,,full,1
P83620,GARDEN CITY MEDICAL CENTRE,Active,ENGLAND,False,00V,QOP,,full,1
P83621,HUNTLEY MOUNT MEDICAL CENTRE,Active,ENGLAND,False,00V,QOP,,full,1
P83623,LONGFIELD MEDICAL PRACTICE,Active,ENGLAND,False,00V,QOP,,full,1
P84004,FIVE OAKS FAMILY PRACTICE,Active,ENGLAND,False,14L,QOP,,full,1
P84005,VALLANCE MEDICAL,Active,ENGLAND,False,14L,QOP,,full,1
P84009,AILSA CRAIG MEDICAL CENTRE,Active,ENGLAND,False,14L,QOP,,full,1
P84010,THE BORCHARDT MEDICAL CENTRE,Active,ENGLAND,False,14L,QOP,,full,1
P84012,NORTHENDEN GROUP PRACTICE,Active,ENGLAND,False,14L,QOP,,full,1
P84014,RK MEDICAL PRACTICE,Active,ENGLAND,False,14L,QOP,,full,1
P84016,LEVENSHULME MEDICAL PRACTICE,Active,ENGLAND,False,14L,QOP,,full,1
P84017,LADYBARN GROUP PRACTICE,Active,ENGLAND,False,14L,QOP,,full,1
P84018,MAULDETH MEDICAL CENTRE,Active,ENGLAND,False,14L,QOP,,full,1
P84019,VALENTINE MEDICAL CENTRE,Active,ENGLAND,False,14L,QOP,,full,1
P84020,PEEL HALL MEDICAL CENTRE,Active,ENGLAND,False,14L,QOP,,full,1
P84021,THE MAPLES MEDICAL CENTRE,Active,ENGLAND,False,14L,QOP,,full,1
P84022,KINGSWAY MEDICAL PRACTICE,Active,ENGLAND,False,14L,QOP,,full,1
P84023,SURREY LODGE PRACTICE,Active,ENGLAND,False,14L,QOP,,full,1
P84024,BOWLAND MEDICAL PRACTICE,Active,ENGLAND,False,14L,QOP,,full,1
P84025,ST GEORGE'S MEDICAL CENTRE,Active,ENGLAND,False,14L,QOP,,full,1
P84026,DICKENSON ROAD MEDICAL CENTRE,Active,ENGLAND,False,14L,QOP,,full,1
P84027,WEST POINT MEDICAL CENTRE,Active,ENGLAND,False,14L,QOP,,full,1
P84028,GORTON MEDICAL CENTRE,Active,ENGLAND,False,14L,QOP,,full,1
P84029,BENCHILL MEDICAL PRACTICE,Active,ENGLAND,False,14L,QOP,,full,1
P84030,NEW COLLEGIATE MEDICAL CENTRE,Active,ENGLAND,False,14L,QOP,,full,1
P84032,DRS HANIF & BANNURU,Active,ENGLAND,False,14L,QOP,,full,1
P84033,BEACON MEDICAL CENTRE,Active,ENGLAND,False,14L,QOP,,full,1
P84034,BARLOW MEDICAL CENTRE,Active,ENGLAND,False,14L,QOP,,full,1
P84035,BODEY MEDICAL CENTRE,Active,ENGLAND,False,14L,QOP,,full,1
P84037,ARDWICK MEDICAL PRACTICE,Active,ENGLAND,False,14L,QOP,,full,1
P84038,ASHVILLE SURGERY,Active,ENGLAND,False,14L,QOP,,full,1
P84039,THE RANGE MEDICAL CENTRE,Active,ENGLAND,False,14L,QOP,,full,1
P84040,CONRAN MEDICAL CENTRE,Active,ENGLAND,False,14L,QOP,,full,1
P84041,CORNERSTONE FAMILY PRACTICE,Active,ENGLAND,False,14L,QOP,,full,1
P84042,FLORENCE HOUSE MEDICAL PRACTICE,Active,ENGLAND,False,14L,QOP,,full,1
P84043,CORNISHWAY GROUP PRACTICE,Active,ENGLAND,False,14L,QOP,,full,1
P84045,THE PARK MEDICAL CENTRE,Active,ENGLAND,False,14L,QOP,,full,1
P84046,CHEETHAM HILL MEDICAL CENTRE,Active,ENGLAND,False,14L,QOP,,full,1
P84047,ALL SAINTS MEDICAL CENTRE,Active,ENGLAND,False,14L,QOP,,full,1
P84048,TREGENNA GROUP PRACTICE,Active,ENGLAND,False,14L,QOP,,full,1
P84049,THE AVENUE MEDICAL CENTRE,Active,ENGLAND,False,14L,QOP,,full,1
P84050,MOUNT ROAD SURGERY,Active,ENGLAND,False,14L,QOP,,full,1
P84051,EASTLANDS MEDICAL CENTRE,Active,ENGLAND,False,14L,QOP,,full,1
P84052,WEST GORTON MEDICAL PRACTICE,Active,ENGLAND,False,14L,QOP,,full,1
P84053,ASHCROFT SURGERY,Active,ENGLAND,False,14L,QOP,,full,1
P84054,WHITLEY ROAD MEDICAL CENTRE,Active,ENGLAND,False,14L,QOP,,full,1
P84055,MERSEYBANK SURGERY,Inactive,ENGLAND,False,14L,QOP,,full,1
P84056,PRINCESS ROAD SURGERY,Active,ENGLAND,False,14L,QOP,,full,1
P84057,KAYA PRACTICE,Inactive,ENGLAND,False,,,,archive,1
P84059,LIME SQUARE MEDICAL CENTRE,Active,ENGLAND,False,14L,QOP,,full,1
P84061,BROOKLANDS MEDICAL PRACTICE,Active,ENGLAND,False,14L,QOP,,full,1
P84062,BROOKDALE SURGERY,Inactive,ENGLAND,False,14L,QOP,,full,1
P84063,DR CHEN & DAVIS,Inactive,ENGLAND,False,,,,archive,1
P84064,NEW ISLINGTON MEDICAL CENTRE,Active,ENGLAND,False,14L,QOP,,full,1
P84065,CHURCH VIEW MEDICAL CENTRE,Active,ENGLAND,False,14L,QOP,,full,1
P84066,DAVID MEDICAL CENTRE,Active,ENGLAND,False,14L,QOP,,full,1
P84067,HAZELDENE MEDICAL CENTRE,Active,ENGLAND,False,14L,QOP,,full,1
P84068,CHORLTON FAMILY PRACTICE,Active,ENGLAND,False,14L,QOP,,full,1
P84070,NEWTON HEATH MEDICAL CENTRE,Active,ENGLAND,False,14L,QOP,,full,1
P84071,WILBRAHAM SURGERY,Active,ENGLAND,False,14L,QOP,,full,1
P84072,THE ROBERT DARBISHIRE PRACTICE,Active,ENGLAND,False,14L,QOP,,full,1
P84074,WELLFIELD MEDICAL CENTRE,Active,ENGLAND,False,14L,QOP,,full,1
P84605,FERNCLOUGH SURGERY,Active,ENGLAND,False,14L,QOP,,full,1
P84611,BRUNSWICK MEDICAL PRACTICE,Active,ENGLAND,False,14L,QOP,,full,1
P84616,MANCHESTER MEDICAL,Inactive,ENGLAND,False,14L,QOP,,full,1
P84623,ALEESHAN MEDICAL CENTRE,Inactive,ENGLAND,False,14L,QOP,,full,1
P84626,WILMSLOW ROAD SURGERY,Active,ENGLAND,False,14L,QOP,,full,1
P84627,DR TIWARI'S PRACTICE,Inactive,ENGLAND,False,00W,,,archive,1
P84630,THE ARCH MEDICAL PRACTICE,Active,ENGLAND,False,14L,QOP,,full,1
P84631,ARTANE MEDICAL CENTRE,Inactive,ENGLAND,False,14L,QOP,,full,1
P84635,THE WHITSWOOD PRACTICE,Active,ENGLAND,False,14L,QOP,,full,1
P84637,DR KHAN'S PRACTICE,Active,ENGLAND,False,14L,QOP,,full,1
P84639,FALLOWFIELD MEDICAL CENTRE,Active,ENGLAND,False,14L,QOP,,full,1
P84640,QUEENS MEDICAL CENTRE,Inactive,ENGLAND,False,14L,QOP,,full,1
P84644,PARKSIDE SURGERY,Active,ENGLAND,False,14L,QOP,,full,1
P84645,PARK VIEW MEDICAL CENTRE,Active,ENGLAND,False,14L,QOP,,full,1
P84650,THE ALEXANDRA PRACTICE,Active,ENGLAND,False,14L,QOP,,full,1
P84651,NORTHERN MOOR MEDICAL PRACTICE,Active,ENGLAND,False,14L,QOP,,full,1
P84652,CORKLAND ROAD MEDICAL PRACTICE,Inactive,ENGLAND,False,14L,QOP,,full,1
P84659,DR HUSSAIN'S PRACTICE,Inactive,ENGLAND,False,,,,archive,1
P84663,THE NEVILLE FAMILY CENTRE,Active,ENGLAND,False,14L,QOP,,full,1
P84665,WITHINGTON MEDICAL PRACTICE,Active,ENGLAND,False,14L,QOP,,full,1
P84669,CORNBROOK MEDICAL PRACTICE,Active,ENGLAND,False,14L,QOP,,full,1
P84672,WOODLANDS MEDICAL PRACTICE,Active,ENGLAND,False,14L,QOP,,full,1
P84673,ANCOATS URBAN VILLAGE MEDICAL PRACTICE,Active,ENGLAND,False,14L,QOP,,full,1
P84676,OSWALD ROAD MEDICAL PRACTICE,Inactive,ENGLAND,False,14L,QOP,,full,1
P84677,DIDSBURY MEDICAL CENTRE- DR ASHWORTH,Inactive,ENGLAND,False,,,,archive,1
P84678,DIDSBURY MEDICAL CENTRE - DR WHITAKER,Active,ENGLAND,False,14L,QOP,,full,1
P84679,WILLOWBANK SURGERY,Active,ENGLAND,False,14L,QOP,,full,1
P84682,BURNAGE HEALTHCARE PRACTICE,Inactive,ENGLAND,False,14L,QOP,,full,1
P84683,THE DOC'S SURGERY,Active,ENGLAND,False,14L,QOP,,full,1
P84684,CRUMPSALL MEDICAL PRACTICE,Active,ENGLAND,False,14L,QOP,,full,1
P84689,MANCHESTER INTEGRATIVE MEDICAL PRACTICE,Active,ENGLAND,False,14L,QOP,,full,1
P84690,DAM HEAD MEDICAL CENTRE,Active,ENGLAND,False,14L,QOP,,full,1
P85001,DONALD WILDE MEDICAL CENTRE,Inactive,ENGLAND,False,00Y,QOP,,full,1
P85002,ST MARY'S MEDICAL CENTRE,Active,ENGLAND,False,00Y,QOP,,full,1
P85003,THE CHOWDHURY PRACTICE,Active,ENGLAND,False,00Y,QOP,,full,1
P85004,CHADDERTON MEDICAL PRACTICE,Active,ENGLAND,False,00Y,QOP,,full,1
P85005,LEESBROOK SURGERY,Active,ENGLAND,False,00Y,QOP,,full,1
P85006,THE PARKS MEDICAL PRACTICE,Inactive,ENGLAND,False,00Y,QOP,,full,1
P85007,OLDHAM FAMILY PRACTICE,Active,ENGLAND,False,00Y,QOP,,full,1
P85008,FAILSWORTH GROUP PRACTICE,Inactive,ENGLAND,False,00Y,QOP,,full,1
P85010,WOODLANDS MEDICAL PRACTICE,Active,ENGLAND,False,00Y,QOP,,full,1
P85011,CH MEDICAL PRACTICE,Active,ENGLAND,False,00Y,QOP,,full,1
P85012,OLDHAM MEDICAL SERVICES,Active,ENGLAND,False,00Y,QOP,,full,1
P85013,THE ROYTON & CROMPTON FAMILY PRACTICE,Active,ENGLAND,False,00Y,QOP,,full,1
P85014,HOPWOOD HOUSE MEDICAL PRACTICE,Active,ENGLAND,False,00Y,QOP,,full,1
P85015,ALEXANDRA GROUP MED PRACT,Active,ENGLAND,False,00Y,QOP,,full,1
P85016,SADDLEWORTH MEDICAL PRACTICE,Active,ENGLAND,False,00Y,QOP,,full,1
P85017,OAK GABLES MEDICAL PRACTICE,Active,ENGLAND,False,00Y,QOP,,full,1
P85018,MD FAMILY PRACTICE,Active,ENGLAND,False,00Y,QOP,,full,1
P85019,ROYTON MEDICAL CENTRE,Active,ENGLAND,False,00Y,QOP,,full,1
P85020,SPRINGFIELD HOUSE,Active,ENGLAND,False,00Y,QOP,,full,1
P85021,GREENBANK MEDICAL PRACTICE,Active,ENGLAND,False,00Y,QOP,,full,1
P85022,LEES MEDICAL PRACTICE,Active,ENGLAND,False,00Y,QOP,,full,1
P85025,THE SURGERY,Inactive,ENGLAND,False,00Y,QOP,,full,1
P85026,QUAYSIDE MEDICAL PRACTICE,Active,ENGLAND,False,00Y,QOP,,full,1
P85028,BLOCK LANE SURGERY,Inactive,ENGLAND,False,00Y,QOP,,full,1
P85029,RADCLIFFE MEDICAL PRACTICE,Inactive,ENGLAND,False,,,,archive,1
P85601,JALAL PRACTICE,Active,ENGLAND,False,00Y,QOP,,full,1
P85602,SARAF MEDICAL PRACTICE,Inactive,ENGLAND,False,00Y,QOP,,full,1
P85603,ADDY PRACTICE,Inactive,ENGLAND,False,00Y,QOP,,archive,1
P85605,LITTLETOWN FAMILY MED PRACT,Active,ENGLAND,False,00Y,QOP,,full,1
P85606,MOORSIDE MEDICAL PRACTICE,Active,ENGLAND,False,00Y,QOP,,full,1
P85607,CHADDERTON SOUTH HEALTH CENTRE,Inactive,ENGLAND,False,00Y,QOP,,full,1
P85608,PERKINS PRACTICE,Active,ENGLAND,False,00Y,QOP,,full,1
P85610,MEDLOCK MEDICAL PRACTICE,Active,ENGLAND,False,00Y,QOP,,full,1
P85612,WERNETH MEDICAL PRACTICE,Active,ENGLAND,False,00Y,QOP,,full,1
P85613,MOHANTY PRACTICE,Inactive,ENGLAND,False,00Y,QOP,,full,1
P85614,VILLAGE MEDICAL PRACTICE,Active,ENGLAND,False,00Y,QOP,,full,1
P85615,KAPUR FAMILY CARE,Active,ENGLAND,False,00Y,QOP,,full,1
P85619,DANSON FAMILY PRACTICE P85619,Inactive,ENGLAND,False,,,,archive,1
P85620,ST CHADS MEDICAL PRACTICE,Inactive,ENGLAND,False,00Y,QOP,,full,1
P85621,SUNVALLEY MEDICAL PRACTICE,Inactive,ENGLAND,False,00Y,QOP,,full,1
P85622,GLODWICK MEDICAL PRACTICE,Active,ENGLAND,False,00Y,QOP,,full,1
P86001,MILNROW VILLAGE PRACTICE,Active,ENGLAND,False,01D,QOP,,full,1
P86002,DR GWD BHIMA,Active,ENGLAND,False,01D,QOP,,full,1
P86003,EDENFIELD ROAD SURGERY,Active,ENGLAND,False,01D,QOP,,full,1
P86004,PETERLOO MEDICAL CENTRE,Active,ENGLAND,False,01D,QOP,,full,1
P86005,YORKSHIRE ST SURGERY,Active,ENGLAND,False,01D,QOP,,full,1
P86006,ASHWORTH STREET SURGERY,Active,ENGLAND,False,01D,QOP,,full,1
P86007,WELLFIELD HEALTH CENTRE,Active,ENGLAND,False,01D,QOP,,full,1
P86008,MARK STREET SURGERY,Active,ENGLAND,False,01D,QOP,,full,1
P86009,CASTLETON HEALTH CENTRE,Active,ENGLAND,False,01D,QOP,,full,1
P86010,THE JUNCTION SURGERY,Active,ENGLAND,False,01D,QOP,,full,1
P86011,LONGFORD STREET MEDICAL CENTRE,Active,ENGLAND,False,01D,QOP,,full,1
P86012,WOODSIDE MEDICAL CENTRE,Active,ENGLAND,False,01D,QOP,,full,1
P86013,HEALEY SURGERY,Active,ENGLAND,False,01D,QOP,,full,1
P86014,CROFT SHIFA HEALTH CENTRE,Active,ENGLAND,False,01D,QOP,,full,1
P86015,ROCHDALE ROAD MEDICAL CENTRE,Active,ENGLAND,False,01D,QOP,,full,1
P86016,HEYWOOD HEALTH,Active,ENGLAND,False,01D,QOP,,full,1
P86017,INSPIRE MEDICAL CENTRE,Active,ENGLAND,False,01D,QOP,,full,1
P86018,LITTLEBOROUGH GROUP PRACTICE,Active,ENGLAND,False,01D,QOP,,full,1
P86019,DURNFORD MEDICAL CENTRE,Active,ENGLAND,False,01D,QOP,,full,1
P86021,PENNINE SURGERY,Active,ENGLAND,False,01D,QOP,,full,1
P86022,STONEFIELD STREET SURGERY,Active,ENGLAND,False,01D,QOP,,full,1
P86023,HOPWOOD MEDICAL CENTRE,Active,ENGLAND,False,01D,QOP,,full,1
P86026,THE DAWES FAMILY PRACTICE,Active,ENGLAND,False,01D,QOP,,full,1
P86602,HEADY HILL SURGERY,Active,ENGLAND,False,01D,QOP,,full,1
P86605,YORK HOUSE SURGERY,Inactive,ENGLAND,False,01D,QOP,,full,1
P86606,FAMILY PRACTICE,Active,ENGLAND,False,01D,QOP,,full,1
P86608,THE VILLAGE MEDICAL CTR.,Active,ENGLAND,False,01D,QOP,,full,1
P86609,THE DALE MEDICAL PRACTICE,Active,ENGLAND,False,01D,QOP,,full,1
P86614,DR A HAMID,Active,ENGLAND,False,01D,QOP,,full,1
P86619,DR MB GHAFOOR & PARTNERS,Active,ENGLAND,False,01D,QOP,,full,1
P86620,WINDERMERE SURGERY,Active,ENGLAND,False,01D,QOP,,full,1
P86622,DRAKE STREET SURGERY,Inactive,ENGLAND,False,,,,archive,1
P86624,TRINITY MEDICAL CENTRE,Active,ENGLAND,False,01D,QOP,,full,1
P86627,TRIPLE H PRACTICE,Inactive,ENGLAND,False,,,,archive,1
P87002,THE POPLARS MEDICAL PRACTICE,Active,ENGLAND,False,01G,QOP,,full,1
P87003,4/ST ANDREWS MEDICAL PRACTICE,Inactive,ENGLAND,False,01G,QOP,,full,1
P87004,1/SALFORD MEDICAL PRACTICE,Active,ENGLAND,False,01G,QOP,,full,1
P87008,WALKDEN MEDICAL CENTRE,Active,ENGLAND,False,01G,QOP,,full,1
P87014,IRLAM GROUP PRACTICE,Inactive,ENGLAND,False,01G,QOP,,full,1
P87015,PENDLETON MEDICAL CENTRE,Active,ENGLAND,False,01G,QOP,,full,1
P87016,THE SIDES MEDICAL PRACTICE,Active,ENGLAND,False,01G,QOP,,full,1
P87017,THE LIMES MEDICAL PRACTICE,Active,ENGLAND,False,01G,QOP,,full,1
P87019,SILVERDALE MEDICAL PRACTICE,Active,ENGLAND,False,01G,QOP,,full,1
P87020,ST ANDREWS MEDICAL CENTRE,Active,ENGLAND,False,01G,QOP,,full,1
P87022,MOCHA PARADE MEDICAL PRACTICE,Active,ENGLAND,False,01G,QOP,,full,1
P87024,3/SPRINGFIELD HOUSE MEDICAL PRACTICE,Active,ENGLAND,False,01G,QOP,,full,1
P87025,THE LAKES MEDICAL PRACTICE,Active,ENGLAND,False,01G,QOP,,full,1
P87026,NEWBURY GREEN MEDICAL PRACTICE,Active,ENGLAND,False,01G,QOP,,full,1
P87027,LANGWORTHY MEDICAL PRACTICE,Active,ENGLAND,False,01G,QOP,,full,1
P87028,THE GILL MEDICAL PRACTICE,Active,ENGLAND,False,01G,QOP,,full,1
P87032,ORIENT ROAD MEDICAL PRACTICE,Active,ENGLAND,False,01G,QOP,,full,1
P87035,ORDSALL HEALTH SURGERY,Active,ENGLAND,False,01G,QOP,,full,1
P87036,4/LOWER BROUGHTON MEDICAL PRACTICE,Inactive,ENGLAND,False,01G,QOP,,full,1
P87039,2/IRLAM MEDICAL PRACTICE,Inactive,ENGLAND,False,01G,QOP,,full,1
P87040,SORREL BANK MEDICAL PRACTICE,Active,ENGLAND,False,01G,QOP,,full,1
P87610,THE MOSSLANDS MEDICAL PRACTICE,Active,ENGLAND,False,01G,QOP,,full,1
P87613,CLEGGS LANE MEDICAL PRACTICE/129,Active,ENGLAND,False,01G,QOP,,full,1
P87614,155/MANCHESTER ROAD MEDICAL PRACTICE,Inactive,ENGLAND,False,,,,archive,1
P87618,WALKDEN GATEWAY MEDICAL PRACTICE,Inactive,ENGLAND,False,01G,QOP,,full,1
P87620,1/MONTON MEDICAL PRACTICE,Active,ENGLAND,False,01G,QOP,,full,1
P87624,ELLENBROOK MEDICAL CENTRE,Active,ENGLAND,False,01G,QOP,,full,1
P87625,DEARDEN AVENUE MEDICAL PRACTICE,Active,ENGLAND,False,01G,QOP,,full,1
P87627,ORCHARD MEDICAL PRACTICE,Active,ENGLAND,False,01G,QOP,,full,1
P87629,1/ST ANDREWS MEDICAL PRACTICE,Inactive,ENGLAND,False,,,,archive,1
P87630,CHERRY MEDICAL PRACTICE,Active,ENGLAND,False,01G,QOP,,full,1
P87632,5/ST ANDREWS MEDICAL PRACTICE,Inactive,ENGLAND,False,,,,archive,1
P87634,CLARENDON SURGERY,Active,ENGLAND,False,01G,QOP,,full,1
P87637,THE NELSON FOLD MEDICAL PRACTICE,Inactive,ENGLAND,False,,,,archive,1
P87639,CORNERSTONE MEDICAL PRACTICE,Active,ENGLAND,False,01G,QOP,,full,1
P87641,1/HIGHER BROUGHTON MEDICAL PRACTICE,Inactive,ENGLAND,False,01G,QOP,,archive,1
P87642,2/HIGHER BROUGHTON MEDICAL PRACTICE,Inactive,ENGLAND,False,,,,archive,1
P87645,GATEWAY MEDICAL PRACTICE,Inactive,ENGLAND,False,,,,archive,1
P87648,REUT MEDICAL PRACTICE,Active,ENGLAND,False,01G,QOP,,full,1
P87649,CHAPEL GROUP MEDICAL CENTRE,Active,ENGLAND,False,01G,QOP,,full,1
P87651,LIMEFIELD ROAD MEDICAL PRACTICE,Active,ENGLAND,False,01G,QOP,,full,1
P87652,1/LOWER BROUGHTON MEDICAL PRACTICE,Inactive,ENGLAND,False,01G,QOP,,full,1
P87654,DR A CHAUDHRY & DR I JEET,Active,ENGLAND,False,01G,QOP,,full,1
P87657,(IRLAM) SALFORD CARE CTRS MEDICAL PRACTI,Active,ENGLAND,False,01G,QOP,,full,1
P87658,THE WILLOWS MEDICAL PRACTICE,Active,ENGLAND,False,01G,QOP,,full,1
P87659,3/ST ANDREWS MEDICAL CENTRE,Inactive,ENGLAND,False,01G,QOP,,full,1
P87660,ECCLES GATEWAY MEDICAL CENTRE,Inactive,ENGLAND,False,01G,QOP,,full,1
P87661,MANCHESTER ROAD EAST MEDICAL PRACTICE,Active,ENGLAND,False,01G,QOP,,full,1
P87663,SWINTON HALL NHICU PRACTICE,Inactive,ENGLAND,False,,,,archive,1
P87668,2/SALFORD MEDICAL PRACTICE,Inactive,ENGLAND,False,01G,QOP,,full,1
P88001,BRINNINGTON HEALTH CENTRE 1,Inactive,ENGLAND,False,01W,QOP,,archive,1
P88002,MARPLE BRIDGE SURGERY,Active,ENGLAND,False,01W,QOP,,full,1
P88003,MANOR MEDICAL PRACTICE,Active,ENGLAND,False,01W,QOP,,full,1
P88004,HEATON MOOR MEDICAL CENTRE,Inactive,ENGLAND,False,01W,QOP,,archive,1
P88005,FAMILY SURGERY,Active,ENGLAND,False,01W,QOP,,full,1
P88006,MARPLE COTTAGE SURGERY,Active,ENGLAND,False,01W,QOP,,full,1
P88007,CHEADLE HULME MEDICAL GROUP,Active,ENGLAND,False,01W,QOP,,full,1
P88008,HEATON MERSEY MED.PRACT.,Active,ENGLAND,False,01W,QOP,,full,1
P88009,WOODLEY VILLAGE SURGERY,Active,ENGLAND,False,01W,QOP,,full,1
P88010,HEATON NORRIS HEALTH CTR. 2,Inactive,ENGLAND,False,01W,QOP,,full,1
P88011,HEATON NORRIS MEDICAL PRACTICE,Active,ENGLAND,False,01W,QOP,,full,1
P88012,BEECH HOUSE MEDICAL PRACT,Active,ENGLAND,False,01W,QOP,,full,1
P88013,CARITAS GENERAL PRACTICE PARTNERSHIP,Active,ENGLAND,False,01W,QOP,,full,1
P88014,ADSHALL ROAD MEDICAL PRAC,Active,ENGLAND,False,01W,QOP,,full,1
P88015,BRAMHALL HEALTH CENTRE,Active,ENGLAND,False,01W,QOP,,full,1
P88016,BRAMHALL & SHAW HEATH MEDICAL GROUP,Active,ENGLAND,False,01W,QOP,,full,1
P88017,CHADSFIELD MEDICAL PRACTICE,Active,ENGLAND,False,01W,QOP,,full,1
P88018,PARK VIEW GROUP PRACTICE,Active,ENGLAND,False,01W,QOP,,full,1
P88019,ALVANLEY FAMILY PRACTICE,Active,ENGLAND,False,01W,QOP,,full,1
P88020,CHEADLE MEDICAL PRACTICE,Active,ENGLAND,False,01W,QOP,,full,1
P88021,MARPLE MEDICAL PRACTICE,Active,ENGLAND,False,01W,QOP,,full,1
P88023,HEALD GREEN HEALTH CENTRE 2,Active,ENGLAND,False,01W,QOP,,full,1
P88024,GATLEY MEDICAL CENTRE,Active,ENGLAND,False,01W,QOP,,full,1
P88025,HULME HALL MEDICAL GROUP,Active,ENGLAND,False,01W,QOP,,full,1
P88026,HEATON MOOR MEDICAL GROUP,Active,ENGLAND,False,01W,QOP,,full,1
P88028,EASTHOLME SURGERY,Inactive,ENGLAND,False,01W,QOP,,full,1
P88031,BRACONDALE MEDICAL CENTRE,Active,ENGLAND,False,01W,QOP,,full,1
P88033,SHAW VILLA MEDICAL CENTRE,Inactive,ENGLAND,False,,,,archive,1
P88034,CALE GREEN SURGERY,Inactive,ENGLAND,False,01W,QOP,,full,1
P88041,THE VILLAGE SURGERY,Active,ENGLAND,False,01W,QOP,,full,1
P88042,FINNEY LANE SURGERY,Active,ENGLAND,False,01W,QOP,,full,1
P88043,BRINNINGTON SURGERY,Active,ENGLAND,False,01W,QOP,,full,1
P88044,BREDBURY MEDICAL CENTRE,Active,ENGLAND,False,01W,QOP,,full,1
P88600,THE SURGERY 1,Inactive,ENGLAND,False,01W,QOP,,full,1
P88603,THE ALVANLEY MEDICAL CTR,Inactive,ENGLAND,False,,,,archive,1
P88604,LOWFIELD SURGERY,Inactive,ENGLAND,False,01W,QOP,,full,1
P88606,SPRINGFIELD SURGERY,Active,ENGLAND,False,01W,QOP,,full,1
P88607,THE GUYWOOD PRACTICE,Inactive,ENGLAND,False,01W,QOP,,full,1
P88610,SOUTH REDDISH MEDICAL CTR 2,Inactive,ENGLAND,False,01W,QOP,,full,1
P88615,VERNON PARK SURGERY,Active,ENGLAND,False,01W,QOP,,full,1
P88617,ADSWOOD ROAD SURGERY,Inactive,ENGLAND,False,01W,QOP,,full,1
P88618,THE SURGERY 3,Inactive,ENGLAND,False,01W,QOP,,full,1
P88620,HAIDER MEDICAL CENTRE,Inactive,ENGLAND,False,01W,QOP,,full,1
P88623,HIGH LANE MEDICAL CENTRE,Active,ENGLAND,False,01W,QOP,,full,1
P88624,BL MEDICAL PRACTICE,Inactive,ENGLAND,False,01W,QOP,,full,1
P88625,ARCHWOOD MEDICAL PRACTICE,Active,ENGLAND,False,01W,QOP,,full,1
P88628,HOULDSWORTH MEDICAL CTR,Inactive,ENGLAND,False,,,,archive,1
P88632,STOCKPORT MEDICAL GROUP,Active,ENGLAND,False,01W,QOP,,full,1
P88633,SOUTH REDDISH MEDICAL CTR 1,Inactive,ENGLAND,False,01W,QOP,,full,1
P89002,THE BROOKE SURGERY,Active,ENGLAND,False,01Y,QOP,,full,1
P89003,ALBION MEDICAL PRACTICE,Active,ENGLAND,False,01Y,QOP,,full,1
P89004,AWBURN HOUSE MEDICAL PRACTICE,Active,ENGLAND,False,01Y,QOP,,full,1
P89005,LOCKSIDE MEDICAL CENTRE,Active,ENGLAND,False,01Y,QOP,,full,1
P89006,PENNINE MEDICAL CENTRE,Active,ENGLAND,False,00Y,QOP,,full,1
P89007,STAVELEIGH MEDICAL CENTRE,Active,ENGLAND,False,01Y,QOP,,full,1
P89008,ASHTON MEDICAL GROUP,Active,ENGLAND,False,01Y,QOP,,full,1
P89010,MEDLOCK VALE MEDICAL PRACTICE,Active,ENGLAND,False,01Y,QOP,,full,1
P89011,GORDON STREET MEDICAL CENTRE,Active,ENGLAND,False,01Y,QOP,,full,1
P89012,CLARENDON MEDICAL CENTRE,Active,ENGLAND,False,01Y,QOP,,full,1
P89013,HATTERSLEY GROUP PRACTICE,Active,ENGLAND,False,01Y,QOP,,full,1
P89014,HAUGHTON THORNLEY MEDICAL CENTRES,Active,ENGLAND,False,01Y,QOP,,full,1
P89015,MILLGATE HEALTHCARE PARTNERSHIP,Active,ENGLAND,False,01Y,QOP,,full,1
P89016,DONNEYBROOK MEDICAL CENTRE,Active,ENGLAND,False,01Y,QOP,,full,1
P89017,CHAPEL STREET MEDICAL CENTRE,Inactive,ENGLAND,False,01Y,QOP,,full,1
P89018,DENTON MEDICAL PRACTICE,Active,ENGLAND,False,01Y,QOP,,full,1
P89019,CHURCHGATE SURGERY,Inactive,ENGLAND,False,01Y,QOP,,full,1
P89020,HT PRACTICE,Active,ENGLAND,False,01Y,QOP,,full,1
P89021,DUKINFIELD MEDICAL PRACTICE,Active,ENGLAND,False,01Y,QOP,,full,1
P89022,KING STREET MEDICAL CENTRE,Active,ENGLAND,False,01Y,QOP,,full,1
P89023,ST. ANDREW'S HOUSE SURGERY,Active,ENGLAND,False,01Y,QOP,,full,1
P89025,TOWN HALL SURGERY,Active,ENGLAND,False,01Y,QOP,,full,1
P89026,GROSVENOR MEDICAL CENTRE,Active,ENGLAND,False,01Y,QOP,,full,1
P89027,THE HOLLIES SURGERY,Inactive,ENGLAND,False,01Y,QOP,,full,1
P89029,MARKET STREET MEDICAL PRACTICE,Active,ENGLAND,False,01Y,QOP,,full,1
P89030,WEST END MEDICAL CENTRE,Active,ENGLAND,False,01Y,QOP,,full,1
P89033,TAME VALLEY MEDICAL CENTRE,Inactive,ENGLAND,False,01Y,QOP,,full,1
P89602,THE SMITHY SURGERY,Active,ENGLAND,False,01Y,QOP,,full,1
P89609,STAMFORD HOUSE,Active,ENGLAND,False,01Y,QOP,,full,1
P89612,MOSSLEY MEDICAL PRACTICE,Active,ENGLAND,False,01Y,QOP,,full,1
P89613,WATERLOO MEDICAL CENTRE,Active,ENGLAND,False,01Y,QOP,,full,1
P89616,DROYLSDEN MEDICAL CENTRE,Inactive,ENGLAND,False,,,,archive,1
P89618,PIKE MEDICAL PRACTICE,Active,ENGLAND,False,01Y,QOP,,full,1
P91003,PARK MEDICAL PRACTICE,Active,ENGLAND,False,02A,QOP,,full,1
P91004,ALTRINCHAM MEDICAL PRACTICE,Active,ENGLAND,False,02A,QOP,,full,1
P91006,URMSTON GROUP PRACTICE,Active,ENGLAND,False,02A,QOP,,full,1
P91007,TIMPERLEY HEALTH CENTRE (WESTWOOD),Active,ENGLAND,False,02A,QOP,,full,1
P91008,SHAY LANE MEDICAL CENTRE (KELMAN),Active,ENGLAND,False,02A,QOP,,full,1
P91009,DAVYHULME MEDICAL CENTRE,Active,ENGLAND,False,02A,QOP,,full,1
P91011,SHAY LANE MEDICAL CENTRE (PATEL),Active,ENGLAND,False,02A,QOP,,full,1
P91012,PRIMROSE SURGERY,Active,ENGLAND,False,02A,QOP,,full,1
P91013,BOUNDARY HOUSE MEDICAL CENTRE,Active,ENGLAND,False,02A,QOP,,full,1
P91014,WASHWAY ROAD MEDICAL CENTRE,Active,ENGLAND,False,02A,QOP,,full,1
P91016,WEST TIMPERLEY MEDICAL CENTRE,Active,ENGLAND,False,02A,QOP,,full,1
P91017,BODMIN ROAD HEALTH CENTRE,Active,ENGLAND,False,02A,QOP,,full,1
P91018,DELAMERE MEDICAL PRACTICE,Active,ENGLAND,False,02A,QOP,,full,1
P91019,PARTINGTON CENTRAL SURGERY,Active,ENGLAND,False,02A,QOP,,full,1
P91020,LIMELIGHT HEALTH AND WELLBEING HUB,Active,ENGLAND,False,02A,QOP,,full,1
P91021,FIRSWAY HEALTH CENTRE,Active,ENGLAND,False,02A,QOP,,full,1
P91025,NORRIS ROAD SURGERY,Inactive,ENGLAND,False,02A,QOP,,archive,1
P91026,PARTINGTON FAMILY PRACTICE,Active,ENGLAND,False,02A,QOP,,full,1
P91027,ALI MEDICAL PRACTICE,Inactive,ENGLAND,False,02A,QOP,,archive,1
P91029,FLIXTON ROAD MEDICAL CENTRE,Active,ENGLAND,False,02A,QOP,,full,1
P91030,BRIDGEWATER ROAD SURGERY,Inactive,ENGLAND,False,,,,archive,1
P91032,DERBYSHIRE ROAD SOUTH SURGERY,Inactive,ENGLAND,False,02A,QOP,,full,1
P91034,MEADWAY H.C. (DRABBLE),Inactive,ENGLAND,False,,,,archive,1
P91035,CONWAY ROAD MEDICAL PRACTICE,Active,ENGLAND,False,02A,QOP,,full,1
P91036,CONWAY ROAD H.C. (MCGARRY),Inactive,ENGLAND,False,,,,archive,1
P91037,ALLISTON MEDICAL CENTRE,Inactive,ENGLAND,False,,,,archive,1
P91603,BARRINGTON MEDICAL CENTRE,Active,ENGLAND,False,02A,QOP,,full,1
P91604,ST JOHNS MEDICAL CENTRE,Active,ENGLAND,False,02A,QOP,,full,1
P91605,TIMPERLEY HEALTH CENTRE (CAPLAN),Inactive,ENGLAND,False,02A,QOP,,archive,1
P91615,GORSE HILL MEDICAL CENTRE,Inactive,ENGLAND,False,02A,QOP,,full,1
P91617,FAMILY SURGERY,Active,ENGLAND,False,02A,QOP,,full,1
P91619,OLD TRAFFORD MEDICAL PRACTICE,Inactive,ENGLAND,False,02A,QOP,,full,1
P91623,VILLAGE SURGERY,Active,ENGLAND,False,02A,QOP,,full,1
P91625,GLOUCESTER HOUSE MEDICAL CENTRE,Inactive,ENGLAND,False,02A,QOP,,full,1
P91627,LOSTOCK MEDICAL CENTRE,Active,ENGLAND,False,02A,QOP,,full,1
P91629,NORTH TRAFFORD GROUP PRACTICE,Active,ENGLAND,False,02A,QOP,,full,1
P91630,SEYMOUR GROVE HEALTH CENTRE,Inactive,ENGLAND,False,,,,archive,1
P91631,RIDDINGS FAMILY HEALTH CENTRE,Active,ENGLAND,False,02A,QOP,,full,1
P91632,QAMAR MEDICAL PRACTICE,Inactive,ENGLAND,False,,,,archive,1
P91633,GROVE MEDICAL PRACTICE,Inactive,ENGLAND,False,02A,QOP,,full,1
P92001,MEDICENTRE,Active,ENGLAND,False,02H,QOP,,full,1
P92002,BRAITHWAITE RD SURGERY,Active,ENGLAND,False,02H,QOP,,full,1
P92003,THE DICCONSON GROUP PRACTICE,Active,ENGLAND,False,02H,QOP,,full,1
P92004,DR TUN & PARTNERS,Active,ENGLAND,False,02H,QOP,,full,1
P92005,ZAMAN,Active,ENGLAND,False,02H,QOP,,full,1
P92006,DR AHMAD & PTNRS,Active,ENGLAND,False,02H,QOP,,full,1
P92007,OLD HENRY STREET MED CTR,Active,ENGLAND,False,02H,QOP,,full,1
P92008,BRADSHAW MEDICAL CENTRE,Active,ENGLAND,False,02H,QOP,,full,1
P92010,BEECH HILL MEDICAL PRACTICE,Active,ENGLAND,False,02H,QOP,,full,1
P92011,SULLIVAN WAY SURGERY,Active,ENGLAND,False,02H,QOP,,full,1
P92012,HIGH STREET SURGERY,Active,ENGLAND,False,02H,QOP,,full,1
P92014,STANDISH MEDICAL PRACTICE,Active,ENGLAND,False,02H,QOP,,full,1
P92015,ASPULL SURGERY,Active,ENGLAND,False,02H,QOP,,full,1
P92016,PENNYGATE MEDICAL CENTRE,Active,ENGLAND,False,02H,QOP,,full,1
P92017,SHEVINGTON SURGERY,Active,ENGLAND,False,02H,QOP,,full,1
P92019,PEMBERTON SURGERY,Active,ENGLAND,False,02H,QOP,,full,1
P92020,SIVAKUMAR & PARTNER,Active,ENGLAND,False,02H,QOP,,full,1
P92021,NEWTOWN MEDICAL PRACTICE,Active,ENGLAND,False,02H,QOP,,full,1
P92023,BROOKMILL MEDICAL CENTRE,Active,ENGLAND,False,02H,QOP,,full,1
P92024,KUMAR FAMILY PRACTICE,Active,ENGLAND,False,02H,QOP,,full,1
P92026,LONGSHOOT MEDICAL PRACTICE,Active,ENGLAND,False,02H,QOP,,full,1
P92028,ELLIOTT STREET SURGERY,Active,ENGLAND,False,02H,QOP,,full,1
P92029,WESTLEIGH MEDICAL PRACTICE,Active,ENGLAND,False,02H,QOP,,full,1
P92030,DR SEABROOK,Active,ENGLAND,False,02H,QOP,,full,1
P92031,PLATT HOUSE SURGERY,Active,ENGLAND,False,02H,QOP,,full,1
P92033,"THE SURGERY, TYLDESLEY",Active,ENGLAND,False,02H,QOP,,full,1
P92034,BRYN CROSS SURGERY,Active,ENGLAND,False,02H,QOP,,full,1
P92035,LILFORD PARK SURGERY,Inactive,ENGLAND,False,02H,QOP,,full,1
P92038,SAXENA L,Active,ENGLAND,False,02H,QOP,,full,1
P92041,SSP HEALTH LIMITED ASHTON MEDICAL CENTRE,Active,ENGLAND,False,02H,QOP,,full,1
P92042,DR KK CHAN & PARTNERS,Active,ENGLAND,False,02H,QOP,,full,1
P92602,FOXLEIGH FAMILY SURGERY,Active,ENGLAND,False,02H,QOP,,full,1
P92605,BOOTHSTOWN MEDICAL CENTRE,Active,ENGLAND,False,02H,QOP,,full,1
P92606,DOUBLET-STEWART MPH,Inactive,ENGLAND,False,02H,QOP,,archive,1
P92607,GRASMERE SURGERY,Active,ENGLAND,False,02H,QOP,,full,1
P92615,THE AVENUE SURGERY,Active,ENGLAND,False,02H,QOP,,full,1
P92616,HIGHER INCE SURGERY,Inactive,ENGLAND,False,02H,QOP,,full,1
P92619,DR KK CHAN AND PARTNERS,Inactive,ENGLAND,False,02H,QOP,,full,1
P92620,INCE SURGERY,Active,ENGLAND,False,02H,QOP,,full,1
P92621,PREMIER HEALTH TEAM,Active,ENGLAND,False,02H,QOP,,full,1
P92623,THE AVENUE SURGERY,Inactive,ENGLAND,False,02H,QOP,,full,1
P92626,MEADOWVIEW SURGERY,Active,ENGLAND,False,02H,QOP,,full,1
P92630,GOLBORNE SURGERY,Active,ENGLAND,False,02H,QOP,,full,1
P92632,GRASMERE SURGERY,Inactive,ENGLAND,False,02H,QOP,,archive,1
P92633,BEE FOLD MEDICAL CENTRE,Active,ENGLAND,False,02H,QOP,,full,1
P92634,MESNES VIEW SURGERY,Active,ENGLAND,False,02H,QOP,,full,1
P92635,DR VASANTH,Active,ENGLAND,False,02H,QOP,,full,1
P92637,ASTLEY GENERAL PRACTICE,Active,ENGLAND,False,02H,QOP,,full,1
P92639,FAMILY MEDICAL PRACTICE,Active,ENGLAND,False,02H,QOP,,full,1
P92642,MARUS BRIDGE PRACTICE,Active,ENGLAND,False,02H,QOP,,full,1
P92643,DAS DN,Inactive,ENGLAND,False,02H,QOP,,full,1
P92646,DR VARDHAN'S SURGERY,Active,ENGLAND,False,02H,QOP,,full,1
P92647,SOUTH WIGAN MEDICAL PRACTICE,Active,ENGLAND,False,02H,QOP,,full,1
P92648,SLAG LANE MC,Active,ENGLAND,False,02H,QOP,,full,1
P92651,LOWTON & PLATT BRIDGE SURGERY,Active,ENGLAND,False,02H,QOP,,full,1
P92652,SEVEN BROOKS PRACTICE,Inactive,ENGLAND,False,02H,QOP,,full,1
P92653,SHAKESPEARE SURGERY,Inactive,ENGLAND,False,02H,QOP,,full,1
Y00020,THE GRANTHAM PRACTICE,Active,ENGLAND,False,72Q,QKK,London,full,1
Y00022,THE BRAMLEY ROAD SURGERY,Inactive,ENGLAND,False,,,,archive,1
Y00025,COTTINGLEY MEDICAL PRACTICE,Inactive,ENGLAND,False,15F,QWO,,full,1
Y00026,THE OM SURGERY,Active,ENGLAND,False,52R,QT1,,full,1
Y00028,KINGS HEALTH & LINGS BROOK PRACTICE,Inactive,ENGLAND,False,78H,QPM,,full,1
Y00033,PURFLEET CARE CENTRE,Active,ENGLAND,False,07G,D7T5G,,full,1
Y00050,LILFORD & PENNINGTON PARK SURGERY,Active,ENGLAND,False,02H,QOP,,full,1
Y00054,THE HOMELESS HEALTHCARE TEAM,Active,ENGLAND,False,11M,QR1,,full,1
Y00056,CAMBRIDGE ACCESS SURGERY,Active,ENGLAND,False,06H,S1Y5D,,full,1
Y00057,ANGEL SURGERY,Active,ENGLAND,False,93C,Z9B2Z,London,full,1
Y00058,CARFAX MEDICAL CENTRE,Inactive,ENGLAND,False,92G,QOX,,full,1
Y00060,THE ANCHOR CENTRE,Active,ENGLAND,False,B2M3M,QWU,,full,1
Y00061,IVER HEATH HEALTH CENTRE,Inactive,ENGLAND,False,,,,archive,1
Y00075,GRANGE HILL SURGERY,Inactive,ENGLAND,False,15E,QHL,,full,1
Y00078,WINSHILL,Active,ENGLAND,False,05D,QNC,,full,1
Y00079,THE PRACTICE HANGLETON MANOR,Inactive,ENGLAND,False,09D,S9B9J,,full,1
Y00080,HARBOUR MEDICAL PRACTICE,Active,ENGLAND,False,97R,S9B9J,,full,1
Y00081,LOCALA KIRKLEES SAS,Active,ENGLAND,False,X2C4Y,QWO,,full,1
Y00090,THE DOCTORS HOUSE,Active,ENGLAND,False,A3A8R,QMF,London,full,1
Y00092,VICARAGE ROAD MEDICAL CENTRE,Inactive,ENGLAND,False,08W,QMF,London,full,1
Y00105,HOLLY PARK CLINIC,Inactive,ENGLAND,False,07M,,,full,1
Y00110,WEST SPEKE HEALTH CENTRE,Inactive,ENGLAND,False,99A,QYG,,full,1
Y00137,WILLOWS HEALTH,Active,ENGLAND,False,04C,QK1,,full,1
Y00140,TORCROSS MEDICAL CENTRE,Active,ENGLAND,False,B2M3M,QWU,,full,1
Y00151,COLLINGWOOD MEDICAL GROUP,Inactive,ENGLAND,False,00L,QHM,,full,1
Y00155,GROVE SURGERY,Active,ENGLAND,False,A3A8R,QMF,London,full,1
Y00159,HALL GREEN HEALTH,Active,ENGLAND,False,15E,QHL,,full,1
Y00164,NELSON MEDICAL PRACTICE,Inactive,ENGLAND,False,06M,,,full,1
Y00182,RAINBOW HEALTH CENTRE,Active,ENGLAND,False,36L,QWE,London,full,1
Y00183,DR HUSSAIN,Inactive,ENGLAND,False,,,,archive,1
Y00184,DILSTON MEDICAL CENTRE,Active,ENGLAND,False,13T,QHM,,full,1
Y00185,CATHEDRAL MEDICAL CENTRE,Active,ENGLAND,False,06H,S1Y5D,,full,1
Y00186,3D MEDICAL CENTRE,Active,ENGLAND,False,00T,QOP,,full,1
Y00189,ABBEY MANOR MEDICAL PRACTICE,Inactive,ENGLAND,False,11X,QSL,,full,1
Y00197,SUMMERHOUSE MEDICAL PRACTICE,Inactive,ENGLAND,False,,,,archive,1
Y00198,THE PARKS MEDICAL PRACT.,Inactive,ENGLAND,False,09W,,,full,1
Y00200,PORTOBELLO MEDICAL CENTRE,Active,ENGLAND,False,W2U3Z,Z9B2Z,London,full,1
Y00204,ST. MARTIN'S DAY CENTRE,Inactive,ENGLAND,False,,,,archive,1
Y00206,BURNLEY PRACTICE,Active,ENGLAND,False,W2U3Z,Z9B2Z,London,full,1
Y00212,POLLARD ROW SURGERY,Inactive,ENGLAND,False,A3A8R,QMF,London,full,1
Y00228,AMBAR MEDICAL CENTRE,Active,ENGLAND,False,D2P2L,QUA,,full,1
Y00243,MEADOWELL SURGERY,Inactive,ENGLAND,False,06N,S1Y5D,,full,1
Y00252,DR SJC CLAY'S PRACTICE,Active,ENGLAND,False,04V,QK1,,full,1
Y00260,ARLESEY MEDICAL CENTRE,Inactive,ENGLAND,False,M1J4Y,S1Y5D,,full,1
Y00265,CHAPEL MEDICAL CENTRE,Active,ENGLAND,False,U2G6B,S0E4D,,full,1
Y00268,NAZEING VALLEY HEALTH CENTRE,Inactive,ENGLAND,False,07H,D7T5G,,full,1
Y00278,DARLASTON HEALTH CENTRE,Active,ENGLAND,False,D2P2L,QUA,,full,1
Y00280,BELGRAVE SURGERY (SV BAPODRA),Inactive,ENGLAND,False,04C,QK1,,full,1
Y00286,THE RAVENSCAR SURGERY,Active,ENGLAND,False,16C,QHM,,full,1
Y00293,HEDINGHAM MEDICAL CENTRE,Active,ENGLAND,False,06Q,D7T5G,,full,1
Y00297,THE HOLLIES SURGERY,Active,ENGLAND,False,26A,T6Y0W,,full,1
Y00304,OKEMENT PRIMARY CARE CENTRE,Inactive,ENGLAND,False,99P,,,full,1
Y00312,"THE ROBINS SURGERY, HAROLD HILL HEALTH C",Active,ENGLAND,False,A3A8R,QMF,London,full,1
Y00313,BCH - THE HAVEN,Inactive,ENGLAND,False,15C,QUY,,full,1
Y00315,CHESTNUTS PARK SURGERY,Inactive,ENGLAND,False,,,,archive,1
Y00316,WOODLANDS MEDICAL PRACTICE,Active,ENGLAND,False,93C,Z9B2Z,London,full,1
Y00328,GOLDINGTON ROAD SURGERY,Inactive,ENGLAND,False,M1J4Y,S1Y5D,,full,1
Y00332,BRAMBLES SURGERY,Inactive,ENGLAND,False,,,,archive,1
Y00334,LITTLE MOOR SURGERY,Inactive,ENGLAND,False,01W,QOP,,archive,1
Y00344,LEICESTER CITY ASSIST PRACTICE,Active,ENGLAND,False,04C,QK1,,full,1
Y00347,DR JACOBS SURGERY,Active,ENGLAND,False,00X,QE1,,full,1
Y00351,LANGLEY CORNER SURGERY,Active,ENGLAND,False,70F,S9B9J,,full,1
Y00352,HESA MEDICAL CENTRE - Y00352,Active,ENGLAND,False,W2U3Z,Z9B2Z,London,full,1
Y00368,EARLSWOOD MED PRACT,Inactive,ENGLAND,False,,,,archive,1
Y00386,THE HARROW ACCESS UNIT,Inactive,ENGLAND,False,,,,archive,1
Y00399,DR PASQUALI,Active,ENGLAND,False,78H,QPM,,full,1
Y00403,TROWBRIDGE PRACTICE,Active,ENGLAND,False,A3A8R,QMF,London,full,1
Y00411,DEARNE VALLEY GROUP PRACTICE,Active,ENGLAND,False,02P,QF7,,full,1
Y00412,SOHO HEALTH CENTRE,Active,ENGLAND,False,15E,QHL,,full,1
Y00436,ASCOT MEDICAL CENTRE,Inactive,ENGLAND,False,11C,,,archive,1
Y00437,THE ORCHARD SURGERY,Active,ENGLAND,False,U2G6B,S0E4D,,full,1
Y00443,HORIZON PRIMARY CARE CENTRE MEDICAL PRAC,Inactive,ENGLAND,False,,,,archive,1
Y00445,SALFORD PRIMARY CARE TOGETHER,Active,ENGLAND,False,01G,QOP,,full,1
Y00446,MAGHULL PRACTICE,Active,ENGLAND,False,01T,QYG,,full,1
Y00449,ST MARYS ISLAND GROUP PRACTICES,Inactive,ENGLAND,False,91Q,QKS,,full,1
Y00451,PHOENIX PRACTICE,Inactive,ENGLAND,False,05W,QNC,,archive,1
Y00454,DR R SHARMA'S PRACTICE,Inactive,ENGLAND,False,72Q,QKK,London,full,1
Y00469,DR SIMS AND PARTNERS,Active,ENGLAND,False,99E,D7T5G,,full,1
Y00471,BROADWAY HEALTH CENTRE,Active,ENGLAND,False,15E,QHL,,full,1
Y00475,GARSWOOD SURGERY,Active,ENGLAND,False,01X,QYG,,full,1
Y00484,HAWTHORN SURGERY,Inactive,ENGLAND,False,06T,D7T5G,,full,1
Y00486,BOTOLPH BRIDGE COMMUNITY HEALTH CENTRE,Active,ENGLAND,False,06H,S1Y5D,,full,1
Y00492,SUMMERFIELD GROUP PRACTICE,Active,ENGLAND,False,15E,QHL,,full,1
Y00507,ST. QUINTIN HEALTH CENTRE,Active,ENGLAND,False,W2U3Z,Z9B2Z,London,full,1
Y00522,THE VILLAGE MEDICAL CTR,Inactive,ENGLAND,False,M1J4Y,S1Y5D,,full,1
Y00527,STOCKTON NHS HEALTH CARE CENTRE,Inactive,ENGLAND,False,00K,,,full,1
Y00542,WOODLANDS PRACTICE,Inactive,ENGLAND,False,72Q,QKK,London,full,1
Y00560,WOOTTON VALE AND SHORTSTOWN SURGERY,Active,ENGLAND,False,M1J4Y,S1Y5D,,full,1
Y00561,SHORTSTOWN MEDICAL CENTRE,Inactive,ENGLAND,False,M1J4Y,S1Y5D,,full,1
Y00568,FOXHAYES PRACTICE,Active,ENGLAND,False,15N,QJK,,full,1
Y00570,GP LED DERMATOLOGY SERVICE,Active,ENGLAND,False,36L,QWE,London,full,1
Y00589,GREENWOOD SURGERY,Inactive,ENGLAND,False,06Q,D7T5G,,full,1
Y00592,MOSS GREEN SURGERY,Inactive,ENGLAND,False,05W,QNC,,full,1
Y00612,GREEN CEDARS MEDICAL CENTRE,Active,ENGLAND,False,93C,Z9B2Z,London,full,1
Y00683,GRANGE MEDICARE - SWILLINGTON HP,Inactive,ENGLAND,False,15F,QWO,,full,1
Y00726,THE HIVE HEALTH CENTRE,Active,ENGLAND,False,01D,QOP,,full,1
Y00758,DR JO ARAYOMI'S PRACTICE,Active,ENGLAND,False,99E,D7T5G,,full,1
Y00774,BRANDON MEDICAL PRACTICE,Active,ENGLAND,False,07K,T6Y0W,,full,1
Y00844,SUBSTANCE MISUSE CLINIC,Inactive,ENGLAND,False,52R,QT1,,full,1
Y00902,THE WESTBOURNE GREEN SURGERY,Active,ENGLAND,False,W2U3Z,Z9B2Z,London,full,1
Y00912,DR H LLOYD'S PRACTICE,Inactive,ENGLAND,False,01W,QOP,,full,1
Y00915,TRINITY RIVERSIDE PRACTICE,Inactive,ENGLAND,False,00N,QHM,,archive,1
Y00918,GRANVILLE MEDICAL CENTRE,Active,ENGLAND,False,A3A8R,QMF,London,full,1
Y00955,RIVERSIDE MEDICAL CENTRE,Inactive,ENGLAND,False,03F,QOQ,,full,1
Y00969,RAME GROUP PRACTICE,Active,ENGLAND,False,11N,QT6,,full,1
Y00984,ROCHFORD MEDICAL CENTRE,Inactive,ENGLAND,False,99F,D7T5G,,full,1
Y00996,MERIDIAN PRACTICE,Active,ENGLAND,False,B2M3M,QWU,,full,1
Y00999,ODDFELLOWS HALL & ST CLEMENTS,Active,ENGLAND,False,07G,D7T5G,,full,1
Y01008,BAY MEDICAL GROUP,Active,ENGLAND,False,01K,QE1,,full,1
Y01009,DR DN VENKATACHALEM PRACTICE,Inactive,ENGLAND,False,10D,,,archive,1
Y01011,BARLBY SURGERY,Active,ENGLAND,False,W2U3Z,Z9B2Z,London,full,1
Y01050,ROSMELLYN SURGERY,Active,ENGLAND,False,11N,QT6,,full,1
Y01051,MORRAB SURGERY,Active,ENGLAND,False,11N,QT6,,full,1
Y01057,HOMELESS HEALTH EXCHANGE,Active,ENGLAND,False,15E,QHL,,full,1
Y01059,THE SURGERY,Inactive,ENGLAND,False,,,,archive,1
Y01066,HANLEY PRIMARY CARE CENTRE,Active,ENGLAND,False,93C,Z9B2Z,London,full,1
Y01068,AMAANAH MEDICAL PRACTICE,Active,ENGLAND,False,15E,QHL,,full,1
Y01084,SPECIAL PRIMARY CARE SCHEME,Inactive,ENGLAND,False,09D,S9B9J,,full,1
Y01090,SMS MEDICAL PRACTICE,Active,ENGLAND,False,W2U3Z,Z9B2Z,London,full,1
Y01108,FAIRFIELD SURGERY,Active,ENGLAND,False,02E,QYG,,full,1
Y01118,ECCLESHILL VILLAGE SURGERY,Active,ENGLAND,False,36J,QWO,,full,1
Y01124,THE DURU PRACTICE,Inactive,ENGLAND,False,00Y,QOP,,full,1
Y01127,NEETSIDE SURGERY,Active,ENGLAND,False,11N,QT6,,full,1
Y01132,CHARTFIELD SURGERY,Active,ENGLAND,False,36L,QWE,London,full,1
Y01139,CASTLEFIELDS MEDICAL CENTRE,Inactive,ENGLAND,False,78H,QPM,,full,1
Y01163,WEST COKER SURGERY,Active,ENGLAND,False,11X,QSL,,full,1
Y01165,PATHFINDER PRACTICE,Inactive,ENGLAND,False,06N,S1Y5D,,full,1
Y01177,TOLLGATE LODGE PRACTICE,Inactive,ENGLAND,False,07T,QMF,London,full,1
Y01200,THE CALVERT PRACTICE,Inactive,ENGLAND,False,03F,QOQ,,full,1
Y01206,GLEBE ROAD SURGERY,Active,ENGLAND,False,36L,QWE,London,full,1
Y01221,SOMERSET FHP O,Active,ENGLAND,False,W2U3Z,Z9B2Z,London,full,1
Y01253,"SLOUGH TREATMENT, ADVICE & RECOVERY TEAM",Active,ENGLAND,False,U2G6B,S0E4D,,full,1
Y01262,PALLION PRIMARY CARE SERVICES,Active,ENGLAND,False,00P,QHM,,full,1
Y01280,SHIFA MEDICAL PRACTICE,Active,ENGLAND,False,A3A8R,QMF,London,full,1
Y01281,THE VILLAGE SURGERY,Active,ENGLAND,False,D9Y0V,QRL,,full,1
Y01291,CHINGFORD MEDICAL PRACTICE,Active,ENGLAND,False,A3A8R,QMF,London,full,1
Y01297,BEACON HOUSE MINISTRIES,Active,ENGLAND,False,06T,D7T5G,,full,1
Y01652,THE NEW SPRINGWELLS PRACTICE,Active,ENGLAND,False,71E,QJM,,full,1
Y01655,THE VALE PRACTICE,Active,ENGLAND,False,93C,Z9B2Z,London,full,1
Y01680,DR N RATI'S PRACTICE,Inactive,ENGLAND,False,,,,archive,1
Y01690,SCHOOL LANE PMS PRACTICE,Active,ENGLAND,False,26A,T6Y0W,,full,1
Y01695,MP VICTORIA MILL,Active,ENGLAND,False,14L,QOP,,full,1
Y01719,PRIME PRACTICE PARTNERSHIP,Active,ENGLAND,False,A3A8R,QMF,London,full,1
Y01756,STOURSIDE MEDICAL PRACTICE,Active,ENGLAND,False,D2P2L,QUA,,full,1
Y01792,DURHAM DALES MEDICAL PRACTICE,Inactive,ENGLAND,False,,,,archive,1
Y01794,RAVENSWOOD MEDICAL PRACTICE,Active,ENGLAND,False,06L,T6Y0W,,full,1
Y01795,THE OVAL PRACTICE,Active,ENGLAND,False,A3A8R,QMF,London,full,1
Y01812,HEARTWOOD MEDICAL PRACTICE,Active,ENGLAND,False,15M,QJ2,,full,1
Y01822,I.C.B. (OXFORD CITY),Active,ENGLAND,False,10Q,S0E4D,,full,1
Y01839,SINNOTT MEDICAL CENTRE,Active,ENGLAND,False,A3A8R,QMF,London,full,1
Y01851,VICTORIA MEDICAL PRACTICE,Inactive,ENGLAND,False,03J,QWO,,full,1
Y01922,STENNACK SURGERY,Active,ENGLAND,False,11N,QT6,,full,1
Y01924,GARDENS AND JACOBS MEDICAL PARTNERSHIP,Active,ENGLAND,False,06K,S1Y5D,,full,1
Y01929,TELDOC,Active,ENGLAND,False,M2L0M,QOC,,full,1
Y01942,GREAT OAKS SURGERY,Inactive,ENGLAND,False,,,,archive,1
Y01948,OPEN DOOR,Active,ENGLAND,False,03H,QOQ,,full,1
Y01962,RIVERSIDE MEDICAL PRACTICE,Inactive,ENGLAND,False,72Q,QKK,London,full,1
Y01964,BERRYCROFT COMMUNITY HEALTH CENTRE,Active,ENGLAND,False,14Y,S0E4D,,full,1
Y02002,ONE MEDICARE LLP-THE LIGHT,Active,ENGLAND,False,15F,QWO,,full,1
Y02045,VERNOVA HEALTHCARE CIC,Active,ENGLAND,False,27D,QYG,,full,1
Y02071,INTERMEDIATE CARE,Inactive,ENGLAND,False,01G,QOP,,full,1
Y02117,ST ANN'S ROAD SURGERY,Active,ENGLAND,False,93C,Z9B2Z,London,full,1
Y02121,HONITON SURGERY - EVANS,Inactive,ENGLAND,False,99P,,,full,1
Y02128,SHINFIELD MEDICAL PRACTICE,Active,ENGLAND,False,15A,S0E4D,,full,1
Y02129,TRAFFORD HEALTH CENTRE,Inactive,ENGLAND,False,02A,QOP,,full,1
Y02162,WOODCHURCH MEDICAL CENTRE,Inactive,ENGLAND,False,12F,QYG,,full,1
Y02164,ASTON PRIDE FRANCHISE,Inactive,ENGLAND,False,05L,QUA,,full,1
Y02177,THE PRACTICE NORTHUMBERLAND AVENUE,Active,ENGLAND,False,99G,D7T5G,,full,1
Y02181,KIRKBY COMMUNITY PRIMARY CARE CENTRE,Inactive,ENGLAND,False,04E,,,full,1
Y02212,DUDLEY WOOD SURGERY,Active,ENGLAND,False,D2P2L,QUA,,full,1
Y02222,THE TRINITY MEDICAL CENTRE,Inactive,ENGLAND,False,72Q,QKK,London,full,1
Y02260,DR MAHER SHAKARCHI'S PRACTICE,Inactive,ENGLAND,False,W2U3Z,Z9B2Z,London,full,1
Y02274,RIVINGTON WAY SURGERY,Active,ENGLAND,False,02H,QOP,,full,1
Y02319,BOLTON GENERAL PRACTICE,Active,ENGLAND,False,00T,QOP,,full,1
Y02321,POPLAR STREET SURGERY,Active,ENGLAND,False,02H,QOP,,full,1
Y02322,LEIGH FAMILY PRACTICE,Active,ENGLAND,False,02H,QOP,,full,1
Y02325,CHARLESTOWN MD,Active,ENGLAND,False,14L,QOP,,full,1
Y02332,KINGSWAY & BRAMINGHAM MEDICAL CENTRE,Active,ENGLAND,False,M1J4Y,S1Y5D,,full,1
Y02342,FEATHERSTONE ROAD HEALTH CENTRE,Active,ENGLAND,False,W2U3Z,Z9B2Z,London,full,1
Y02344,NORTHPOINT,Inactive,ENGLAND,False,03F,QOQ,,full,1
Y02354,SANDY LANE SURGERY,Active,ENGLAND,False,04Y,QNC,,full,1
Y02378,BRYN STREET SURGERY,Active,ENGLAND,False,02H,QOP,,full,1
Y02379,TUDOR DRIVE SURGERY,Inactive,ENGLAND,False,08J,,,archive,1
Y02384,THE SPRINGBANK SURGERY,Inactive,ENGLAND,False,11M,QR1,,archive,1
Y02404,NEW LARCHWOOD SURGERY,Inactive,ENGLAND,False,09D,S9B9J,,full,1
Y02414,BURNTWOOD HEALTH & WELLBEING CENTRE,Inactive,ENGLAND,False,05Q,QNC,,full,1
Y02421,MALLING HEALTH - TELFORD WIC,Inactive,ENGLAND,False,05X,QOC,,full,1
Y02422,MALLING HEALTH - WREKIN WIC,Inactive,ENGLAND,False,05X,QOC,,full,1
Y02423,GRAFTON MEDICAL PARTNERS,Active,ENGLAND,False,36L,QWE,London,full,1
Y02424,LAKESIDE PLUS LIMITED,Inactive,ENGLAND,False,,,,archive,1
Y02442,ST THOMAS ROAD SURGERY,Inactive,ENGLAND,False,15M,QJ2,,full,1
Y02458,HARROW HEALTH CIC GASTROENTEROLOGY GPWSI,Active,ENGLAND,False,W2U3Z,Z9B2Z,London,full,1
Y02461,DMC WALDERSLADE SURGERY,Inactive,ENGLAND,False,09W,,,full,1
Y02462,DULWICH HEALTH MEDICAL CENTRE,Inactive,ENGLAND,False,91Q,QKS,,full,1
Y02463,THE TOWN CENTRE PRACTICE,Active,ENGLAND,False,M1J4Y,S1Y5D,,full,1
Y02464,MOAKES MEDICAL CENTRE,Inactive,ENGLAND,False,06P,QHG,,full,1
Y02466,BUCKSHAW VILLAGE HEALTH CENTRE,Active,ENGLAND,False,00X,QE1,,full,1
Y02469,HERON GP PRACTICE,Active,ENGLAND,False,04C,QK1,,full,1
Y02471,MCH PENTAGON,Inactive,ENGLAND,False,91Q,QKS,,full,1
Y02472,COLLEGE HEALTH STERLING,Inactive,ENGLAND,False,09W,,,archive,1
Y02476,BROAD STREET HEALTH CENTRE,Active,ENGLAND,False,15A,S0E4D,,full,1
Y02477,WHIPPERLEY MEDICAL CENTRE,Inactive,ENGLAND,False,06P,QHG,,full,1
Y02483,RESOLUTION HEALTH CENTRE,Inactive,ENGLAND,False,00M,,,full,1
Y02490,THREE VALLEY HEALTHCARE,Active,ENGLAND,False,15M,QJ2,,full,1
Y02494,SHAKESPEARE MEDICAL PRACTICE,Active,ENGLAND,False,15F,QWO,,full,1
Y02495,URGENT TREATMENT CENTRE,Active,ENGLAND,False,M2L0M,QOC,,full,1
Y02496,HARTLEPOOL NHS HEALTHCARE CENTRE,Inactive,ENGLAND,False,00K,,,full,1
Y02499,ESTON GRANGE NHS HEALTH CARE CENTRE,Inactive,ENGLAND,False,00M,,,full,1
Y02501,HARTFIELDS MEDICAL PRACTICE,Inactive,ENGLAND,False,00K,,,full,1
Y02506,SHEPPEY NHS HEALTHCARE CENTRE,Inactive,ENGLAND,False,91Q,QKS,,full,1
Y02507,EATPMC (HALEWOOD),Inactive,ENGLAND,False,01J,QYG,,full,1
Y02508,EATPMC (HUYTON),Inactive,ENGLAND,False,01J,QYG,,full,1
Y02509,LCD WAKEFIELD WIC,Active,ENGLAND,False,03R,QWO,,full,1
Y02510,MARSHALLS CROSS MEDICAL CENTRE,Active,ENGLAND,False,01X,QYG,,full,1
Y02511,ELDERCARE,Inactive,ENGLAND,False,01X,QYG,,full,1
Y02512,WINDMILL HILL MEDICAL CENTRE,Inactive,ENGLAND,False,01F,QYG,,full,1
Y02513,WIDNES GP HEALTH CENTRE,Inactive,ENGLAND,False,,,,archive,1
Y02514,LITHERLAND PRIMARY CARE WALK-IN SERVICE,Active,ENGLAND,False,01T,QYG,,full,1
Y02515,EATPMC (WHISTON),Inactive,ENGLAND,False,01J,QYG,,full,1
Y02516,EATPMC (HEALTH CENTRE),Inactive,ENGLAND,False,01J,QYG,,full,1
Y02517,NEWQUAY HEALTH CENTRE,Active,ENGLAND,False,11N,QT6,,full,1
Y02519,GLOUCESTER HEALTH ACCESS CENTRE,Active,ENGLAND,False,11M,QR1,,full,1
Y02520,SIMPSON MEDICAL PRACTICE,Active,ENGLAND,False,14L,QOP,,full,1
Y02521,WILLOW BANK SURGERY,Active,ENGLAND,False,05W,QNC,,full,1
Y02525,EQUITABLE ACCESS,Inactive,ENGLAND,False,08K,,,full,1
Y02526,PHL SAS SERVICE,Active,ENGLAND,False,10R,QRL,,full,1
Y02529,SCHOOL HOUSE PRACTICE,Inactive,ENGLAND,False,,,,archive,1
Y02530,THE ISIS PROJECT,Inactive,ENGLAND,False,08H,,,full,1
Y02531,CRAWLEY HEALTH CENTRE,Inactive,ENGLAND,False,09H,,,archive,1
Y02553,THE ORCHARD MEDICAL CENTRE/APMS,Inactive,ENGLAND,False,,,,archive,1
Y02566,SHEFFIELD CITY GP HC (REG),Inactive,ENGLAND,False,03N,QF7,,full,1
Y02567,HODGE HILL FAMILY PRACTICE,Active,ENGLAND,False,15E,QHL,,full,1
Y02568,SOLIHULL HEALTHCARE & WALK-IN-CENTRE,Inactive,ENGLAND,False,15E,QHL,,full,1
Y02569,ALL DAY HEALTH CENTRE,Inactive,ENGLAND,False,12F,QYG,,full,1
Y02570,MIDWAY MEDICAL CENTRE,Inactive,ENGLAND,False,05G,QNC,,full,1
Y02571,POPLAR PRIMARY CARE CENTRE,Active,ENGLAND,False,15E,QHL,,full,1
Y02572,CALDER COMMUNITY PRACTICE,Inactive,ENGLAND,False,02T,QWO,,full,1
Y02575,OMNES HEALTHCARE LTD,Active,ENGLAND,False,A3A8R,QMF,London,full,1
Y02578,BROADMEAD MEDICAL CENTRE,Active,ENGLAND,False,15C,QUY,,full,1
Y02579,GP WALK IN HEALTH CENTRE SERVICE,Inactive,ENGLAND,False,,,,archive,1
Y02580,WESTON GP HEALTHCARE CENTRE,Inactive,ENGLAND,False,,,,archive,1
Y02581,ST GEORGES SURGERY,Inactive,ENGLAND,False,11T,,,full,1
Y02583,CHILD & FAMILY HEALTH CENTRE,Inactive,ENGLAND,False,07L,QMF,London,full,1
Y02585,ORIENT PRACTICE,Inactive,ENGLAND,False,A3A8R,QMF,London,full,1
Y02586,ASHTON GP SERVICE,Active,ENGLAND,False,01Y,QOP,,full,1
Y02589,HAMMERSMITH & FULHAM CENTRES FOR HEALTH,Active,ENGLAND,False,W2U3Z,Z9B2Z,London,full,1
Y02592,BATH NHS HEALTH CARE CENTRE,Inactive,ENGLAND,False,,,,archive,1
Y02593,CROWN HEALTH CENTRE,Inactive,ENGLAND,False,,,,archive,1
Y02594,ESSINGTON MEDICAL CENTRE,Active,ENGLAND,False,04Y,QNC,,full,1
Y02596,CARDREW HEALTH CENTRE,Inactive,ENGLAND,False,11N,QT6,,full,1
Y02597,THE FENS MEDICAL CENTRE,Inactive,ENGLAND,False,00K,,,full,1
Y02601,THURROCK CDAS,Inactive,ENGLAND,False,,,,archive,1
Y02605,ACCRINGTON VICTORIA GP PRACTICE,Active,ENGLAND,False,01A,QE1,,full,1
Y02606,FAIRMORE MEDICAL PRACTICE,Active,ENGLAND,False,01A,QE1,,full,1
Y02607,DARLINGTON HEALTH CENTRE,Inactive,ENGLAND,False,,,,archive,1
Y02610,TRINITY PRACTICE,Inactive,ENGLAND,False,01V,QYG,,full,1
Y02611,NORTH CHELMSFORD NHS HCC,Active,ENGLAND,False,06Q,D7T5G,,full,1
Y02612,MALLING AT STOKE ALDERMOOR,Inactive,ENGLAND,False,05A,QWU,,archive,1
Y02613,COVENTRY NHS HEALTHCARE CTR,Inactive,ENGLAND,False,05A,QWU,,archive,1
Y02614,INTRAHEALTH AT HEALTHWORKS WIC,Inactive,ENGLAND,False,00D,,,full,1
Y02616,THE CHANTRY BRIDGE MEDICAL CENTRE,Inactive,ENGLAND,False,03L,QF7,,archive,1
Y02620,THE HILL GENERAL PRACTICE & UCC,Active,ENGLAND,False,15E,QHL,,full,1
Y02622,BLACKFRIARS,Active,ENGLAND,False,01G,QOP,,full,1
Y02624,THE WHARF FAMILY PRACTICE,Inactive,ENGLAND,False,05Y,QUA,,full,1
Y02625,CARE HOMES MEDICAL PRACTICE,Active,ENGLAND,False,01G,QOP,,full,1
Y02626,THE KEYS FAMILY PRACTICE,Active,ENGLAND,False,D2P2L,QUA,,full,1
Y02627,HARDEN BLAKENALL,Active,ENGLAND,False,D2P2L,QUA,,full,1
Y02628,WALSALL URGENT TREATMENT CENTRE,Active,ENGLAND,False,D2P2L,QUA,,full,1
Y02633,BOW MEDICAL PRACTICE,Active,ENGLAND,False,15N,QJK,,full,1
Y02635,DONCASTER 8 TO 8 HEALTH CENTRE,Inactive,ENGLAND,False,02X,QF7,,archive,1
Y02636,PENNFIELDS MEDICAL CENTRE,Active,ENGLAND,False,D2P2L,QUA,,full,1
Y02638,WEST HERTS MEDICAL CENTRE,Inactive,ENGLAND,False,06N,S1Y5D,,full,1
Y02639,SPRING HOUSE HEALTH,Active,ENGLAND,False,06K,S1Y5D,,full,1
Y02640,CAMP HILL GP LED HEALTH CENTRE,Inactive,ENGLAND,False,05H,QWU,,archive,1
Y02644,HBP SURGERY LUNDWOOD,Inactive,ENGLAND,False,02P,QF7,,full,1
Y02645,LOCALA CALDERDALE SAS,Active,ENGLAND,False,02T,QWO,,full,1
Y02646,TURNER ROAD SURGERY,Active,ENGLAND,False,06T,D7T5G,,full,1
Y02647,ENCOMPASS GP PRACTICE 2,Inactive,ENGLAND,False,,,,archive,1
Y02650,WEYMOUTH COMMUNITY HEALTH CENTRE,Inactive,ENGLAND,False,11J,QVV,,full,1
Y02653,HIGH OAK SURGERY,Active,ENGLAND,False,D2P2L,QUA,,full,1
Y02656,THE WOLDS VIEW PRIMARY CARE CENTRE,Inactive,ENGLAND,False,02Y,QOQ,,full,1
Y02657,BENTHAM ROAD HEALTH CENTRE,Active,ENGLAND,False,00Q,QE1,,full,1
Y02658,BLAYDON GP LED PRACTICE,Inactive,ENGLAND,False,13T,QHM,,full,1
Y02660,THE RLC SURGERY,Inactive,ENGLAND,False,00V,QOP,,full,1
Y02662,GREYFRIARS HEALTH CENTRE,Inactive,ENGLAND,False,06M,,,full,1
Y02663,DROYLSDEN MEDICAL PRACTICE,Active,ENGLAND,False,01Y,QOP,,full,1
Y02664,SKELTON PRACTICE,Inactive,ENGLAND,False,,,,archive,1
Y02666,SALISBURY WALK-IN HC,Active,ENGLAND,False,92G,QOX,,full,1
Y02669,CASTLE HEALTH CENTRE,Active,ENGLAND,False,42D,QOQ,,full,1
Y02671,THE PRACTICE HEART OF HOUNSLOW,Active,ENGLAND,False,W2U3Z,Z9B2Z,London,full,1
Y02672,THE PRACTICE FELTHAM,Active,ENGLAND,False,W2U3Z,Z9B2Z,London,full,1
Y02673,PARK END CLINIC,Inactive,ENGLAND,False,,,,archive,1
Y02674,CAMDEN HEALTH IMPROVEMENT PRACTICE,Active,ENGLAND,False,93C,Z9B2Z,London,full,1
Y02676,BRIGHTON STATION HEALTH CENTRE,Active,ENGLAND,False,09D,S9B9J,,full,1
Y02684,QUAYSIDE MEDICAL CENTRE,Active,ENGLAND,False,03H,QOQ,,full,1
Y02685,GYNAECOLOGY MENSTRUAL DISORDERS SERVICE,Inactive,ENGLAND,False,07V,,,archive,1
Y02686,BOWLING GREEN STREET SURGERY,Active,ENGLAND,False,04C,QK1,,full,1
Y02688,ASHFORD HEALTH CENTRE,Inactive,ENGLAND,False,09Y,,,full,1
Y02692,THE WEMBLEY PRACTICE,Active,ENGLAND,False,W2U3Z,Z9B2Z,London,full,1
Y02701,GREAT BRIDGE HEALTH CENTRE,Active,ENGLAND,False,D2P2L,QUA,,full,1
Y02702,MALLING HEALTH WEDNESBURY,Inactive,ENGLAND,False,,,,archive,1
Y02704,MALLING HEALTH CENTRE SANDWELL,Inactive,ENGLAND,False,05L,QUA,,full,1
Y02707,ST LUKE'S HEALTH CENTRE,Active,ENGLAND,False,99G,D7T5G,,full,1
Y02708,FARRIER HOUSE SURGERY,Inactive,ENGLAND,False,05T,,,archive,1
Y02710,BATTLE HILL HEALTH CENTRE,Inactive,ENGLAND,False,99C,QHM,,full,1
Y02711,PONTELAND ROAD HEALTH CENTRE,Inactive,ENGLAND,False,13T,QHM,,full,1
Y02712,MEDICUS FAMILY PRACTICE,Inactive,ENGLAND,False,,,,archive,1
Y02713,GUIDE BRIDGE MEDICAL PRACTICE,Active,ENGLAND,False,01Y,QOP,,full,1
Y02718,BIRTLE VIEW MEDICAL PRACTICE,Active,ENGLAND,False,01D,QOP,,full,1
Y02719,SMALLBRIDGE MEDICAL PRACTICE,Inactive,ENGLAND,False,01D,QOP,,archive,1
Y02720,THE KINGSWAY PRACTICE,Active,ENGLAND,False,01D,QOP,,full,1
Y02721,KIRKHOLT MEDICAL PRACTICE,Active,ENGLAND,False,01D,QOP,,full,1
Y02725,OADBY & WIGSTON WALK-IN CENTRE,Inactive,ENGLAND,False,03W,QK1,,archive,1
Y02726,SCOTSWOOD GP PRACTICE,Inactive,ENGLAND,False,13T,QHM,,archive,1
Y02727,WARRINGTON GP HEALTH CENTRE,Inactive,ENGLAND,False,,,,archive,1
Y02735,ETTINGSHALL MEDICAL CENTRE,Inactive,ENGLAND,False,06A,QUA,,full,1
Y02736,SHOWELL PARK HEALTH CENTRE,Active,ENGLAND,False,D2P2L,QUA,,full,1
Y02747,HAXBY GROUP HULL,Active,ENGLAND,False,03F,QOQ,,full,1
Y02748,HAXBY ORCHARD PARK SURGERY,Inactive,ENGLAND,False,03F,QOQ,,archive,1
Y02751,NORWICH PRACTICES HEALTH CENTRE,Active,ENGLAND,False,26A,T6Y0W,,full,1
Y02753,HILL TOP SURGERY,Active,ENGLAND,False,00Y,QOP,,full,1
Y02754,BANBURY HEALTH CENTRE,Inactive,ENGLAND,False,10Q,S0E4D,,full,1
Y02755,ROCK HEALTHCARE LIMITED,Active,ENGLAND,False,00V,QOP,,full,1
Y02757,BILSTON URBAN VILLAGE MEDICAL CENTRE,Active,ENGLAND,False,D2P2L,QUA,,full,1
Y02766,BRIGHTON STATION WALK-IN,Active,ENGLAND,False,09D,S9B9J,,full,1
Y02767,THE HEIGHT GENERAL PRACTICE,Active,ENGLAND,False,01G,QOP,,full,1
Y02769,ST NEOTS HEALTH CENTRE,Active,ENGLAND,False,06H,S1Y5D,,full,1
Y02772,CREWE URGENT CARE CENTRE,Inactive,ENGLAND,False,,,,archive,1
Y02778,NHS YEOVIL HEALTH CENTRE,Inactive,ENGLAND,False,11X,QSL,,full,1
Y02784,MALLING HEALTH AT FOLESHILL,Inactive,ENGLAND,False,05A,QWU,,archive,1
Y02786,PRIORY SURGERY,Inactive,ENGLAND,False,03F,QOQ,,archive,1
Y02787,THE OAK TREE MEDICAL PRACTICE,Active,ENGLAND,False,03K,QOQ,,full,1
Y02790,BOLTON MEDICAL CENTRE,Active,ENGLAND,False,00T,QOP,,full,1
Y02794,OAKLEAF,Active,ENGLAND,False,15E,QHL,,full,1
Y02795,MIDDLETON HEALTH CENTRE,Active,ENGLAND,False,01D,QOP,,full,1
Y02807,THURROCK HEALTH CENTRE,Active,ENGLAND,False,07G,D7T5G,,full,1
Y02811,CATOR MEDICAL CENTRE,Active,ENGLAND,False,72Q,QKK,London,full,1
Y02812,HAYES TOWN MEDICAL CENTRE,Inactive,ENGLAND,False,08G,QRV,North West,full,1
Y02815,HIGHGATE SURGERY (HILL BROW PARTNERSHIP),Inactive,ENGLAND,False,02P,QF7,,full,1
Y02816,EASTBOURNE STATION HEALTH CENTRE,Inactive,ENGLAND,False,97R,S9B9J,,full,1
Y02818,BBV THREE BOROUGHS TEAM,Inactive,ENGLAND,False,,,,archive,1
Y02823,DMC VICARAGE LANE,Inactive,ENGLAND,False,08M,QMF,London,full,1
Y02826,WHITE HORSE WIC,Inactive,ENGLAND,False,91Q,QKS,,full,1
Y02827,JOHN STREET MEDICAL PRACTICE,Active,ENGLAND,False,00Y,QOP,,full,1
Y02833,WESTWOOD 8-8 PRIMARY CARE CENTRE,Inactive,ENGLAND,False,02Q,QT1,,full,1
Y02834,COMMUNITY ASSESSMENT UNIT,Inactive,ENGLAND,False,,,,archive,1
Y02838,ADELAIDE GP SURGERY,Inactive,ENGLAND,False,10X,QRL,,full,1
Y02842,HALF PENNY STEPS HEALTH CENTRE,Active,ENGLAND,False,W2U3Z,Z9B2Z,London,full,1
Y02846,NHS NOTTINGHAM 8-8 HEALTH CENTRE,Inactive,ENGLAND,False,04K,,,archive,1
Y02847,PARLIAMENT STREET MEDICAL CENTRE,Active,ENGLAND,False,52R,QT1,,full,1
Y02849,CITY HEALTH CENTRE,Active,ENGLAND,False,14L,QOP,,full,1
Y02850,LAKESIDE SURGERY,Inactive,ENGLAND,False,,,,archive,1
Y02854,GP LED HEALTH CENTRE,Active,ENGLAND,False,00R,QE1,,full,1
Y02857,BROAD LANE SURGERY,Inactive,ENGLAND,False,05A,QWU,,archive,1
Y02867,MIDDLEPORT MEDICAL CENTRE,Active,ENGLAND,False,05W,QNC,,full,1
Y02868,HANLEY HEALTH & WELL BEING CENTRE,Inactive,ENGLAND,False,05W,QNC,,full,1
Y02873,COMPASS HEALTH,Active,ENGLAND,False,15C,QUY,,full,1
Y02875,LINDLEY HOUSE HEALTH CENTRE,Active,ENGLAND,False,00Y,QOP,,full,1
Y02880,LANGBAURGH NHS MEDICAL CENTRE,Inactive,ENGLAND,False,,,,archive,1
Y02884,HEMLINGTON MEDICAL CENTRE,Inactive,ENGLAND,False,00M,,,full,1
Y02885,MARSH GREEN MEDICAL PRACTICE,Active,ENGLAND,False,02H,QOP,,full,1
Y02886,LEIGH SPORTS VILLAGE,Active,ENGLAND,False,02H,QOP,,full,1
Y02887,INTRAHEALTH LSV,Inactive,ENGLAND,False,02H,QOP,,full,1
Y02890,HAWTHORN MC,Active,ENGLAND,False,14L,QOP,,full,1
Y02893,IRIDIUM MEDICAL PRACTICE,Active,ENGLAND,False,15E,QHL,,full,1
Y02896,STORY ST PRACTICE & WALK IN CENTRE,Inactive,ENGLAND,False,03F,QOQ,,full,1
Y02897,SHOOTERS HILL MEDICAL CENTRE,Inactive,ENGLAND,False,08A,,,archive,1
Y02900,BROOKLANDS HEALTH CENTRE,Active,ENGLAND,False,M1J4Y,S1Y5D,,full,1
Y02902,GP ACCESS CENTRE WIC,Active,ENGLAND,False,18C,QGH,,full,1
Y02906,CANBERRA OLD OAK SURGERY,Active,ENGLAND,False,W2U3Z,Z9B2Z,London,full,1
Y02914,NCL COVID MEDICINES DELIVERY UNIT,Active,ENGLAND,False,93C,Z9B2Z,London,full,1
Y02916,HARROW DIABETES INTEGRATED CARE,Inactive,ENGLAND,False,08E,QRV,North West,full,1
Y02928,THE PRACTICE ALBERT ROAD,Active,ENGLAND,False,A3A8R,QMF,London,full,1
Y02933,HOLLINWOOD MEDICAL PRACTICE,Active,ENGLAND,False,00Y,QOP,,full,1
Y02934,GP CARE UNREGISTERED SUBSTANCE MISUSERS,Inactive,ENGLAND,False,07L,QMF,London,full,1
Y02936,MILLBROOK MEDICAL PRACTICE,Active,ENGLAND,False,01Y,QOP,,full,1
Y02939,WYCOMBE GP HEALTH CENTRE,Inactive,ENGLAND,False,,,,archive,1
Y02945,NNEC HEART FAILURE,Inactive,ENGLAND,False,52R,QT1,,full,1
Y02946,JUNCTION HEALTH CENTRE,Active,ENGLAND,False,36L,QWE,London,full,1
Y02955,KATES HILL SURGERY,Inactive,ENGLAND,False,,,,archive,1
Y02957,LEWISHAM GP LED HEALTH CENTRE,Inactive,ENGLAND,False,08L,,,full,1
Y02960,NEW BANK HEALTH,Active,ENGLAND,False,14L,QOP,,full,1
Y02961,SUMMERFIELD GP SURG & URGENT CARE CENTRE,Inactive,ENGLAND,False,05L,QUA,,full,1
Y02962,EDRIDGE ROAD COMMUNITY HEALTH CENTRE,Inactive,ENGLAND,False,36L,QWE,London,full,1
Y02963,FINCH ROAD SURGERY,Inactive,ENGLAND,False,05L,QUA,,archive,1
Y02964,TEDDINGTON MEMORIAL HEALTH CENTRE,Inactive,ENGLAND,False,,,,archive,1
Y02967,QUEEN MARY'S POLYCLINIC WIC,Inactive,ENGLAND,False,36L,QWE,London,full,1
Y02968,GP LED HEALTH CENTRE,Inactive,ENGLAND,False,08R,,,full,1
Y02973,KINGS PARK SURGERY,Active,ENGLAND,False,A3A8R,QMF,London,full,1
Y02974,THAMESMEAD HEALTH CENTRE,Active,ENGLAND,False,72Q,QKK,London,full,1
Y02977,DRS LAW & MOUNTCASTLE,Inactive,ENGLAND,False,,,,archive,1
Y02986,CRICKLEWOOD HEALTH CENTRE,Active,ENGLAND,False,93C,Z9B2Z,London,full,1
Y02987,AT MEDICS - THE LOXFORD PRACTICE,Active,ENGLAND,False,A3A8R,QMF,London,full,1
Y02988,THE KINGSTANDING COMMUNITY PRACTICE,Inactive,ENGLAND,False,13P,,,archive,1
Y02995,ST CHARLES UCC PRACTICE,Inactive,ENGLAND,False,08Y,QRV,North West,archive,1
Y02999,JARROW GP PRACTICE,Inactive,ENGLAND,False,00N,QHM,,full,1
Y03005,CAS PAEDIATRICS,Active,ENGLAND,False,W2U3Z,Z9B2Z,London,full,1
Y03007,ERDINGTON GP HEALTH & WELLBEING WIC,Active,ENGLAND,False,15E,QHL,,full,1
Y03019,LIVERPOOL WOMEN'S NHS FOUNDATION TRUST,Active,ENGLAND,False,99A,QYG,,full,1
Y03020,LIVERPOOL WOMEN'S NHS FOUNDATION TRUST,Active,ENGLAND,False,99A,QYG,,full,1
Y03023,ST ANDREWS HEALTH CENTRE,Active,ENGLAND,False,A3A8R,QMF,London,full,1
Y03035,QUEENSWOOD MEDICAL PRACTICE,Active,ENGLAND,False,93C,Z9B2Z,London,full,1
Y03038,HARROW ENT CAS,Inactive,ENGLAND,False,08E,QRV,North West,full,1
Y03049,SPRING HILL PRACTICE,Active,ENGLAND,False,A3A8R,QMF,London,full,1
Y03051,HASTINGS MED P & WALKIN,Inactive,ENGLAND,False,97R,S9B9J,,full,1
Y03052,DR SALAKO AND PARTNERS,Active,ENGLAND,False,99E,D7T5G,,full,1
Y03054,GOSBURY HILL GP CLINIC,Inactive,ENGLAND,False,08J,,,full,1
Y03063,HETHERINGTON AT THE PAVILION,Active,ENGLAND,False,72Q,QKK,London,full,1
Y03079,BOLTON COMMUNITY PRACTICE,Active,ENGLAND,False,00T,QOP,,full,1
Y03094,THE JUNCTION HC - UNREGISTERED PATIENTS,Inactive,ENGLAND,False,36L,QWE,London,full,1
Y03096,LCH CENTRAL ABACUS,Active,ENGLAND,False,99A,QYG,,full,1
Y03097,ROPEWALKS GEN. PRACTICE,Inactive,ENGLAND,False,99A,QYG,,full,1
Y03098,THE ELMS M.C,Active,ENGLAND,False,99A,QYG,,full,1
Y03099,ROCKY LANE M.C,Active,ENGLAND,False,99A,QYG,,full,1
Y03101,DEYSBROOK LANE M.C,Inactive,ENGLAND,False,99A,QYG,,full,1
Y03102,ANFIELD G.P,Inactive,ENGLAND,False,99A,QYG,,archive,1
Y03103,MEDICUS SELECT CARE,Active,ENGLAND,False,93C,Z9B2Z,London,full,1
Y03112,MEADOW DALE GROUP PRACTICE,Inactive,ENGLAND,False,02T,QWO,,full,1
Y03124,GRANGE FARM MEDICAL CENTRE,Active,ENGLAND,False,52R,QT1,,full,1
Y03134,THE GATEWAY PRACTICE,Inactive,ENGLAND,False,,,,archive,1
Y03135,BRIDGE HOUSE MEDICAL PRACTICE,Active,ENGLAND,False,93C,Z9B2Z,London,full,1
Y03154,FENLAND INTEGRATED DIABETES SERVICE,Active,ENGLAND,False,06H,S1Y5D,,full,1
Y03200,WESTDALE HEALTHCARE LTD,Inactive,ENGLAND,False,,,,archive,1
Y03210,MINOR SURGERY ST JAMES,Active,ENGLAND,False,99A,QYG,,full,1
Y03217,ALEX CENTRE UNREGISTERED WIC,Inactive,ENGLAND,False,W2U3Z,Z9B2Z,London,full,1
Y03218,THE PINN UNREGISTERED WIC,Active,ENGLAND,False,W2U3Z,Z9B2Z,London,full,1
Y03222,ST JOHN'S SURGERY,Active,ENGLAND,False,26A,T6Y0W,,full,1
Y03272,TS-3 DERMATOLOGY CLINIC,Active,ENGLAND,False,06H,S1Y5D,,full,1
Y03287,NEWCASTLE DIABETES CENTRE,Active,ENGLAND,False,,,,full,1
Y03296,CLOVER HEALTH CENTRE,Inactive,ENGLAND,False,72Q,QKK,London,full,1
Y03303,THE RIDGEWAY HEALTH CENTRE,Active,ENGLAND,False,16C,QHM,,full,1
Y03329,SYCAMORE MEWS GP SUPPORT,Inactive,ENGLAND,False,00P,QHM,,full,1
Y03362,THE WATERSIDE SURGERY,Inactive,ENGLAND,False,00Q,QE1,,full,1
Y03363,SOUTHGLADE HEALTH CENTRE,Inactive,ENGLAND,False,04K,,,full,1
Y03364,GREAT LEVER PRACTICE,Inactive,ENGLAND,False,00T,QOP,,full,1
Y03366,OLIVE FAMILY PRACTICE,Active,ENGLAND,False,00T,QOP,,full,1
Y03376,THE RIVERS HOSPITAL,Inactive,ENGLAND,False,07H,D7T5G,,full,1
Y03377,THE RIVERS HOSPITAL,Inactive,ENGLAND,False,07H,D7T5G,,full,1
Y03378,THE RIVERS HOSPITAL,Inactive,ENGLAND,False,07H,D7T5G,,full,1
Y03379,THE RIVERS HOSPITAL,Inactive,ENGLAND,False,07H,D7T5G,,full,1
Y03380,THE RIVERS HOSPITAL,Active,ENGLAND,False,07H,D7T5G,,full,1
Y03381,THE RIVERS HOSPITAL,Inactive,ENGLAND,False,07H,D7T5G,,full,1
Y03382,THE RIVERS HOSPITAL,Inactive,ENGLAND,False,07H,D7T5G,,full,1
Y03383,THE RIVERS HOSPITAL,Active,ENGLAND,False,07H,D7T5G,,full,1
Y03387,CAMDEN INTEGRATED CARE SERVICE,Active,ENGLAND,False,93C,Z9B2Z,London,full,1
Y03402,EVERGREEN PRIMARY CARE CENTRE,Active,ENGLAND,False,93C,Z9B2Z,London,full,1
Y03430,LYMEBROOK SURGERY,Inactive,ENGLAND,False,05G,QNC,,archive,1
Y03433,GYNAECOLOGY SERVICES,Active,ENGLAND,False,A3A8R,QMF,London,full,1
Y03434,PATIENT FIRST SOCIAL ENTERPRISE,Active,ENGLAND,False,A3A8R,QMF,London,full,1
Y03436,GENERAL SURGERY SERVICES,Inactive,ENGLAND,False,08M,QMF,London,archive,1
Y03441,"HEALTH AND WELLBEING CENTRE, EARLS COURT",Active,ENGLAND,False,W2U3Z,Z9B2Z,London,full,1
Y03445,LYME MEDICAL CENTRE,Inactive,ENGLAND,False,,,,archive,1
Y03454,CGL ASPIRE,Active,ENGLAND,False,,,,full,1
Y03470,CAMHEALTH DIABETES SERVICE,Inactive,ENGLAND,False,06H,S1Y5D,,full,1
Y03472,CPFT - CONSULTANT DIABETES TEAM,Active,ENGLAND,False,06H,S1Y5D,,full,1
Y03478,WANDLE VALLEY S/CARE SERVICE,Inactive,ENGLAND,False,,,,archive,1
Y03504,"UCC, H&F CENTRES FOR HEALTH",Active,ENGLAND,False,W2U3Z,Z9B2Z,London,full,1
Y03506,THE CHESTNUTS PARK SURGERY,Inactive,ENGLAND,False,08D,,,full,1
Y03516,STROUDEN PARK MEDICAL PRACTICE,Inactive,ENGLAND,False,,,,archive,1
Y03546,LIVERPOOL COMMUNITY COPD SERVICE,Active,ENGLAND,False,99A,QYG,,full,1
Y03575,GP LED GYNAECOLOGY SERVICE,Active,ENGLAND,False,W2U3Z,Z9B2Z,London,full,1
Y03584,LLR SAS PROVIDER,Active,ENGLAND,False,03W,QK1,,full,1
Y03587,WESTCOTES MEDICAL CENTRE,Inactive,ENGLAND,False,04C,QK1,,full,1
Y03595,BEECHCROFT AND OLD PALACE,Active,ENGLAND,False,26A,T6Y0W,,full,1
Y03597,HAMD MEDICAL PRACTICE,Active,ENGLAND,False,15E,QHL,,full,1
Y03602,GREY GABLE SURGERY,Active,ENGLAND,False,18C,QGH,,full,1
Y03656,LEYLAND SURGERY,Inactive,ENGLAND,False,00X,QE1,,full,1
Y03661,LYME REGIS MEDICAL CENTRE,Inactive,ENGLAND,False,11J,QVV,,full,1
Y03663,HENDON WAY SURGERY,Active,ENGLAND,False,93C,Z9B2Z,London,full,1
Y03664,DR AZIM & PARTNERS,Active,ENGLAND,False,93C,Z9B2Z,London,full,1
Y03671,SPARCELLS SURGERY,Inactive,ENGLAND,False,92G,QOX,,full,1
Y03699,OLDHAM DERMATOLOGY SERVICE,Inactive,ENGLAND,False,00Y,QOP,,full,1
Y03708,O/M OUTREACH SERVICE,Inactive,ENGLAND,False,00Y,QOP,,full,1
Y03738,CRI DRUG SERVICE,Inactive,ENGLAND,False,92G,QOX,,full,1
Y03755,GREENWICH PENINSULA,Active,ENGLAND,False,72Q,QKK,London,full,1
Y04225,EALING COMMUNITY PRT - CARE HOME SERVICE,Active,ENGLAND,False,W2U3Z,Z9B2Z,London,full,1
Y04266,CROSLAND MOOR SURGERY,Active,ENGLAND,False,X2C4Y,QWO,,full,1
Y04273,LIBERTY BRIDGE ROAD PRACTICE,Active,ENGLAND,False,A3A8R,QMF,London,full,1
Y04333,PRIORY AVENUE SURGERY,Inactive,ENGLAND,False,15A,S0E4D,,full,1
Y04480,GEDLING VILLAGE,Inactive,ENGLAND,False,04L,,,full,1
Y04595,RUSHCLIFFE T&O COM CLINIC,Inactive,ENGLAND,False,52R,QT1,,full,1
Y04659,NEW CROSS HEALTH CENTRE,Inactive,ENGLAND,False,08L,,,full,1
Y04660,BRIERLEY MEDICAL CENTRE,Inactive,ENGLAND,False,02P,QF7,,archive,1
Y04662,CRANBROOK MEDICAL PRACTICE,Active,ENGLAND,False,15N,QJK,,full,1
Y04664,THE WILLASTON SURGERY,Active,ENGLAND,False,27D,QYG,,full,1
Y04786,HEALTH 1000 LTD,Inactive,ENGLAND,False,07L,QMF,London,full,1
Y04800,HARTLEY ROAD MEDICAL PRACTICE,Inactive,ENGLAND,False,04K,,,archive,1
Y04804,MIU PRIMARY CARE CENTRE,Inactive,ENGLAND,False,,,,full,1
Y04809,LAKESIDE SURGERY,Active,ENGLAND,False,02P,QF7,,full,1
Y04882,CHAUCER SURGERY,Active,ENGLAND,False,B2M3M,QWU,,full,1
Y04883,LEICESTER ROAD SURGERY,Inactive,ENGLAND,False,B2M3M,QWU,,full,1
Y04884,SATIS HOUSE,Active,ENGLAND,False,B2M3M,QWU,,full,1
Y04887,WESTFIELD HEALTH CENTRE,Inactive,ENGLAND,False,03N,QF7,,full,1
Y04925,CHAPELFORD PRIMARY CARE CENTRE,Active,ENGLAND,False,02E,QYG,,full,1
Y04926,APPLETON PRIMARY CARE CENTRE,Inactive,ENGLAND,False,02E,QYG,,full,1
Y04927,CULCHETH PRIMARY CARE CENTRE,Inactive,ENGLAND,False,02E,QYG,,full,1
Y04942,UNIVERSITY HEALTH CENTRE,Inactive,ENGLAND,False,71E,QJM,,full,1
Y04943,ARBORETUM SURGERY,Inactive,ENGLAND,False,04D,,,full,1
Y04944,METHERINGHAM SURGERY,Inactive,ENGLAND,False,04D,,,full,1
Y04945,POTTERGATE SURGERY,Inactive,ENGLAND,False,04D,,,full,1
Y04947,MALLING HEALTH AT STOKE ALDERMOOR,Inactive,ENGLAND,False,B2M3M,QWU,,full,1
Y04949,RUGBY TOWN MEDICAL PRACTICE,Inactive,ENGLAND,False,05A,QWU,,full,1
Y04951,ARDEN HEALTHCARE CENTRE,Inactive,ENGLAND,False,B2M3M,QWU,,full,1
Y04952,BROAD LANE SURGERY,Inactive,ENGLAND,False,B2M3M,QWU,,full,1
Y04957,ST AUSTELL HEALTH GROUP,Active,ENGLAND,False,11N,QT6,,full,1
Y04965,ALLIANCE TEACHING PRACTICES,Active,ENGLAND,False,B2M3M,QWU,,full,1
Y04968,FARRIER HOUSE SURGERY,Inactive,ENGLAND,False,18C,QGH,,full,1
Y04969,CAMP HILL GP LED HEALTH CENTRE,Active,ENGLAND,False,B2M3M,QWU,,full,1
Y04977,CRESWELL AND LANGWITH MEDICAL CENTRE,Active,ENGLAND,False,15M,QJ2,,full,1
Y04979,NORTH TAWTON MEDICAL PRACTICE,Inactive,ENGLAND,False,99P,,,full,1
Y04995,ROYAL PRIMARY CARE CHESTERFIELD,Active,ENGLAND,False,15M,QJ2,,full,1
Y05008,BURTON ROAD SURGERY,Inactive,ENGLAND,False,04D,,,full,1
Y05021,MILLBROOK SURGERY,Inactive,ENGLAND,False,11N,QT6,,full,1
Y05023,SILVER END SURGERY,Active,ENGLAND,False,06Q,D7T5G,,full,1
Y05029,BMI HEALTHCARE BATH CLINIC,Active,ENGLAND,False,92G,QOX,,full,1
Y05030,BMI HEALTHCARE RIDGEWAY HOSPITAL,Active,ENGLAND,False,92G,QOX,,full,1
Y05031,RAMSEY HEALTH CARE UK,Active,ENGLAND,False,92G,QOX,,full,1
Y05032,INDEPENDENT HEALTH GROUP,Active,ENGLAND,False,92G,QOX,,full,1
Y05080,FIRST CHOICE MEDICAL CARE,Active,ENGLAND,False,W2U3Z,Z9B2Z,London,full,1
Y05086,PMCF PRIMARY CARE EXTENDED ACCESS SITE 1,Inactive,ENGLAND,False,02H,QOP,,full,1
Y05087,PMCF PRIMARY CARE EXTENDED ACCESS SITE 2,Inactive,ENGLAND,False,02H,QOP,,full,1
Y05088,EXTENDED ACCESS,Active,ENGLAND,False,02H,QOP,,full,1
Y05125,CANNOCK PRACTICES NETWORK SURGERY,Active,ENGLAND,False,04Y,QNC,,full,1
Y05159,KIRKBY COMMUNITY PRIMARY CARE CENTRE (2),Inactive,ENGLAND,False,04E,,,full,1
Y05161,FIVEWAYS PCN EA HUB,Active,ENGLAND,False,72Q,QKK,London,full,1
Y05162,AT MEDICS STREATHAM PCN EA HUB,Active,ENGLAND,False,72Q,QKK,London,full,1
Y05163,LARC CLINIC (LA),Active,ENGLAND,False,72Q,QKK,London,full,1
Y05167,THE FLYING SCOTSMAN HEALTH CENTRE,Active,ENGLAND,False,02X,QF7,,full,1
Y05187,STOCKWELLBEING AH,Active,ENGLAND,False,72Q,QKK,London,full,1
Y05190,ISLINGTON GP FEDERATION,Active,ENGLAND,False,93C,Z9B2Z,London,full,1
Y05197,MKGP ACCESS,Active,ENGLAND,False,M1J4Y,S1Y5D,,full,1
Y05212,WEST CHELTENHAM MEDICAL,Active,ENGLAND,False,11M,QR1,,full,1
Y05230,SALFORD PRIMARY CARE TOGETHER,Inactive,ENGLAND,False,01G,QOP,,full,1
Y05238,WEST BARNET HEALTHCARE LIMITED,Inactive,ENGLAND,False,07M,,,full,1
Y05239,SOUTH BARNET HEALTHCARE LIMITED,Inactive,ENGLAND,False,07M,,,full,1
Y05240,PLATINUM HEALTHCARE LIMITED,Inactive,ENGLAND,False,07M,,,full,1
Y05248,BRIERLEY MEDICAL CENTRE,Active,ENGLAND,False,02P,QF7,,full,1
Y05250,WINTER PRESSURES,Active,ENGLAND,False,01D,QOP,,full,1
Y05251,7 DAY ACCESS ROCHDALE INFIRMARY HUB,Inactive,ENGLAND,False,01D,QOP,,full,1
Y05252,7 DAY ACCESS LITTLEBOROUGH HUB,Inactive,ENGLAND,False,01D,QOP,,full,1
Y05253,7 DAY ACCESS MIDDLETON HC,Inactive,ENGLAND,False,01D,QOP,,full,1
Y05257,CAMDEN EXTENDED ACCESS SERVICE,Active,ENGLAND,False,93C,Z9B2Z,London,full,1
Y05258,BARNET FEDERATED GPS LIMITED,Active,ENGLAND,False,93C,Z9B2Z,London,full,1
Y05267,PALMARIS HUB 1,Inactive,ENGLAND,False,05Y,QUA,,full,1
Y05268,PALMARIS HUB 2,Inactive,ENGLAND,False,05Y,QUA,,full,1
Y05279,7 DAY ACCESS PHOENIX HUB,Inactive,ENGLAND,False,01D,QOP,,full,1
Y05286,LISTER HOUSE CHELLASTON,Active,ENGLAND,False,15M,QJ2,,full,1
Y05291,TOFTWOOD MEDICAL CENTRE,Active,ENGLAND,False,26A,T6Y0W,,full,1
Y05317,COUNTRY PARK PRACTICE,Active,ENGLAND,False,36L,QWE,London,full,1
Y05318,DENMARK ROAD SURGERY,Active,ENGLAND,False,36L,QWE,London,full,1
Y05330,"WELBOURNE MED PRAC, WELBOURNE H C",Active,ENGLAND,False,93C,Z9B2Z,London,full,1
Y05346,WESTWOOD PRIMARY CARE CENTRE,Active,ENGLAND,False,02Q,QT1,,full,1
Y05349,CLOVER CITY PRACTICE,Active,ENGLAND,False,03N,QF7,,full,1
Y05363,BHF HIGHGATE SURGERY,Active,ENGLAND,False,02P,QF7,,full,1
Y05364,BHF LUNDWOOD SURGERY,Active,ENGLAND,False,02P,QF7,,full,1
Y05369,BALDERTON SURGERY,Active,ENGLAND,False,52R,QT1,,full,1
Y05385,VICARAGE LANE PRACTICE,Inactive,ENGLAND,False,08M,QMF,London,full,1
Y05412,SOUTH WIGSTON ASYLUM SERVICE,Active,ENGLAND,False,03W,QK1,,full,1
Y05416,CLARENCE ROAD SURGERY,Inactive,ENGLAND,False,04R,,,full,1
Y05448,BAY MEDICAL GROUP EXTENDED OOH,Active,ENGLAND,False,01K,QE1,,full,1
Y05472,VULNERABLE ADULTS SERVICE,Active,ENGLAND,False,26A,T6Y0W,,full,1
Y05502,A&E HUB,Inactive,ENGLAND,False,72Q,QKK,London,full,1
Y05548,PICTON AT SAI,Inactive,ENGLAND,False,02W,,,full,1
Y05569,CLAYPIT STREET MEDICAL PRACTICE,Inactive,ENGLAND,False,05N,QOC,,full,1
Y05622,SOUTHGLADE MEDICAL PRACTICE,Active,ENGLAND,False,52R,QT1,,full,1
Y05665,DRUID GROUP,Inactive,ENGLAND,False,15E,QHL,,full,1
Y05690,KIRKBY COMMUNITY PRIMARY CARE CENTRE (3),Active,ENGLAND,False,52R,QT1,,full,1
Y05701,MCH PENTAGON,Inactive,ENGLAND,False,09W,,,full,1
Y05733,PARKFIELDS SURGERY,Active,ENGLAND,False,15M,QJ2,,full,1
Y05750,DAVID LEWIS MEDICAL PRACTICE,Active,ENGLAND,False,27D,QYG,,full,1
Y05826,THE HILL GP PRACTICE,Active,ENGLAND,False,15E,QHL,,full,1
Y05840,COMMONWEALTH HEALTH CENTRE,Inactive,ENGLAND,False,07G,D7T5G,,full,1
Y05857,RHND,Active,ENGLAND,False,36L,QWE,London,full,1
Y05960,NC GPA PLUS,Active,ENGLAND,False,52R,QT1,,full,1
Y06007,WELLSBOURNE HEALTHCARE CIC,Active,ENGLAND,False,09D,S9B9J,,full,1
Y06095,HERTFORDSHIRE SPECIAL ALLOCATION SCHEME,Active,ENGLAND,False,06K,S1Y5D,,full,1
Y06113,QHS GP CARE HOME SERVICE,Active,ENGLAND,False,72Q,QKK,London,full,1
Y06125,NSC BOSWORTH HUB,Active,ENGLAND,False,15E,QHL,,full,1
Y06153,BEDOC HEALTHCARE,Active,ENGLAND,False,M1J4Y,S1Y5D,,full,1
Y06218,BROWNSOVER MEDICAL CENTRE,Active,ENGLAND,False,B2M3M,QWU,,full,1
Y06247,YORKSHIRE HEALTH PARTNERS,Active,ENGLAND,False,02Y,QOQ,,full,1
Y06275,NELSON MEDICAL CENTRE,Active,ENGLAND,False,26A,T6Y0W,,full,1
Y06320,FEDERATED4HEALTH LTD (APMS),Inactive,ENGLAND,False,93C,Z9B2Z,London,full,1
Y06345,BROMLEAG CARE PRACTICE,Active,ENGLAND,False,72Q,QKK,London,full,1
Y06354,ASPIRO HEALTHCARE,Active,ENGLAND,False,78H,QPM,,full,1
Y06356,BILBOROUGH MEDICAL CENTRE,Active,ENGLAND,False,52R,QT1,,full,1
Y06378,HEATH STREET HEALTH CENTRE,Active,ENGLAND,False,15E,QHL,,full,1
Y06389,SAS MID AND SOUTH ESSEX STP,Active,ENGLAND,False,06Q,D7T5G,,full,1
Y06443,WHYBURN MEDICAL PRACTICE,Active,ENGLAND,False,52R,QT1,,full,1
Y06487,BABYLON GP AT HAND BIRMINGHAM,Active,ENGLAND,False,W2U3Z,Z9B2Z,London,full,1
Y06499,ESSEX UNIVERSITY PARTNERSHIP NHS TRUST,Active,ENGLAND,False,06L,T6Y0W,,full,1
Y06507,PEACOCK HEALTHCARE,Inactive,ENGLAND,False,52R,QT1,,full,1
Y06545,SEL SPECIAL ALLOCATION PRACTICE,Active,ENGLAND,False,72Q,QKK,London,full,1
Y06592,SPECIAL ALLOCATION SCHEME (NEL),Active,ENGLAND,False,A3A8R,QMF,London,full,1
Y06659,NOOK SURGERY,Active,ENGLAND,False,X2C4Y,QWO,,full,1
Y06792,BROAD OAK MEDICAL PRACTICE,Active,ENGLAND,False,52R,QT1,,full,1
Y06810,WHITEHOUSE HEALTH CENTRE,Active,ENGLAND,False,M1J4Y,S1Y5D,,full,1
Y06957,GARDEN PARK SURGERY,Inactive,ENGLAND,False,99C,QHM,,full,1
Y07014,SHAKESPEARE ROAD MEDICAL PRACTICE,Active,ENGLAND,False,D9Y0V,QRL,,full,1
Y07020,ONE CARE LAMBETH,Active,ENGLAND,False,72Q,QKK,London,full,1
Y07024,SAS - C&P - MKGP PLUS LTD,Active,ENGLAND,False,06H,S1Y5D,,full,1
Y07025,PARK MEDICAL CENTRE,Active,ENGLAND,False,06H,S1Y5D,,full,1
Y07040,MEDICUS SELECT CARE BLMK CCG,Active,ENGLAND,False,M1J4Y,S1Y5D,,full,1
Y07057,BRETTON MEDICAL PRACTICE,Active,ENGLAND,False,06H,S1Y5D,,full,1
Y07059,NENE VALLEY AND HODGSON MEDICAL PRACTICE,Active,ENGLAND,False,06H,S1Y5D,,full,1
Y07060,THOMAS WALKER WESTGATE HEALTHCARE,Active,ENGLAND,False,06H,S1Y5D,,full,1
Y07274,ST NICOLAS MEDICAL CENTRE,Inactive,ENGLAND,False,B2M3M,QWU,,full,1
Y07275,BROUGHTON HOUSE GP SURGERY,Active,ENGLAND,False,X2C4Y,QWO,,full,1
Y07697,WIGAN BOROUGH SPECIALIST SERVICES,Active,ENGLAND,False,02H,QOP,,full,1
Y07819,SPCL SURGERY,Active,ENGLAND,False,D9Y0V,QRL,,full,1
Y08082,BASSETLAW SAS PRACTICE,Active,ENGLAND,False,02Q,QT1,,full,1
Y08124,OMNIA MVP PILOT,Inactive,ENGLAND,False,15E,QHL,,full,1
Y08368,PENVALE PARK MEDICAL CENTRE,Active,ENGLAND,False,78H,QPM,,full,1
Y08371,BEAM PARK MEDICAL PRACTICE,Active,ENGLAND,False,A3A8R,QMF,London,full,1
Y08411,ONE CARE LEWISHAM,Active,ENGLAND,False,72Q,QKK,London,full,1
Y08516,YORK GP EXTENDED ACCESS (NIMBUSCARE),Active,ENGLAND,False,03Q,QOQ,,full,1
Y08543,SOLENT NHS TRUST T/A MEDINA HEALTHCARE,Inactive,ENGLAND,False,D9Y0V,QRL,,full,1
Y08645,WAVERLEY MEDICAL CENTRE,Active,ENGLAND,False,03L,QF7,,full,1
Y08852,STAYCITY YORK (NIMBUSCARE),Active,ENGLAND,False,03Q,QOQ,,full,1
Y08886,SPILSBY LADMS,Active,ENGLAND,False,71E,QJM,,full,1
Y09077,HEARTBEAT PRIMARY CARE CIC,Active,ENGLAND,False,42D,QOQ,,full,1
