practice_code,period_id,unique_role_id,role_status,operational_start,operational_end,period_source
A81001,1,179914,Active,2014-04-15,,full
A81002,1,179915,Active,2014-04-15,,full
A81003,1,179916,Inactive,2014-04-15,2017-11-01,full
A81004,1,179917,Active,2014-04-15,,full
A81005,1,179918,Active,2014-04-15,,full
A81006,1,179919,Active,2014-04-15,,full
A81007,1,179920,Active,2014-04-15,,full
A81008,1,179921,Inactive,2014-04-15,2018-02-01,full
A81009,1,179922,Active,2014-04-15,,full
A81010,1,179923,Inactive,2012-09-30,2012-09-30,archive
A81011,1,179924,Active,2014-04-15,,full
A81012,1,179925,Active,2014-04-15,,full
A81013,1,179926,Active,2014-04-15,,full
A81014,1,179927,Active,2014-04-15,,full
A81015,1,179928,Inactive,2014-04-15,2019-05-01,full
A81016,1,179929,Active,2014-04-15,,full
A81017,1,179930,Active,2014-04-15,,full
A81018,1,179931,Active,2014-04-15,,full
A81019,1,179932,Active,2014-04-15,,full
A81020,1,179933,Active,2014-04-15,,full
A81021,1,179934,Active,2014-04-15,,full
A81022,1,179935,Active,2014-04-15,,full
A81023,1,179936,Active,2014-04-15,,full
A81025,1,179937,Active,2014-04-15,,full
A81026,1,179938,Active,2014-04-15,,full
A81027,1,179939,Active,2014-04-15,,full
A81029,1,179940,Active,2014-04-15,,full
A81030,1,179941,Active,2014-04-15,,full
A81031,1,179942,Active,2014-04-15,,full
A81032,1,179943,Active,2014-04-15,,full
A81033,1,179944,Inactive,2014-04-15,2019-05-01,full
A81034,1,179945,Active,2014-04-15,,full
A81035,1,179946,Active,2014-04-15,,full
A81036,1,179947,Active,2014-04-15,,full
A81037,1,179948,Active,2014-04-15,,full
A81038,1,179949,Active,2014-04-15,,full
A81039,1,179950,Active,2014-04-15,,full
A81040,1,179951,Active,2014-04-15,,full
A81041,1,179952,Active,2014-04-15,,full
A81042,1,179953,Active,2014-04-15,,full
A81043,1,179954,Inactive,2014-04-15,2024-06-30,full
A81044,1,179955,Active,2014-04-15,,full
A81045,1,179956,Active,2014-04-15,,full
A81046,1,179957,Active,2014-04-15,,full
A81047,1,179958,Inactive,2014-04-15,2018-09-30,full
A81048,1,179959,Active,2014-04-15,,full
A81049,1,179960,Active,2014-04-15,,full
A81051,1,179961,Active,2014-04-15,,full
A81052,1,179962,Active,2014-04-15,,full
A81053,1,179963,Active,2014-04-15,,full
A81054,1,179964,Active,2014-04-15,,full
A81056,1,179966,Active,2014-04-15,,full
A81057,1,179967,Active,2014-04-15,,full
A81058,1,179968,Active,2014-04-15,,full
A81060,1,179969,Active,2014-04-15,,full
A81063,1,179971,Active,2014-04-15,,full
A81064,1,179972,Active,2014-04-15,,full
A81065,1,179973,Active,2014-04-15,,full
A81066,1,179974,Active,2014-04-15,,full
A81067,1,179975,Active,2014-04-15,,full
A81068,1,179976,Inactive,2012-09-30,2012-09-30,archive
A81069,1,179977,Inactive,2014-04-15,2017-01-31,archive
A81070,1,179978,Active,2014-04-15,,full
A81071,1,179979,Inactive,2012-09-30,2012-09-30,archive
A81602,1,179980,Active,2014-04-15,,full
A81605,1,179981,Inactive,2014-04-15,2017-03-31,archive
A81608,1,179982,Active,2014-04-15,,full
A81609,1,179983,Inactive,2014-04-15,2017-11-01,full
A81610,1,179984,Active,2014-04-15,,full
A81611,1,179985,Active,2014-04-15,,full
A81612,1,179986,Active,2014-04-15,,full
A81613,1,179987,Inactive,2014-04-15,2017-08-16,full
A81618,1,179988,Active,2014-04-15,,full
A81620,1,179989,Inactive,2012-09-30,2012-09-30,archive
A81621,1,179990,Active,2014-04-15,,full
A81622,1,179991,Active,2014-04-15,,full
A81623,1,179992,Inactive,2014-04-15,2017-07-05,full
A81627,1,179994,Inactive,2012-09-30,2012-09-30,archive
A81629,1,179995,Active,2014-04-15,,full
A81630,1,179996,Inactive,2014-04-15,2024-10-31,full
A81631,1,179997,Active,2014-04-15,,full
A81632,1,179998,Inactive,2014-04-15,2020-06-30,full
A81633,1,179999,Inactive,2014-04-15,2024-03-31,full
A81634,1,180000,Active,2014-04-15,,full
A82003,1,180002,Active,2014-04-15,,full
A82004,1,180003,Active,2014-04-15,,full
A82005,1,180004,Active,2014-04-15,,full
A82006,1,180005,Active,2014-04-15,,full
A82007,1,180006,Active,2014-04-15,,full
A82008,1,180007,Active,2014-04-15,,full
A82009,1,180008,Active,2014-04-15,,full
A82010,1,180009,Active,2014-04-15,,full
A82011,1,180010,Inactive,2014-04-15,2016-06-08,archive
A82012,1,180011,Active,2014-04-15,,full
A82013,1,180012,Active,2014-04-15,,full
A82014,1,180013,Active,2014-04-15,,full
A82015,1,180014,Active,2014-04-15,,full
A82016,1,180015,Active,2014-04-15,,full
A82017,1,180016,Inactive,2014-04-15,2017-11-01,full
A82018,1,180017,Active,2014-04-15,,full
A82019,1,180018,Inactive,2014-04-15,2025-04-30,full
A82020,1,180019,Active,2014-04-15,,full
A82021,1,180020,Active,2014-04-15,,full
A82022,1,180021,Active,2014-04-15,,full
A82023,1,180022,Active,2014-04-15,,full
A82024,1,180023,Active,2014-04-15,,full
A82025,1,180024,Active,2014-04-15,,full
A82026,1,180025,Active,2014-04-15,,full
A82027,1,180026,Active,2014-04-15,,full
A82028,1,180027,Active,2014-04-15,,full
A82029,1,180028,Active,2014-04-15,,full
A82030,1,180029,Active,2014-04-15,,full
A82031,1,180030,Active,2014-04-15,,full
A82032,1,180031,Active,2014-04-15,,full
A82033,1,180032,Active,2014-04-15,,full
A82034,1,180033,Inactive,2014-04-15,2021-08-31,full
A82035,1,180034,Active,2014-04-15,,full
A82036,1,180035,Active,2014-04-15,,full
A82037,1,180036,Active,2014-04-15,,full
A82038,1,180037,Active,2014-04-15,,full
A82039,1,180038,Active,2014-04-15,,full
A82040,1,180039,Inactive,2014-04-15,2017-11-01,full
A82041,1,180040,Active,2014-04-15,,full
A82042,1,180041,Inactive,2012-09-30,2012-09-30,archive
A82044,1,180042,Active,2014-04-15,,full
A82045,1,180043,Active,2014-04-15,,full
A82046,1,180044,Active,2014-04-15,,full
A82047,1,180045,Active,2014-04-15,,full
A82048,1,180046,Inactive,2014-04-15,2022-03-31,full
A82049,1,180047,Inactive,2014-04-15,2022-03-31,full
A82050,1,180048,Inactive,2014-04-15,2022-03-31,full
A82052,1,180049,Inactive,2014-04-15,2017-11-01,full
A82053,1,180050,Active,2014-04-15,,full
A82055,1,180051,Active,2014-04-15,,full
A82057,1,180053,Inactive,2014-04-15,2017-11-01,full
A82058,1,180054,Inactive,2014-04-15,2024-03-31,full
A82060,1,180055,Inactive,2014-04-15,2019-12-04,full
A82062,1,180057,Active,2014-04-15,,full
A82063,1,180058,Inactive,2014-04-15,2018-05-02,full
A82064,1,180059,Active,2014-04-15,,full
A82065,1,180060,Inactive,2014-04-15,2022-03-31,full
A82068,1,180061,Active,2014-04-15,,full
A82070,1,180062,Active,2014-04-15,,full
A82071,1,180063,Active,2014-04-15,,full
A82072,1,180064,Active,2014-04-15,,full
A82074,1,180065,Inactive,2014-04-15,2019-07-31,full
A82075,1,180066,Active,2014-04-15,,full
A82077,1,180067,Inactive,2014-04-15,2024-10-31,full
A82608,1,180070,Active,2014-04-15,,full
A82609,1,180071,Inactive,2012-09-30,2012-09-30,archive
A82613,1,180072,Active,2014-04-15,,full
A82614,1,180073,Inactive,2012-09-30,2012-09-30,archive
A82617,1,180076,Active,2014-04-15,,full
A82619,1,180078,Inactive,2014-04-15,2016-12-31,archive
A82620,1,180079,Active,2014-04-15,,full
A82621,1,180080,Inactive,2014-04-15,2021-08-31,full
A82622,1,180081,Inactive,2012-09-30,2012-09-30,archive
A82623,1,180082,Inactive,2014-04-15,2022-03-31,full
A82625,1,180083,Inactive,2012-09-30,2012-09-30,archive
A82629,1,180085,Active,2014-04-15,,full
A82631,1,180087,Active,2014-04-15,,full
A82632,1,180088,Inactive,2012-09-30,2012-09-30,archive
A82635,1,180089,Inactive,2014-04-15,2016-12-31,archive
A82641,1,180091,Inactive,2014-04-15,2017-01-04,archive
A82642,1,180092,Inactive,2014-04-15,2017-07-05,full
A82646,1,180094,Active,2014-04-15,,full
A82647,1,180095,Active,2014-04-15,,full
A82650,1,180098,Active,2014-04-15,,full
A82651,1,180099,Active,2014-04-15,,full
A82654,1,180101,Active,2014-04-15,,full
A83001,1,180102,Active,2014-04-15,,full
A83003,1,180103,Active,2014-04-15,,full
A83004,1,180104,Inactive,2014-04-15,2020-11-30,full
A83005,1,180105,Active,2014-04-15,,full
A83006,1,180106,Active,2014-04-15,,full
A83007,1,180107,Active,2014-04-15,,full
A83008,1,180108,Active,2014-04-15,,full
A83009,1,180109,Active,2014-04-15,,full
A83010,1,180110,Active,2014-04-15,,full
A83011,1,180111,Active,2014-04-15,,full
A83012,1,180112,Active,2014-04-15,,full
A83013,1,180113,Active,2014-04-15,,full
A83014,1,180114,Active,2014-04-15,,full
A83015,1,180115,Active,2014-04-15,,full
A83016,1,180116,Active,2014-04-15,,full
A83017,1,180117,Inactive,2014-04-15,2020-06-30,full
A83018,1,180118,Active,2014-04-15,,full
A83019,1,180119,Inactive,2014-04-15,2020-06-30,full
A83020,1,180120,Active,2014-04-15,,full
A83021,1,180121,Active,2014-04-15,,full
A83022,1,180122,Active,2014-04-15,,full
A83023,1,180123,Active,2014-04-15,,full
A83024,1,180124,Active,2014-04-15,,full
A83025,1,180125,Active,2014-04-15,,full
A83026,1,180126,Active,2014-04-15,,full
A83027,1,180127,Active,2014-04-15,,full
A83028,1,180128,Active,2014-04-15,,full
A83029,1,180129,Active,2014-04-15,,full
A83030,1,180130,Active,2014-04-15,,full
A83031,1,180131,Active,2014-04-15,,full
A83032,1,180132,Active,2014-04-15,,full
A83033,1,180133,Active,2014-04-15,,full
A83034,1,180134,Active,2014-04-15,,full
A83035,1,180135,Active,2014-04-15,,full
A83036,1,180136,Active,2014-04-15,,full
A83037,1,180137,Active,2014-04-15,,full
A83038,1,180138,Active,2014-04-15,,full
A83040,1,180139,Active,2014-04-15,,full
A83041,1,180140,Active,2014-04-15,,full
A83042,1,180141,Inactive,2014-04-15,2019-12-04,full
A83043,1,180142,Active,2014-04-15,,full
A83044,1,180143,Active,2014-04-15,,full
A83045,1,180144,Active,2014-04-15,,full
A83046,1,180145,Active,2014-04-15,,full
A83047,1,180146,Active,2014-04-15,,full
A83048,1,180147,Active,2014-04-15,,full
A83049,1,180148,Active,2014-04-15,,full
A83050,1,180149,Active,2014-04-15,,full
A83051,1,180150,Active,2014-04-15,,full
A83052,1,180151,Active,2014-04-15,,full
A83054,1,180152,Active,2014-04-15,,full
A83055,1,180153,Active,2014-04-15,,full
A83057,1,180154,Active,2014-04-15,,full
A83060,1,180156,Active,2014-04-15,,full
A83061,1,180157,Active,2014-04-15,,full
A83066,1,180158,Active,2014-04-15,,full
A83068,1,180159,Inactive,2014-04-15,2017-01-04,archive
A83070,1,180160,Active,2014-04-15,,full
A83071,1,180161,Active,2014-04-15,,full
A83072,1,180162,Active,2014-04-15,,full
A83073,1,180163,Active,2014-04-15,,full
A83074,1,180164,Active,2014-04-15,,full
A83075,1,180165,Active,2014-04-15,,full
A83076,1,180166,Inactive,2014-04-15,2019-12-04,full
A83603,1,180167,Inactive,2014-04-15,2021-06-30,full
A83610,1,180170,Active,2014-04-15,,full
A83616,1,180172,Active,2014-04-15,,full
A83617,1,180173,Active,2014-04-15,,full
A83618,1,180174,Active,2014-04-15,,full
A83619,1,180175,Active,2014-04-15,,full
A83622,1,180177,Active,2014-04-15,,full
A83626,1,180178,Active,2014-04-15,,full
A83627,1,180179,Active,2014-04-15,,full
A83630,1,180180,Inactive,2014-04-15,2022-03-31,full
A83632,1,180181,Inactive,2014-04-15,2022-03-31,full
A83634,1,180183,Active,2014-04-15,,full
A83635,1,180184,Active,2014-04-15,,full
A83636,1,180185,Active,2014-04-15,,full
A83637,1,180186,Active,2014-04-15,,full
A83638,1,180187,Inactive,2014-04-15,2017-11-01,full
A83641,1,180190,Active,2014-04-15,,full
A83644,1,180193,Active,2014-04-15,,full
A84002,1,180197,Active,2014-04-15,,full
A84003,1,180198,Inactive,2014-04-15,2022-03-31,full
A84005,1,180200,Active,2014-04-15,,full
A84006,1,180201,Active,2014-04-15,,full
A84007,1,180202,Active,2014-04-15,,full
A84008,1,180203,Active,2014-04-15,,full
A84009,1,180204,Active,2014-04-15,,full
A84011,1,180206,Active,2014-04-15,,full
A84013,1,180207,Active,2014-04-15,,full
A84014,1,180208,Active,2014-04-15,,full
A84015,1,180209,Inactive,2014-04-15,2021-08-31,full
A84016,1,180210,Active,2014-04-15,,full
A84018,1,180211,Active,2014-04-15,,full
A84020,1,180213,Active,2014-04-15,,full
A84021,1,180214,Inactive,2014-04-15,2018-12-20,full
A84022,1,180215,Active,2014-04-15,,full
A84024,1,180216,Active,2014-04-15,,full
A84025,1,180217,Active,2014-04-15,,full
A84026,1,180218,Active,2014-04-15,,full
A84027,1,180219,Active,2014-04-15,,full
A84028,1,180220,Active,2014-04-15,,full
A84029,1,180221,Active,2014-04-15,,full
A84030,1,180222,Active,2014-04-15,,full
A84031,1,180223,Active,2014-04-15,,full
A84032,1,180224,Inactive,2014-04-15,2023-12-31,full
A84033,1,180225,Active,2014-04-15,,full
A84034,1,180226,Active,2014-04-15,,full
A84035,1,180227,Active,2014-04-15,,full
A84036,1,180228,Active,2014-04-15,,full
A84037,1,195301,Active,2014-04-15,,full
A84038,1,180229,Active,2014-04-15,,full
A84039,1,180230,Active,2014-04-15,,full
A84040,1,180231,Active,2014-04-15,,full
A84042,1,180232,Active,2014-04-15,,full
A84043,1,180233,Inactive,2014-04-15,2014-10-14,full
A84043,2,230275,Inactive,2015-02-26,2022-03-31,full
A84044,1,180234,Active,2014-04-15,,full
A84045,1,180235,Active,2014-04-15,,full
A84047,1,180237,Active,2014-04-15,,full
A84048,1,180238,Inactive,2014-04-15,2018-05-02,full
A84604,1,180240,Active,2014-04-15,,full
A84609,1,180242,Inactive,2014-04-15,2023-12-31,full
A84613,1,180243,Inactive,2014-04-15,2017-01-27,archive
A84614,1,180244,Active,2014-04-15,,full
A84618,1,180246,Inactive,2014-04-15,2015-05-31,archive
A84619,1,180247,Active,2014-04-15,,full
A85001,1,195316,Active,2014-04-15,,full
A85002,1,180248,Active,2014-04-15,,full
A85003,1,180249,Inactive,2014-04-15,2023-12-31,full
A85004,1,180250,Active,2014-04-15,,full
A85005,1,180251,Active,2014-04-15,,full
A85006,1,180252,Active,2014-04-15,,full
A85007,1,180253,Active,2014-04-15,,full
A85008,1,180254,Active,2014-04-15,,full
A85009,1,180255,Active,2014-04-15,,full
A85010,1,180256,Active,2014-04-15,,full
A85011,1,180257,Active,2014-04-15,,full
A85012,1,180258,Inactive,2014-04-15,2024-03-31,full
A85013,1,180259,Active,2014-04-15,,full
A85014,1,180260,Active,2014-04-15,,full
A85015,1,180261,Inactive,2014-04-15,2016-01-06,archive
A85016,1,180262,Active,2014-04-15,,full
A85017,1,180263,Active,2014-04-15,,full
A85018,1,180264,Active,2014-04-15,,full
A85019,1,180265,Active,2014-04-15,,full
A85020,1,180266,Active,2014-04-15,,full
A85021,1,180267,Active,2014-04-15,,full
A85023,1,180268,Active,2014-04-15,,full
A85024,1,180269,Active,2014-04-15,,full
A85025,1,180270,Inactive,2014-04-15,2014-11-30,archive
A85026,1,180271,Active,2014-04-15,,full
A85601,1,180272,Inactive,2014-04-15,2014-06-30,archive
A85605,1,180273,Inactive,2014-04-15,2018-09-30,full
A85609,1,180274,Inactive,2014-04-15,2021-06-30,full
A85611,1,180275,Active,2014-04-15,,full
A85614,1,180276,Active,2014-04-15,,full
A85616,1,180277,Active,2014-04-15,,full
A85617,1,180278,Active,2014-04-15,,full
A85620,1,180281,Inactive,2014-04-15,2023-12-31,full
A86003,1,180284,Active,2014-04-15,,full
A86004,1,180285,Active,2014-04-15,,full
A86005,1,180286,Active,2014-04-15,,full
A86006,1,180287,Active,2014-04-15,,full
A86007,1,180288,Inactive,2014-04-15,2024-06-30,full
A86008,1,180289,Active,2014-04-15,,full
A86009,1,180290,Inactive,2014-04-15,2017-11-01,full
A86010,1,180291,Active,2014-04-15,,full
A86011,1,180292,Active,2014-04-15,,full
A86012,1,180293,Active,2014-04-15,,full
A86013,1,180294,Active,2014-04-15,,full
A86015,1,180295,Inactive,2014-04-15,2020-06-30,full
A86016,1,180296,Active,2014-04-15,,full
A86017,1,180297,Active,2014-04-15,,full
A86018,1,180298,Active,2014-04-15,,full
A86020,1,180299,Active,2014-04-15,,full
A86021,1,180300,Active,2014-04-15,,full
A86022,1,180301,Active,2014-04-15,,full
A86023,1,180302,Active,2014-04-15,,full
A86024,1,180303,Active,2014-04-15,,full
A86025,1,180304,Active,2014-04-15,,full
A86026,1,180305,Active,2014-04-15,,full
A86027,1,180306,Active,2014-04-15,,full
A86028,1,180307,Active,2014-04-15,,full
A86029,1,180308,Active,2014-04-15,,full
A86030,1,180309,Active,2014-04-15,,full
A86031,1,180310,Active,2014-04-15,,full
A86033,1,180312,Active,2014-04-15,,full
A86035,1,180314,Inactive,2014-04-15,2023-12-31,full
A86036,1,180315,Inactive,2014-04-15,2025-09-30,full
A86037,1,180316,Active,2014-04-15,,full
A86038,1,180317,Active,2014-04-15,,full
A86040,1,180318,Active,2014-04-15,,full
A86041,1,180319,Active,2014-04-15,,full
A86601,1,180320,Active,2014-04-15,,full
A87002,1,180326,Active,2014-04-15,,full
A87003,1,180327,Inactive,2014-04-15,2023-12-31,full
A87004,1,180328,Active,2014-04-15,,full
A87005,1,180329,Active,2014-04-15,,full
A87006,1,180330,Active,2014-04-15,,full
A87007,1,180331,Active,2014-04-15,,full
A87008,1,180332,Active,2014-04-15,,full
A87009,1,180333,Active,2014-04-15,,full
A87011,1,180335,Active,2014-04-15,,full
A87012,1,180336,Active,2014-04-15,,full
A87013,1,180337,Active,2014-04-15,,full
A87014,1,180338,Inactive,2014-04-15,2019-05-01,full
A87015,1,180339,Inactive,2014-04-15,2021-08-31,full
A87016,1,180340,Active,2014-04-15,,full
A87017,1,180341,Active,2014-04-15,,full
A87019,1,180343,Active,2014-04-15,,full
A87020,1,180344,Active,2014-04-15,,full
A87022,1,180346,Active,2014-04-15,,full
A87023,1,180347,Inactive,2014-04-15,2025-04-30,full
A87027,1,180348,Inactive,2014-04-15,2020-07-31,full
A87029,1,180350,Active,2014-04-15,,full
A87030,1,180351,Active,2014-04-15,,full
A87600,1,180352,Active,2014-04-15,,full
A87612,1,180356,Inactive,2014-04-15,2014-10-14,full
A87612,2,230276,Active,2015-02-26,,full
A87615,1,180357,Active,2014-04-15,,full
A88001,1,180359,Active,2014-04-15,,full
A88002,1,180360,Active,2014-04-15,,full
A88003,1,180361,Active,2014-04-15,,full
A88004,1,180362,Active,2014-04-15,,full
A88005,1,180363,Active,2014-04-15,,full
A88006,1,180364,Active,2014-04-15,,full
A88007,1,180365,Inactive,2014-04-15,2025-04-30,full
A88008,1,180366,Active,2014-04-15,,full
A88009,1,180367,Active,2014-04-15,,full
A88010,1,180368,Active,2014-04-15,,full
A88011,1,180369,Inactive,2014-04-15,2018-09-30,full
A88012,1,180370,Active,2014-04-15,,full
A88013,1,180371,Active,2014-04-15,,full
A88014,1,180372,Active,2014-04-15,,full
A88015,1,180373,Active,2014-04-15,,full
A88016,1,180374,Active,2014-04-15,,full
A88020,1,180376,Inactive,2014-04-15,2018-07-04,full
A88022,1,180377,Active,2014-04-15,,full
A88023,1,180378,Active,2014-04-15,,full
A88024,1,180379,Inactive,2014-04-15,2014-06-30,archive
A88025,1,180380,Active,2014-04-15,,full
A88601,1,180381,Active,2014-04-15,,full
A88603,1,180382,Inactive,2014-04-15,2020-06-30,full
A88608,1,180384,Active,2014-04-15,,full
A88611,1,180385,Inactive,2014-04-15,2018-09-30,full
A88613,1,180387,Active,2014-04-15,,full
A88614,1,180388,Inactive,2014-04-15,2018-05-02,full
A88615,1,180389,Inactive,2012-09-30,2012-09-30,archive
A89001,1,180391,Active,2014-04-15,,full
A89002,1,180392,Active,2014-04-15,,full
A89003,1,180393,Inactive,2014-04-15,2018-09-30,full
A89004,1,180394,Active,2014-04-15,,full
A89005,1,180395,Active,2014-04-15,,full
A89006,1,180396,Active,2014-04-15,,full
A89007,1,180397,Active,2014-04-15,,full
A89008,1,180398,Active,2014-04-15,,full
A89009,1,180399,Active,2014-04-15,,full
A89010,1,180400,Active,2014-04-15,,full
A89011,1,180401,Active,2014-04-15,,full
A89012,1,180402,Active,2014-04-15,,full
A89013,1,180403,Active,2014-04-15,,full
A89014,1,180404,Inactive,2014-04-15,2018-12-20,full
A89015,1,180405,Active,2014-04-15,,full
A89016,1,180406,Active,2014-04-15,,full
A89017,1,180407,Active,2014-04-15,,full
A89018,1,180408,Active,2014-04-15,,full
A89019,1,180409,Active,2014-04-15,,full
A89020,1,180410,Active,2014-04-15,,full
A89021,1,180411,Active,2014-04-15,,full
A89022,1,180412,Active,2014-04-15,,full
A89023,1,180413,Active,2014-04-15,,full
A89024,1,180414,Active,2014-04-15,,full
A89025,1,180415,Active,2014-04-15,,full
A89026,1,180416,Active,2014-04-15,,full
A89027,1,180417,Active,2014-04-15,,full
A89028,1,180418,Active,2014-04-15,,full
A89029,1,180419,Inactive,2014-04-15,2018-12-20,full
A89030,1,180420,Active,2014-04-15,,full
A89031,1,180421,Active,2014-04-15,,full
A89032,1,180422,Active,2014-04-15,,full
A89034,1,180424,Active,2014-04-15,,full
A89035,1,180425,Active,2014-04-15,,full
A89036,1,180426,Active,2014-04-15,,full
A89038,1,180427,Inactive,2014-04-15,2018-02-01,full
A89040,1,180429,Active,2014-04-15,,full
A89041,1,180430,Active,2014-04-15,,full
A89042,1,180431,Inactive,2014-04-15,2018-12-20,full
A89603,1,180432,Inactive,2014-04-15,2020-11-30,full
A89604,1,180433,Inactive,2014-04-15,2021-06-30,full
A89610,1,180435,Inactive,2014-04-15,2019-01-31,full
A89611,1,180436,Inactive,2014-04-15,2017-11-01,full
A89612,1,180437,Inactive,2014-04-15,2019-07-31,full
A89614,1,180438,Active,2014-04-15,,full
A89616,1,180440,Active,2014-04-15,,full
A89617,1,180441,Active,2014-04-15,,full
A89618,1,180442,Inactive,2014-04-15,2015-10-07,archive
A89620,1,180443,Inactive,2014-04-15,2019-05-01,full
A89621,1,180444,Inactive,2014-04-15,2018-02-01,full
A89623,1,180446,Active,2014-04-15,,full
A89624,1,180447,Inactive,2014-04-15,2019-05-01,full
A89625,1,180448,Inactive,2014-04-15,2014-06-30,archive
A89626,1,180449,Inactive,2012-09-30,2012-09-30,archive
B81002,1,195303,Inactive,2014-04-15,2024-06-30,full
B81003,1,180459,Active,2014-04-15,,full
B81004,1,180460,Active,2014-04-15,,full
B81005,1,180461,Active,2014-04-15,,full
B81006,1,180462,Active,2014-04-15,,full
B81007,1,180463,Active,2014-04-15,,full
B81008,1,180464,Active,2014-04-15,,full
B81009,1,180465,Active,2014-04-15,,full
B81010,1,180466,Inactive,2014-04-15,2023-12-31,full
B81011,1,180467,Active,2014-04-15,,full
B81012,1,180468,Active,2014-04-15,,full
B81013,1,180469,Active,2014-04-15,,full
B81014,1,180470,Inactive,2014-04-15,2023-12-31,full
B81015,1,180471,Active,2014-04-15,,full
B81016,1,180472,Active,2014-04-15,,full
B81017,1,180473,Active,2014-04-15,,full
B81018,1,180474,Active,2014-04-15,,full
B81019,1,180475,Inactive,2014-04-15,2017-07-05,full
B81020,1,180476,Active,2014-04-15,,full
B81021,1,180477,Inactive,2014-04-15,2020-06-30,full
B81022,1,180478,Active,2014-04-15,,full
B81023,1,180479,Inactive,2014-04-15,2024-03-31,full
B81024,1,180480,Active,2014-04-15,,full
B81025,1,180481,Active,2014-04-15,,full
B81026,1,180482,Active,2014-04-15,,full
B81027,1,180483,Active,2014-04-15,,full
B81029,1,180484,Active,2014-04-15,,full
B81030,1,180485,Active,2014-04-15,,full
B81031,1,180486,Active,2014-04-15,,full
B81032,1,180487,Active,2014-04-15,,full
B81034,1,180488,Active,2014-04-15,,full
B81035,1,180489,Active,2014-04-15,,full
B81036,1,180490,Active,2014-04-15,,full
B81037,1,180491,Active,2014-04-15,,full
B81038,1,180492,Active,2014-04-15,,full
B81039,1,180493,Active,2014-04-15,,full
B81040,1,180494,Active,2014-04-15,,full
B81041,1,180495,Active,2014-04-15,,full
B81042,1,180496,Active,2014-04-15,,full
B81043,1,180497,Active,2014-04-15,,full
B81044,1,180498,Inactive,2014-04-15,2017-01-04,archive
B81045,1,180499,Active,2014-04-15,,full
B81046,1,180500,Active,2014-04-15,,full
B81047,1,180501,Active,2014-04-15,,full
B81048,1,180502,Active,2014-04-15,,full
B81049,1,180503,Inactive,2014-04-15,2020-06-30,full
B81050,1,180504,Inactive,2014-04-15,2020-06-30,full
B81051,1,180505,Active,2014-04-15,,full
B81052,1,180506,Active,2014-04-15,,full
B81053,1,180507,Inactive,2014-04-15,2020-06-30,full
B81054,1,180508,Active,2014-04-15,,full
B81055,1,180509,Inactive,2014-04-15,2024-03-31,full
B81056,1,180510,Inactive,2014-04-15,2020-06-30,full
B81057,1,180511,Inactive,2014-04-15,2018-02-01,full
B81058,1,180512,Inactive,2014-04-15,2025-02-28,full
B81060,1,180513,Inactive,2014-04-15,2024-03-31,full
B81061,1,180514,Active,2014-04-15,,full
B81062,1,180515,Inactive,2014-04-15,2020-06-30,full
B81063,1,180516,Active,2014-04-15,,full
B81064,1,180517,Active,2014-04-15,,full
B81065,1,180518,Active,2014-04-15,,full
B81066,1,180519,Inactive,2014-04-15,2020-07-31,full
B81068,1,180520,Active,2014-04-15,,full
B81069,1,180521,Active,2014-04-15,,full
B81070,1,180522,Inactive,2014-04-15,2023-12-31,full
B81072,1,180523,Inactive,2014-04-15,2017-04-30,full
B81074,1,180524,Active,2014-04-15,,full
B81075,1,180525,Active,2014-04-15,,full
B81077,1,180526,Inactive,2014-04-15,2024-03-31,full
B81080,1,180527,Inactive,2014-04-15,2020-07-31,full
B81081,1,180528,Inactive,2014-04-15,2018-09-30,full
B81082,1,180529,Active,2014-04-15,,full
B81084,1,180531,Inactive,2014-04-15,2018-12-20,full
B81085,1,180532,Active,2014-04-15,,full
B81087,1,180533,Active,2014-04-15,,full
B81088,1,180534,Active,2014-04-15,,full
B81089,1,180535,Inactive,2014-04-15,2019-07-31,full
B81090,1,180536,Active,2014-04-15,,full
B81091,1,180537,Active,2014-04-15,,full
B81092,1,180538,Active,2014-04-15,,full
B81094,1,180539,Inactive,2014-04-15,2018-07-04,full
B81095,1,180540,Inactive,2014-04-15,2024-06-30,full
B81097,1,180542,Active,2014-04-15,,full
B81098,1,180543,Inactive,2014-04-15,2016-01-06,archive
B81099,1,180544,Active,2014-04-15,,full
B81100,1,180545,Active,2014-04-15,,full
B81101,1,180546,Active,2014-04-15,,full
B81104,1,180548,Active,2014-04-15,,full
B81108,1,180549,Active,2014-04-15,,full
B81109,1,180550,Active,2014-04-15,,full
B81112,1,180552,Active,2014-04-15,,full
B81113,1,180553,Active,2014-04-15,,full
B81118,1,180555,Active,2014-04-15,,full
B81119,1,180556,Active,2014-04-15,,full
B81120,1,180557,Inactive,2014-04-15,2018-02-01,full
B81121,1,180558,Inactive,2014-04-15,2019-01-31,full
B81602,1,180559,Inactive,2014-04-15,2020-11-30,full
B81603,1,180560,Inactive,2014-04-15,2024-10-31,full
B81606,1,180561,Active,2014-04-15,,full
B81616,1,180564,Active,2014-04-15,,full
B81617,1,180565,Active,2014-04-15,,full
B81619,1,180567,Active,2014-04-15,,full
B81620,1,180568,Inactive,2014-04-15,2023-12-31,full
B81622,1,180569,Inactive,2014-04-15,2017-08-23,full
B81628,1,180572,Active,2014-04-15,,full
B81630,1,180574,Inactive,2012-09-30,2012-09-30,archive
B81631,1,180575,Active,2014-04-15,,full
B81634,1,180578,Inactive,2014-04-15,2017-07-05,full
B81635,1,180579,Active,2014-04-15,,full
B81642,1,180582,Active,2014-04-15,,full
B81644,1,180583,Inactive,2014-04-15,2017-08-16,full
B81645,1,180584,Active,2014-04-15,,full
B81647,1,180586,Active,2014-04-15,,full
B81648,1,180587,Active,2014-04-15,,full
B81653,1,180589,Active,2014-04-15,,full
B81655,1,180590,Active,2014-04-15,,full
B81656,1,180591,Active,2014-04-15,,full
B81658,1,180592,Inactive,2014-04-15,2023-12-31,full
B81663,1,180594,Active,2014-04-15,,full
B81664,1,180595,Inactive,2014-04-15,2023-12-31,full
B81665,1,180596,Active,2014-04-15,,full
B81666,1,180597,Active,2014-04-15,,full
B81671,1,180601,Inactive,2014-04-15,2017-04-30,full
B81674,1,180602,Inactive,2014-04-15,2017-03-31,archive
B81675,1,180603,Active,2014-04-15,,full
B81677,1,180605,Inactive,2014-04-15,2022-03-31,full
B81679,1,180606,Inactive,2014-04-15,2015-10-07,archive
B81682,1,180607,Inactive,2014-04-15,2019-01-31,full
B81683,1,180608,Inactive,2014-04-15,2018-02-01,full
B81685,1,180609,Inactive,2014-04-15,2018-05-02,full
B81686,1,180610,Inactive,2014-04-15,2016-06-08,archive
B81688,1,180611,Inactive,2014-04-15,2022-03-31,full
B81689,1,180612,Inactive,2014-04-15,2018-02-01,full
B81690,1,180613,Inactive,2014-04-15,2017-07-05,full
B81692,1,180614,Inactive,2014-04-15,2018-12-20,full
B81693,1,180615,Inactive,2014-04-15,2019-07-31,full
B81697,1,180619,Active,2014-04-15,,full
B82001,1,180620,Inactive,2014-04-15,2019-07-31,full
B82002,1,180621,Active,2014-04-15,,full
B82003,1,180622,Inactive,2014-04-15,2017-08-16,full
B82004,1,180623,Active,2014-04-15,,full
B82005,1,180624,Active,2014-04-15,,full
B82006,1,180625,Inactive,2014-04-15,2017-08-16,full
B82007,1,180626,Active,2014-04-15,,full
B82008,1,180627,Active,2014-04-15,,full
B82010,1,180629,Active,2014-04-15,,full
B82011,1,195318,Active,2014-04-15,,full
B82012,1,180630,Active,2014-04-15,,full
B82013,1,180631,Active,2014-04-15,,full
B82014,1,180632,Active,2014-04-15,,full
B82016,1,180633,Active,2014-04-15,,full
B82017,1,180634,Active,2014-04-15,,full
B82018,1,180635,Active,2014-04-15,,full
B82019,1,180636,Active,2014-04-15,,full
B82020,1,180637,Inactive,2014-04-15,2022-11-30,full
B82021,1,180638,Active,2014-04-15,,full
B82022,1,180639,Active,2014-04-15,,full
B82023,1,180640,Active,2014-04-15,,full
B82024,1,180641,Active,2014-04-15,,full
B82025,1,180642,Active,2014-04-15,,full
B82026,1,180643,Active,2014-04-15,,full
B82027,1,180644,Active,2014-04-15,,full
B82028,1,180645,Inactive,2014-04-15,2022-11-30,full
B82029,1,180646,Active,2014-04-15,,full
B82030,1,180647,Active,2014-04-15,,full
B82031,1,180648,Active,2014-04-15,,full
B82032,1,180649,Active,2014-04-15,,full
B82033,1,180650,Active,2014-04-15,,full
B82034,1,180651,Active,2014-04-15,,full
B82035,1,180652,Active,2014-04-15,,full
B82036,1,180653,Active,2014-04-15,,full
B82037,1,180654,Active,2014-04-15,,full
B82038,1,180655,Active,2014-04-15,,full
B82041,1,180657,Active,2014-04-15,,full
B82042,1,180658,Active,2014-04-15,,full
B82043,1,180659,Inactive,2014-04-15,2015-05-31,archive
B82044,1,180660,Active,2014-04-15,,full
B82045,1,180661,Active,2014-04-15,,full
B82046,1,180662,Active,2014-04-15,,full
B82047,1,180663,Active,2014-04-15,,full
B82048,1,180664,Inactive,2014-04-15,2016-01-06,archive
B82049,1,180665,Active,2014-04-15,,full
B82050,1,180666,Active,2014-04-15,,full
B82051,1,180667,Inactive,2014-04-15,2015-02-28,archive
B82053,1,180668,Active,2014-04-15,,full
B82054,1,180669,Active,2014-04-15,,full
B82055,1,180670,Inactive,2014-04-15,2016-06-08,archive
B82056,1,180671,Inactive,2014-04-15,2015-02-28,archive
B82057,1,180672,Active,2014-04-15,,full
B82058,1,180673,Inactive,2014-04-15,2015-10-07,archive
B82059,1,180674,Active,2014-04-15,,full
B82060,1,180675,Active,2014-04-15,,full
B82061,1,180676,Active,2014-04-15,,full
B82062,1,180677,Inactive,2014-04-15,2024-06-30,full
B82063,1,180678,Active,2014-04-15,,full
B82064,1,180679,Active,2014-04-15,,full
B82066,1,180681,Active,2014-04-15,,full
B82067,1,180682,Active,2014-04-15,,full
B82068,1,180683,Active,2014-04-15,,full
B82069,1,180684,Active,2014-04-15,,full
B82071,1,180685,Active,2014-04-15,,full
B82072,1,180686,Active,2014-04-15,,full
B82073,1,180687,Active,2014-04-15,,full
B82074,1,180688,Active,2014-04-15,,full
B82075,1,180689,Active,2014-04-15,,full
B82076,1,180690,Inactive,2014-04-15,2016-06-08,archive
B82077,1,180691,Active,2014-04-15,,full
B82078,1,180692,Active,2014-04-15,,full
B82079,1,180693,Active,2014-04-15,,full
B82080,1,180694,Active,2014-04-15,,full
B82081,1,180695,Active,2014-04-15,,full
B82082,1,180696,Inactive,2014-04-15,2016-01-13,archive
B82083,1,180697,Active,2014-04-15,,full
B82086,1,180698,Active,2014-04-15,,full
B82088,1,180700,Active,2014-04-15,,full
B82091,1,180702,Active,2014-04-15,,full
B82092,1,180703,Inactive,2014-04-15,2019-12-04,full
B82095,1,180704,Inactive,2014-04-15,2017-11-01,full
B82097,1,180705,Active,2014-04-15,,full
B82098,1,180706,Active,2014-04-15,,full
B82099,1,180707,Inactive,2014-04-15,2017-01-04,archive
B82100,1,180708,Active,2014-04-15,,full
B82101,1,180709,Active,2014-04-15,,full
B82103,1,180711,Inactive,2014-04-15,2021-08-31,full
B82104,1,180712,Active,2014-04-15,,full
B82105,1,180713,Active,2014-04-15,,full
B82106,1,180714,Active,2014-04-15,,full
B82609,1,180716,Active,2014-04-15,,full
B82611,1,180717,Inactive,2014-04-15,2019-07-31,full
B82619,1,180723,Active,2014-04-15,,full
B82622,1,180725,Active,2014-04-15,,full
B82627,1,180728,Inactive,2014-04-15,2016-01-06,archive
B82628,1,180729,Active,2014-04-15,,full
B82629,1,180730,Inactive,2014-04-15,2014-09-30,archive
B82639,1,180737,Inactive,2014-04-15,2014-12-31,archive
B83002,1,180747,Active,2014-04-15,,full
B83005,1,180749,Active,2014-04-15,,full
B83006,1,180750,Inactive,2014-04-15,2022-11-30,full
B83007,1,180751,Inactive,2014-04-15,2020-11-30,full
B83008,1,180752,Active,2014-04-15,,full
B83009,1,180753,Active,2014-04-15,,full
B83010,1,180754,Active,2014-04-15,,full
B83011,1,180755,Inactive,2014-04-15,2020-06-30,full
B83012,1,180756,Active,2014-04-15,,full
B83013,1,180757,Inactive,2014-04-15,2020-06-30,full
B83014,1,180758,Active,2014-04-15,,full
B83015,1,180759,Active,2014-04-15,,full
B83016,1,180760,Active,2014-04-15,,full
B83017,1,180761,Inactive,2014-04-15,2024-03-31,full
B83018,1,180762,Active,2014-04-15,,full
B83019,1,180763,Active,2014-04-15,,full
B83020,1,180764,Active,2014-04-15,,full
B83021,1,180765,Inactive,2014-04-15,2022-11-30,full
B83022,1,180766,Active,2014-04-15,,full
B83023,1,180767,Inactive,2014-04-15,2023-02-28,full
B83025,1,180768,Active,2014-04-15,,full
B83026,1,180769,Active,2014-04-15,,full
B83027,1,180770,Inactive,2014-04-15,2022-11-30,full
B83028,1,180771,Active,2014-04-15,,full
B83029,1,180772,Active,2014-04-15,,full
B83030,1,180773,Inactive,2014-04-15,2023-12-31,full
B83031,1,180774,Active,2014-04-15,,full
B83032,1,180775,Active,2014-04-15,,full
B83033,1,180776,Active,2014-04-15,,full
B83034,1,180777,Active,2014-04-15,,full
B83035,1,180778,Active,2014-04-15,,full
B83037,1,180779,Active,2014-04-15,,full
B83038,1,180780,Active,2014-04-15,,full
B83039,1,180781,Active,2014-04-15,,full
B83040,1,180782,Inactive,2014-04-15,2021-08-31,full
B83041,1,180783,Active,2014-04-15,,full
B83042,1,180784,Active,2014-04-15,,full
B83043,1,180785,Inactive,2014-04-15,2020-06-30,full
B83044,1,180786,Inactive,2014-04-15,2019-01-31,full
B83045,1,180787,Active,2014-04-15,,full
B83049,1,180788,Inactive,2014-04-15,2022-11-30,full
B83050,1,180789,Inactive,2014-04-15,2019-05-01,full
B83051,1,180790,Active,2014-04-15,,full
B83052,1,180791,Active,2014-04-15,,full
B83054,1,180792,Active,2014-04-15,,full
B83055,1,180793,Active,2014-04-15,,full
B83056,1,180794,Active,2014-04-15,,full
B83058,1,180796,Active,2014-04-15,,full
B83061,1,180797,Inactive,2014-04-15,2022-11-30,full
B83062,1,180798,Active,2014-04-15,,full
B83063,1,180799,Active,2014-04-15,,full
B83064,1,180800,Active,2014-04-15,,full
B83067,1,180802,Active,2014-04-15,,full
B83069,1,180803,Inactive,2014-04-15,2019-04-30,full
B83070,1,180804,Inactive,2014-04-15,2019-01-31,full
B83071,1,180805,Inactive,2014-04-15,2017-03-31,archive
B83602,1,180806,Inactive,2014-04-15,2023-02-28,full
B83604,1,180807,Active,2014-04-15,,full
B83611,1,180808,Active,2014-04-15,,full
B83613,1,180809,Inactive,2014-04-15,2019-05-01,full
B83614,1,180810,Active,2014-04-15,,full
B83617,1,180812,Inactive,2014-04-15,2023-12-31,full
B83620,1,180815,Active,2014-04-15,,full
B83621,1,180816,Inactive,2014-04-15,2026-01-31,full
B83622,1,180817,Active,2014-04-15,,full
B83624,1,180819,Active,2014-04-15,,full
B83626,1,180821,Active,2014-04-15,,full
B83627,1,180822,Active,2014-04-15,,full
B83628,1,180823,Active,2014-04-15,,full
B83629,1,180824,Active,2014-04-15,,full
B83631,1,180826,Inactive,2014-04-15,2018-09-30,full
B83638,1,180829,Inactive,2014-04-15,2020-06-30,full
B83641,1,180830,Active,2014-04-15,,full
B83642,1,180831,Active,2014-04-15,,full
B83653,1,180836,Active,2014-04-15,,full
B83657,1,180840,Active,2014-04-15,,full
B83659,1,180842,Active,2014-04-15,,full
B83660,1,180843,Active,2014-04-15,,full
B83661,1,180844,Active,2014-04-15,,full
B83700,1,180883,Inactive,2014-04-15,2014-06-30,archive
B84001,1,180884,Active,2014-04-15,,full
B84002,1,180885,Inactive,2014-04-15,2021-01-31,full
B84003,1,180886,Active,2014-04-15,,full
B84004,1,180887,Active,2014-04-15,,full
B84005,1,180888,Inactive,2014-04-15,2024-03-31,full
B84006,1,180889,Active,2014-04-15,,full
B84007,1,180890,Active,2014-04-15,,full
B84008,1,180891,Active,2014-04-15,,full
B84009,1,180892,Active,2014-04-15,,full
B84010,1,180893,Active,2014-04-15,,full
B84011,1,180894,Active,2014-04-15,,full
B84012,1,180895,Active,2014-04-15,,full
B84013,1,180896,Active,2014-04-15,,full
B84014,1,180897,Active,2014-04-15,,full
B84016,1,180898,Active,2014-04-15,,full
B84017,1,180899,Inactive,2014-04-15,2019-12-04,full
B84019,1,195319,Active,2014-04-15,,full
B84021,1,180900,Active,2014-04-15,,full
B84608,1,180904,Inactive,2012-09-30,2012-09-30,archive
B84610,1,180906,Inactive,2014-04-15,2021-01-31,full
B84612,1,180907,Active,2014-04-15,,full
B84613,1,180908,Active,2014-04-15,,full
B84614,1,180909,Inactive,2014-04-15,2014-06-30,archive
B84615,1,180910,Inactive,2014-04-15,2021-01-31,full
B84618,1,180911,Active,2014-04-15,,full
B84623,1,180913,Active,2014-04-15,,full
B84625,1,180914,Inactive,2012-09-30,2012-09-30,archive
B85001,1,180915,Active,2014-04-15,,full
B85002,1,180916,Active,2014-04-15,,full
B85004,1,180917,Active,2014-04-15,,full
B85005,1,180918,Active,2014-04-15,,full
B85006,1,180919,Active,2014-04-15,,full
B85008,1,180920,Active,2014-04-15,,full
B85009,1,180921,Active,2014-04-15,,full
B85010,1,180922,Active,2014-04-15,,full
B85011,1,180923,Inactive,2014-04-15,2018-12-20,full
B85012,1,180924,Active,2014-04-15,,full
B85014,1,180926,Active,2014-04-15,,full
B85015,1,180927,Active,2014-04-15,,full
B85016,1,180928,Active,2014-04-15,,full
B85018,1,180929,Active,2014-04-15,,full
B85019,1,180930,Active,2014-04-15,,full
B85020,1,180931,Active,2014-04-15,,full
B85021,1,180932,Active,2014-04-15,,full
B85022,1,180933,Active,2014-04-15,,full
B85023,1,180934,Active,2014-04-15,,full
B85024,1,180935,Active,2014-04-15,,full
B85025,1,180936,Active,2014-04-15,,full
B85026,1,180937,Active,2014-04-15,,full
B85027,1,180938,Active,2014-04-15,,full
B85028,1,180939,Active,2014-04-15,,full
B85030,1,180940,Active,2014-04-15,,full
B85031,1,180941,Active,2014-04-15,,full
B85032,1,180942,Active,2014-04-15,,full
B85033,1,180943,Active,2014-04-15,,full
B85036,1,180944,Active,2014-04-15,,full
B85037,1,180945,Active,2014-04-15,,full
B85038,1,180946,Active,2014-04-15,,full
B85040,1,180947,Inactive,2012-09-30,2012-09-30,archive
B85041,1,180948,Active,2014-04-15,,full
B85042,1,180949,Active,2014-04-15,,full
B85044,1,180951,Active,2014-04-15,,full
B85048,1,180953,Active,2014-04-15,,full
B85051,1,180955,Active,2014-04-15,,full
B85054,1,180956,Active,2014-04-15,,full
B85055,1,180957,Active,2014-04-15,,full
B85058,1,180958,Active,2014-04-15,,full
B85059,1,180959,Active,2014-04-15,,full
B85060,1,180960,Active,2014-04-15,,full
B85061,1,180961,Active,2014-04-15,,full
B85062,1,180962,Active,2014-04-15,,full
B85606,1,180963,Active,2014-04-15,,full
B85610,1,180965,Active,2014-04-15,,full
B85611,1,195304,Active,2014-04-15,,full
B85612,1,180966,Active,2014-04-15,,full
B85614,1,195320,Active,2014-04-15,,full
B85619,1,180970,Active,2014-04-15,,full
B85620,1,180971,Active,2014-04-15,,full
B85621,1,180972,Inactive,2014-04-15,2018-09-30,full
B85622,1,180973,Inactive,2014-04-15,2023-12-31,full
B85623,1,180974,Active,2014-04-15,,full
B85625,1,180976,Inactive,2014-04-15,2015-10-14,archive
B85628,1,180979,Inactive,2014-04-15,2015-10-07,archive
B85629,1,180980,Inactive,2014-04-15,2015-05-31,archive
B85634,1,180981,Active,2014-04-15,,full
B85636,1,180982,Active,2014-04-15,,full
B85638,1,180983,Inactive,2014-04-15,2022-03-31,full
B85640,1,180985,Active,2014-04-15,,full
B85641,1,180986,Active,2014-04-15,,full
B85644,1,180987,Inactive,2014-04-15,2017-11-01,full
B85645,1,180988,Active,2014-04-15,,full
B85646,1,180989,Active,2014-04-15,,full
B85650,1,180991,Active,2014-04-15,,full
B85652,1,180992,Active,2014-04-15,,full
B85655,1,180993,Active,2014-04-15,,full
B85659,1,180997,Active,2014-04-15,,full
B85660,1,180998,Active,2014-04-15,,full
B86001,1,181000,Inactive,2014-04-15,2024-03-31,full
B86002,1,181001,Active,2014-04-15,,full
B86003,1,181002,Active,2014-04-15,,full
B86004,1,181003,Active,2014-04-15,,full
B86005,1,181004,Active,2014-04-15,,full
B86006,1,181005,Active,2014-04-15,,full
B86007,1,181006,Active,2014-04-15,,full
B86008,1,181007,Active,2014-04-15,,full
B86009,1,181008,Active,2014-04-15,,full
B86010,1,181009,Active,2014-04-15,,full
B86011,1,181010,Active,2014-04-15,,full
B86012,1,181011,Active,2014-04-15,,full
B86013,1,181012,Active,2014-04-15,,full
B86014,1,181013,Active,2014-04-15,,full
B86015,1,181014,Active,2014-04-15,,full
B86016,1,181015,Active,2014-04-15,,full
B86017,1,181016,Active,2014-04-15,,full
B86018,1,181017,Active,2014-04-15,,full
B86019,1,181018,Active,2014-04-15,,full
B86020,1,181019,Active,2014-04-15,,full
B86022,1,181020,Active,2014-04-15,,full
B86023,1,181021,Inactive,2014-04-15,2022-04-30,full
B86024,1,181022,Active,2014-04-15,,full
B86025,1,181023,Active,2014-04-15,,full
B86026,1,181024,Inactive,2014-04-15,2014-08-31,archive
B86028,1,181025,Active,2014-04-15,,full
B86029,1,181026,Active,2014-04-15,,full
B86030,1,181027,Active,2014-04-15,,full
B86031,1,181028,Inactive,2014-04-15,2021-06-30,full
B86032,1,181029,Active,2014-04-15,,full
B86033,1,181030,Active,2014-04-15,,full
B86034,1,181031,Active,2014-04-15,,full
B86035,1,181032,Active,2014-04-15,,full
B86036,1,181033,Active,2014-04-15,,full
B86037,1,181034,Inactive,2014-04-15,2019-07-31,full
B86038,1,181035,Active,2014-04-15,,full
B86039,1,181036,Active,2014-04-15,,full
B86041,1,181038,Active,2014-04-15,,full
B86042,1,181039,Active,2014-04-15,,full
B86043,1,181040,Active,2014-04-15,,full
B86044,1,181041,Active,2014-04-15,,full
B86046,1,181042,Inactive,2014-04-15,2016-02-29,archive
B86047,1,181043,Inactive,2014-04-15,2020-06-30,full
B86048,1,181044,Active,2014-04-15,,full
B86049,1,181045,Active,2014-04-15,,full
B86050,1,181046,Active,2014-04-15,,full
B86051,1,181047,Active,2014-04-15,,full
B86052,1,181048,Active,2014-04-15,,full
B86054,1,181049,Active,2014-04-15,,full
B86055,1,181050,Active,2014-04-15,,full
B86056,1,181051,Inactive,2014-04-15,2025-02-28,full
B86057,1,181052,Active,2014-04-15,,full
B86058,1,181053,Inactive,2014-04-15,2024-03-31,full
B86059,1,181054,Active,2014-04-15,,full
B86060,1,181055,Active,2014-04-15,,full
B86061,1,181056,Active,2014-04-15,,full
B86062,1,181057,Active,2014-04-15,,full
B86064,1,181058,Active,2014-04-15,,full
B86065,1,181059,Inactive,2014-04-15,2016-06-08,archive
B86066,1,181060,Active,2014-04-15,,full
B86067,1,181061,Active,2014-04-15,,full
B86068,1,181062,Active,2014-04-15,,full
B86069,1,181063,Active,2014-04-15,,full
B86070,1,181064,Active,2014-04-15,,full
B86071,1,181065,Active,2014-04-15,,full
B86074,1,181066,Inactive,2014-04-15,2022-11-30,full
B86075,1,181067,Active,2014-04-15,,full
B86077,1,181068,Inactive,2014-04-15,2020-06-30,full
B86081,1,181069,Active,2014-04-15,,full
B86086,1,181070,Active,2014-04-15,,full
B86089,1,181071,Active,2014-04-15,,full
B86090,1,181072,Inactive,2014-04-15,2014-12-31,archive
B86092,1,181074,Active,2014-04-15,,full
B86093,1,181075,Active,2014-04-15,,full
B86094,1,181076,Active,2014-04-15,,full
B86095,1,181077,Inactive,2014-04-15,2020-07-31,full
B86096,1,181078,Active,2014-04-15,,full
B86100,1,181080,Active,2014-04-15,,full
B86101,1,181081,Active,2014-04-15,,full
B86102,1,181082,Inactive,2014-04-15,2017-03-31,archive
B86103,1,181083,Active,2014-04-15,,full
B86104,1,181084,Active,2014-04-15,,full
B86106,1,181086,Active,2014-04-15,,full
B86107,1,181087,Inactive,2014-04-15,2017-04-30,full
B86108,1,181088,Active,2014-04-15,,full
B86109,1,181089,Active,2014-04-15,,full
B86110,1,181090,Active,2014-04-15,,full
B86623,1,181092,Active,2014-04-15,,full
B86625,1,181093,Inactive,2014-04-15,2025-04-30,full
B86633,1,181096,Inactive,2014-04-15,2021-06-30,full
B86638,1,181097,Inactive,2014-04-15,2018-12-20,full
B86642,1,181100,Active,2014-04-15,,full
B86643,1,181101,Active,2014-04-15,,full
B86648,1,181102,Active,2014-04-15,,full
B86651,1,181104,Inactive,2014-04-15,2018-05-02,full
B86652,1,181105,Inactive,2012-09-30,2012-09-30,archive
B86653,1,181106,Inactive,2014-04-15,2014-06-30,archive
B86654,1,181107,Inactive,2014-04-15,2025-02-28,full
B86655,1,181108,Active,2014-04-15,,full
B86658,1,181109,Active,2014-04-15,,full
B86666,1,181110,Active,2014-04-15,,full
B86667,1,181111,Active,2014-04-15,,full
B86669,1,181112,Active,2014-04-15,,full
B86670,1,181113,Inactive,2014-04-15,2018-09-30,full
B86672,1,181114,Active,2014-04-15,,full
B86673,1,181115,Active,2014-04-15,,full
B86675,1,181117,Active,2014-04-15,,full
B86678,1,181120,Active,2014-04-15,,full
B86679,1,181121,Inactive,2012-09-30,2012-09-30,archive
B86682,1,181124,Inactive,2014-04-15,2020-06-30,full
B87001,1,181127,Active,2014-04-15,,full
B87002,1,181128,Active,2014-04-15,,full
B87003,1,181129,Active,2014-04-15,,full
B87004,1,181130,Active,2014-04-15,,full
B87005,1,181131,Active,2014-04-15,,full
B87006,1,181132,Active,2014-04-15,,full
B87007,1,195314,Active,2014-04-15,,full
B87008,1,181133,Active,2014-04-15,,full
B87009,1,181134,Active,2014-04-15,,full
B87011,1,181135,Active,2014-04-15,,full
B87012,1,181136,Active,2014-04-15,,full
B87013,1,181137,Active,2014-04-15,,full
B87015,1,195312,Active,2014-04-15,,full
B87016,1,181139,Active,2014-04-15,,full
B87017,1,181140,Active,2014-04-15,,full
B87018,1,181141,Active,2014-04-15,,full
B87019,1,181142,Active,2014-04-15,,full
B87020,1,181143,Active,2014-04-15,,full
B87021,1,181144,Active,2014-04-15,,full
B87022,1,181145,Active,2014-04-15,,full
B87023,1,181146,Inactive,2014-04-15,2019-12-04,full
B87025,1,181148,Active,2014-04-15,,full
B87026,1,181149,Active,2014-04-15,,full
B87027,1,181150,Active,2014-04-15,,full
B87028,1,181151,Active,2014-04-15,,full
B87029,1,181152,Inactive,2014-04-15,2018-05-02,full
B87030,1,181153,Active,2014-04-15,,full
B87031,1,181154,Active,2014-04-15,,full
B87032,1,195311,Active,2014-04-15,,full
B87033,1,181155,Active,2014-04-15,,full
B87036,1,181156,Active,2014-04-15,,full
B87039,1,181157,Active,2014-04-15,,full
B87040,1,181158,Inactive,2014-04-15,2022-03-31,full
B87041,1,181159,Inactive,2014-04-15,2023-02-28,full
B87042,1,181160,Active,2014-04-15,,full
B87044,1,181162,Active,2014-04-15,,full
B87600,1,181163,Inactive,2014-04-15,2023-02-28,full
B87602,1,195313,Active,2014-04-15,,full
B87604,1,181164,Active,2014-04-15,,full
C81001,1,181171,Active,2014-04-15,,full
C81002,1,181172,Active,2014-04-15,,full
C81003,1,181173,Active,2014-04-15,,full
C81004,1,181174,Active,2014-04-15,,full
C81005,1,181175,Active,2014-04-15,,full
C81006,1,181176,Active,2014-04-15,,full
C81007,1,181177,Active,2014-04-15,,full
C81008,1,181178,Active,2014-04-15,,full
C81009,1,181179,Active,2014-04-15,,full
C81010,1,181180,Active,2014-04-15,,full
C81011,1,181181,Inactive,2014-04-15,2016-06-08,archive
C81012,1,181182,Active,2014-04-15,,full
C81013,1,181183,Active,2014-04-15,,full
C81014,1,181184,Active,2014-04-15,,full
C81015,1,181185,Active,2014-04-15,,full
C81016,1,181186,Active,2014-04-15,,full
C81017,1,181187,Active,2014-04-15,,full
C81018,1,181188,Active,2014-04-15,,full
C81019,1,181189,Inactive,2014-04-15,2020-06-30,full
C81020,1,181190,Active,2014-04-15,,full
C81021,1,181191,Active,2014-04-15,,full
C81022,1,181192,Active,2014-04-15,,full
C81023,1,181193,Active,2014-04-15,,full
C81024,1,181194,Inactive,2014-04-15,2016-06-30,archive
C81025,1,181195,Active,2014-04-15,,full
C81026,1,181196,Active,2014-04-15,,full
C81027,1,181197,Active,2014-04-15,,full
C81028,1,181198,Active,2014-04-15,,full
C81029,1,181199,Active,2014-04-15,,full
C81030,1,181200,Active,2014-04-15,,full
C81031,1,181201,Active,2014-04-15,,full
C81032,1,181202,Active,2014-04-15,,full
C81033,1,181203,Active,2014-04-15,,full
C81034,1,181204,Active,2014-04-15,,full
C81035,1,181205,Active,2014-04-15,,full
C81036,1,181206,Active,2014-04-15,,full
C81037,1,181207,Active,2014-04-15,,full
C81038,1,181208,Active,2014-04-15,,full
C81039,1,181209,Active,2014-04-15,,full
C81040,1,181210,Active,2014-04-15,,full
C81041,1,181211,Active,2014-04-15,,full
C81042,1,181212,Active,2014-04-15,,full
C81044,1,181214,Active,2014-04-15,,full
C81045,1,181215,Active,2014-04-15,,full
C81046,1,181216,Active,2014-04-15,,full
C81047,1,181217,Active,2014-04-15,,full
C81048,1,181218,Active,2014-04-15,,full
C81049,1,181219,Active,2014-04-15,,full
C81050,1,181220,Active,2014-04-15,,full
C81051,1,181221,Active,2014-04-15,,full
C81052,1,181222,Active,2014-04-15,,full
C81053,1,181223,Active,2014-04-15,,full
C81054,1,181224,Active,2014-04-15,,full
C81055,1,181225,Active,2014-04-15,,full
C81056,1,181226,Active,2014-04-15,,full
C81057,1,181227,Active,2014-04-15,,full
C81058,1,181228,Active,2014-04-15,,full
C81059,1,181229,Active,2014-04-15,,full
C81060,1,181230,Active,2014-04-15,,full
C81061,1,181231,Active,2014-04-15,,full
C81062,1,181232,Active,2014-04-15,,full
C81063,1,181233,Active,2014-04-15,,full
C81064,1,181234,Active,2014-04-15,,full
C81065,1,181235,Active,2014-04-15,,full
C81066,1,181236,Active,2014-04-15,,full
C81067,1,181237,Active,2014-04-15,,full
C81068,1,181238,Active,2014-04-15,,full
C81069,1,181239,Active,2014-04-15,,full
C81070,1,181240,Active,2014-04-15,,full
C81071,1,181241,Active,2014-04-15,,full
C81072,1,181242,Active,2014-04-15,,full
C81073,1,181243,Active,2014-04-15,,full
C81074,1,181244,Active,2014-04-15,,full
C81075,1,181245,Active,2014-04-15,,full
C81076,1,181246,Inactive,2014-04-15,2021-06-30,full
C81077,1,181247,Inactive,2014-04-15,2025-12-31,full
C81079,1,181248,Inactive,2014-04-15,2015-02-25,archive
C81080,1,181249,Active,2014-04-15,,full
C81081,1,181250,Active,2014-04-15,,full
C81082,1,181251,Active,2014-04-15,,full
C81083,1,181252,Active,2014-04-15,,full
C81084,1,181253,Active,2014-04-15,,full
C81086,1,181255,Active,2014-04-15,,full
C81087,1,181256,Inactive,2014-04-15,2023-12-31,full
C81089,1,181257,Active,2014-04-15,,full
C81090,1,181258,Inactive,2014-04-15,2023-12-31,full
C81091,1,181259,Active,2014-04-15,,full
C81092,1,181260,Active,2014-04-15,,full
C81094,1,181262,Active,2014-04-15,,full
C81095,1,181263,Active,2014-04-15,,full
C81096,1,181264,Active,2014-04-15,,full
C81097,1,181265,Active,2014-04-15,,full
C81099,1,181267,Active,2014-04-15,,full
C81100,1,181268,Inactive,2014-04-15,2018-09-30,full
C81101,1,181269,Active,2014-04-15,,full
C81104,1,181271,Inactive,2014-04-15,2021-06-30,full
C81106,1,181273,Active,2014-04-15,,full
C81108,1,181275,Active,2014-04-15,,full
C81110,1,181277,Active,2014-04-15,,full
C81113,1,181280,Active,2014-04-15,,full
C81114,1,181281,Active,2014-04-15,,full
C81115,1,181282,Active,2014-04-15,,full
C81116,1,181283,Inactive,2014-04-15,2015-05-31,archive
C81118,1,181284,Active,2014-04-15,,full
C81604,1,181285,Active,2014-04-15,,full
C81611,1,181286,Active,2014-04-15,,full
C81615,1,181287,Active,2014-04-15,,full
C81616,1,181288,Active,2014-04-15,,full
C81617,1,181289,Inactive,2014-04-15,2015-05-31,archive
C81627,1,181296,Inactive,2014-04-15,2017-04-30,full
C81629,1,181297,Inactive,2014-04-15,2018-07-04,full
C81633,1,181300,Inactive,2014-04-15,2018-02-01,full
C81634,1,181301,Active,2014-04-15,,full
C81638,1,181302,Active,2014-04-15,,full
C81639,1,181303,Inactive,2012-09-30,2012-09-30,archive
C81640,1,181304,Active,2014-04-15,,full
C81642,1,181305,Inactive,2014-04-15,2023-12-31,full
C81647,1,181308,Active,2014-04-15,,full
C81648,1,181309,Inactive,2014-04-15,2021-06-30,full
C81649,1,181310,Active,2014-04-15,,full
C81652,1,181312,Active,2014-04-15,,full
C81653,1,181313,Active,2014-04-15,,full
C81654,1,181314,Inactive,2014-04-15,2019-05-01,full
C81655,1,181315,Active,2014-04-15,,full
C81658,1,181317,Active,2014-04-15,,full
C81660,1,181318,Inactive,2014-04-15,2022-11-30,full
C81661,1,181319,Inactive,2014-04-15,2024-03-31,full
C81662,1,181320,Active,2014-04-15,,full
C81665,1,181322,Inactive,2014-04-15,2017-01-31,archive
C82001,1,181339,Active,2014-04-15,,full
C82002,1,181340,Active,2014-04-15,,full
C82003,1,181341,Active,2014-04-15,,full
C82005,1,181342,Active,2014-04-15,,full
C82007,1,181343,Active,2014-04-15,,full
C82008,1,181344,Active,2014-04-15,,full
C82009,1,181345,Active,2014-04-15,,full
C82010,1,181346,Active,2014-04-15,,full
C82011,1,181347,Active,2014-04-15,,full
C82012,1,181348,Active,2014-04-15,,full
C82013,1,181349,Active,2014-04-15,,full
C82014,1,181350,Active,2014-04-15,,full
C82015,1,181351,Inactive,2014-04-15,2018-12-20,full
C82016,1,181352,Active,2014-04-15,,full
C82017,1,181353,Active,2014-04-15,,full
C82018,1,181354,Active,2014-04-15,,full
C82019,1,181355,Active,2014-04-15,,full
C82020,1,181356,Active,2014-04-15,,full
C82021,1,181357,Active,2014-04-15,,full
C82022,1,181358,Active,2014-04-15,,full
C82023,1,181359,Inactive,2014-04-15,2018-12-20,full
C82024,1,181360,Active,2014-04-15,,full
C82025,1,181361,Active,2014-04-15,,full
C82026,1,181362,Active,2014-04-15,,full
C82027,1,181363,Active,2014-04-15,,full
C82028,1,181364,Active,2014-04-15,,full
C82029,1,181365,Inactive,2014-04-15,2024-03-31,full
C82030,1,181366,Active,2014-04-15,,full
C82031,1,195321,Active,2014-04-15,,full
C82032,1,181367,Active,2014-04-15,,full
C82033,1,181368,Active,2014-04-15,,full
C82034,1,181369,Active,2014-04-15,,full
C82035,1,181370,Active,2014-04-15,,full
C82036,1,181371,Inactive,2014-04-15,2020-06-30,full
C82037,1,181372,Active,2014-04-15,,full
C82038,1,181373,Active,2014-04-15,,full
C82039,1,181374,Active,2014-04-15,,full
C82040,1,181375,Active,2014-04-15,,full
C82041,1,181376,Active,2014-04-15,,full
C82042,1,181377,Active,2014-04-15,,full
C82043,1,181378,Active,2014-04-15,,full
C82044,1,181379,Active,2014-04-15,,full
C82045,1,181380,Active,2014-04-15,,full
C82046,1,181381,Active,2014-04-15,,full
C82047,1,181382,Active,2014-04-15,,full
C82048,1,181383,Active,2014-04-15,,full
C82050,1,181384,Active,2014-04-15,,full
C82051,1,181385,Active,2014-04-15,,full
C82052,1,181386,Active,2014-04-15,,full
C82053,1,181387,Active,2014-04-15,,full
C82054,1,181388,Active,2014-04-15,,full
C82055,1,181389,Active,2014-04-15,,full
C82056,1,181390,Active,2014-04-15,,full
C82058,1,181391,Inactive,2014-04-15,2017-04-30,full
C82059,1,181392,Active,2014-04-15,,full
C82060,1,181393,Active,2014-04-15,,full
C82061,1,181394,Active,2014-04-15,,full
C82062,1,181395,Active,2014-04-15,,full
C82063,1,181396,Active,2014-04-15,,full
C82064,1,181397,Active,2014-04-15,,full
C82065,1,181398,Inactive,2014-04-15,2017-02-28,archive
C82066,1,181399,Active,2014-04-15,,full
C82067,1,181400,Active,2014-04-15,,full
C82068,1,181401,Active,2014-04-15,,full
C82070,1,181402,Active,2014-04-15,,full
C82071,1,181403,Active,2014-04-15,,full
C82072,1,181404,Active,2014-04-15,,full
C82073,1,181405,Active,2014-04-15,,full
C82075,1,181406,Active,2014-04-15,,full
C82076,1,181407,Active,2014-04-15,,full
C82077,1,181408,Active,2014-04-15,,full
C82078,1,181409,Active,2014-04-15,,full
C82079,1,181410,Active,2014-04-15,,full
C82080,1,181411,Active,2014-04-15,,full
C82081,1,181412,Inactive,2014-04-15,2017-04-30,full
C82082,1,181413,Active,2014-04-15,,full
C82084,1,181414,Active,2014-04-15,,full
C82085,1,181415,Inactive,2014-04-15,2014-06-30,archive
C82086,1,181416,Active,2014-04-15,,full
C82088,1,181417,Active,2014-04-15,,full
C82091,1,181419,Active,2014-04-15,,full
C82092,1,181420,Active,2014-04-15,,full
C82093,1,181421,Active,2014-04-15,,full
C82094,1,181422,Active,2014-04-15,,full
C82095,1,181423,Active,2014-04-15,,full
C82096,1,181424,Active,2014-04-15,,full
C82097,1,181425,Active,2014-04-15,,full
C82098,1,181426,Active,2014-04-15,,full
C82099,1,181427,Active,2014-04-15,,full
C82100,1,181428,Active,2014-04-15,,full
C82102,1,181430,Active,2014-04-15,,full
C82103,1,181431,Active,2014-04-15,,full
C82105,1,181433,Inactive,2014-04-15,2024-06-30,full
C82106,1,181434,Inactive,2014-04-15,2017-03-31,archive
C82107,1,181435,Active,2014-04-15,,full
C82108,1,181436,Inactive,2014-04-15,2018-02-01,full
C82109,1,181437,Active,2014-04-15,,full
C82111,1,181438,Active,2014-04-15,,full
C82112,1,181439,Active,2014-04-15,,full
C82114,1,181440,Active,2014-04-15,,full
C82116,1,181442,Active,2014-04-15,,full
C82119,1,181443,Active,2014-04-15,,full
C82120,1,181444,Active,2014-04-15,,full
C82121,1,181445,Active,2014-04-15,,full
C82122,1,181446,Inactive,2014-04-15,2024-03-31,full
C82123,1,181447,Inactive,2014-04-15,2019-12-04,full
C82124,1,181448,Active,2014-04-15,,full
C82600,1,181449,Active,2014-04-15,,full
C82610,1,181450,Active,2014-04-15,,full
C82611,1,181451,Active,2014-04-15,,full
C82614,1,181453,Active,2014-04-15,,full
C82620,1,181456,Active,2014-04-15,,full
C82623,1,181457,Inactive,2014-04-15,2024-03-31,full
C82624,1,181458,Active,2014-04-15,,full
C82625,1,181459,Inactive,2014-04-15,2015-10-07,archive
C82626,1,181460,Inactive,2014-04-15,2024-06-30,full
C82627,1,181461,Active,2014-04-15,,full
C82628,1,181462,Active,2014-04-15,,full
C82631,1,181463,Active,2014-04-15,,full
C82634,1,181464,Active,2014-04-15,,full
C82639,1,181467,Active,2014-04-15,,full
C82641,1,181468,Inactive,2014-04-15,2015-10-07,archive
C82642,1,181469,Active,2014-04-15,,full
C82643,1,181470,Active,2014-04-15,,full
C82644,1,181471,Active,2014-04-15,,full
C82648,1,181473,Inactive,2012-09-30,2012-09-30,archive
C82649,1,181474,Active,2014-04-15,,full
C82650,1,181475,Active,2014-04-15,,full
C82651,1,181476,Active,2014-04-15,,full
C82653,1,181478,Active,2014-04-15,,full
C82655,1,181480,Inactive,2014-04-15,2016-08-10,archive
C82656,1,181481,Active,2014-04-15,,full
C82657,1,181482,Inactive,2014-04-15,2020-11-30,full
C82659,1,181483,Active,2014-04-15,,full
C82660,1,181484,Active,2014-04-15,,full
C82662,1,181485,Active,2014-04-15,,full
C82663,1,181486,Inactive,2014-04-15,2020-11-30,full
C82667,1,181489,Active,2014-04-15,,full
C82669,1,181491,Active,2014-04-15,,full
C82670,1,181492,Active,2014-04-15,,full
C82671,1,181493,Active,2014-04-15,,full
C82676,1,181497,Active,2014-04-15,,full
C82678,1,181499,Active,2014-04-15,,full
C82680,1,181501,Active,2014-04-15,,full
C83001,1,181504,Active,2014-04-15,,full
C83002,1,181505,Active,2014-04-15,,full
C83003,1,181506,Active,2014-04-15,,full
C83004,1,181507,Active,2014-04-15,,full
C83005,1,181508,Active,2014-04-15,,full
C83006,1,181509,Inactive,2014-04-15,2019-05-01,full
C83007,1,181510,Active,2014-04-15,,full
C83008,1,181511,Active,2014-04-15,,full
C83009,1,181512,Active,2014-04-15,,full
C83010,1,181513,Active,2014-04-15,,full
C83011,1,181514,Active,2014-04-15,,full
C83013,1,181516,Active,2014-04-15,,full
C83014,1,181517,Active,2014-04-15,,full
C83015,1,181518,Active,2014-04-15,,full
C83016,1,181519,Inactive,2014-04-15,2019-05-01,full
C83017,1,181520,Inactive,2014-04-15,2018-09-30,full
C83018,1,181521,Active,2014-04-15,,full
C83019,1,181522,Active,2014-04-15,,full
C83020,1,181523,Active,2014-04-15,,full
C83021,1,181524,Inactive,2014-04-15,2018-02-01,full
C83022,1,181525,Active,2014-04-15,,full
C83023,1,181526,Active,2014-04-15,,full
C83024,1,181527,Active,2014-04-15,,full
C83025,1,181528,Active,2014-04-15,,full
C83026,1,181529,Active,2014-04-15,,full
C83027,1,181530,Active,2014-04-15,,full
C83028,1,181531,Active,2014-04-15,,full
C83029,1,181532,Active,2014-04-15,,full
C83030,1,181533,Active,2014-04-15,,full
C83031,1,181534,Active,2014-04-15,,full
C83032,1,181535,Active,2014-04-15,,full
C83033,1,181536,Active,2014-04-15,,full
C83035,1,181538,Active,2014-04-15,,full
C83036,1,181539,Active,2014-04-15,,full
C83037,1,181540,Active,2014-04-15,,full
C83038,1,181541,Active,2014-04-15,,full
C83039,1,181542,Active,2014-04-15,,full
C83040,1,181543,Active,2014-04-15,,full
C83041,1,181544,Active,2014-04-15,,full
C83042,1,181545,Active,2014-04-15,,full
C83043,1,181546,Active,2014-04-15,,full
C83044,1,181547,Active,2014-04-15,,full
C83045,1,181548,Active,2014-04-15,,full
C83046,1,181549,Active,2014-04-15,,full
C83047,1,181550,Inactive,2014-04-15,2019-12-04,full
C83048,1,181551,Active,2014-04-15,,full
C83049,1,181552,Active,2014-04-15,,full
C83051,1,181553,Active,2014-04-15,,full
C83052,1,181554,Active,2014-04-15,,full
C83053,1,181555,Active,2014-04-15,,full
C83054,1,181556,Active,2014-04-15,,full
C83055,1,181557,Active,2014-04-15,,full
C83056,1,181558,Active,2014-04-15,,full
C83057,1,181559,Active,2014-04-15,,full
C83058,1,181560,Active,2014-04-15,,full
C83059,1,181561,Active,2014-04-15,,full
C83060,1,181562,Active,2014-04-15,,full
C83061,1,181563,Active,2014-04-15,,full
C83062,1,181564,Active,2014-04-15,,full
C83063,1,181565,Active,2014-04-15,,full
C83064,1,181566,Active,2014-04-15,,full
C83065,1,181567,Active,2014-04-15,,full
C83067,1,181568,Active,2014-04-15,,full
C83068,1,181569,Inactive,2014-04-15,2018-12-20,full
C83071,1,181570,Inactive,2014-04-15,2023-12-31,full
C83072,1,181571,Active,2014-04-15,,full
C83073,1,181572,Active,2014-04-15,,full
C83074,1,181573,Active,2014-04-15,,full
C83075,1,181574,Active,2014-04-15,,full
C83078,1,181575,Active,2014-04-15,,full
C83079,1,181576,Active,2014-04-15,,full
C83080,1,181577,Active,2014-04-15,,full
C83081,1,181578,Inactive,2014-04-15,2016-06-08,archive
C83082,1,181579,Active,2014-04-15,,full
C83083,1,181580,Active,2014-04-15,,full
C83085,1,181581,Active,2014-04-15,,full
C83605,1,181582,Inactive,2014-04-15,2019-05-01,full
C83611,1,181585,Active,2014-04-15,,full
C83613,1,181586,Active,2014-04-15,,full
C83614,1,181587,Active,2014-04-15,,full
C83615,1,181588,Inactive,2014-04-15,2016-08-10,archive
C83617,1,181589,Active,2014-04-15,,full
C83626,1,181591,Active,2014-04-15,,full
C83628,1,181592,Inactive,2014-04-15,2019-05-01,full
C83631,1,181593,Inactive,2014-04-15,2024-03-31,full
C83633,1,181594,Inactive,2014-04-15,2019-05-01,full
C83634,1,181595,Active,2014-04-15,,full
C83635,1,181596,Active,2014-04-15,,full
C83637,1,181597,Inactive,2014-04-15,2021-06-30,full
C83641,1,181598,Active,2014-04-15,,full
C83642,1,181599,Inactive,2014-04-15,2014-06-30,archive
C83643,1,181600,Active,2014-04-15,,full
C83644,1,181601,Inactive,2014-04-15,2016-06-08,archive
C83649,1,181603,Active,2014-04-15,,full
C83650,1,181604,Active,2014-04-15,,full
C83652,1,181605,Inactive,2014-04-15,2019-05-01,full
C83653,1,181606,Inactive,2014-04-15,2025-06-30,full
C83655,1,181608,Inactive,2014-04-15,2016-06-08,archive
C83656,1,181609,Inactive,2014-04-15,2016-06-08,archive
C84001,1,181610,Active,2014-04-15,,full
C84002,1,181611,Inactive,2014-04-15,2019-07-31,full
C84003,1,181612,Inactive,2014-04-15,2019-12-04,full
C84004,1,181613,Active,2014-04-15,,full
C84005,1,181614,Active,2014-04-15,,full
C84008,1,181615,Active,2014-04-15,,full
C84009,1,181616,Active,2014-04-15,,full
C84010,1,181617,Active,2014-04-15,,full
C84011,1,181618,Active,2014-04-15,,full
C84012,1,181619,Active,2014-04-15,,full
C84013,1,181620,Active,2014-04-15,,full
C84014,1,181621,Active,2014-04-15,,full
C84016,1,181622,Active,2014-04-15,,full
C84017,1,181623,Active,2014-04-15,,full
C84018,1,181624,Active,2014-04-15,,full
C84019,1,181625,Active,2014-04-15,,full
C84020,1,181626,Active,2014-04-15,,full
C84021,1,181627,Active,2014-04-15,,full
C84023,1,181628,Active,2014-04-15,,full
C84024,1,181629,Active,2014-04-15,,full
C84025,1,181630,Active,2014-04-15,,full
C84026,1,181631,Active,2014-04-15,,full
C84028,1,181632,Active,2014-04-15,,full
C84029,1,181633,Active,2014-04-15,,full
C84030,1,181634,Active,2014-04-15,,full
C84031,1,181635,Inactive,2014-04-15,2025-07-31,full
C84032,1,181636,Active,2014-04-15,,full
C84033,1,181637,Active,2014-04-15,,full
C84034,1,181638,Active,2014-04-15,,full
C84035,1,181639,Active,2014-04-15,,full
C84036,1,181640,Active,2014-04-15,,full
C84037,1,181641,Active,2014-04-15,,full
C84039,1,181642,Active,2014-04-15,,full
C84042,1,181643,Active,2014-04-15,,full
C84043,1,181644,Active,2014-04-15,,full
C84044,1,181645,Active,2014-04-15,,full
C84045,1,181646,Active,2014-04-15,,full
C84046,1,181647,Active,2014-04-15,,full
C84047,1,181648,Active,2014-04-15,,full
C84048,1,181649,Inactive,2014-04-15,2022-03-31,full
C84049,1,181650,Active,2014-04-15,,full
C84051,1,181651,Active,2014-04-15,,full
C84052,1,181652,Inactive,2014-04-15,2019-05-01,full
C84053,1,181653,Active,2014-04-15,,full
C84055,1,181655,Active,2014-04-15,,full
C84057,1,181656,Active,2014-04-15,,full
C84059,1,181657,Active,2014-04-15,,full
C84060,1,181658,Active,2014-04-15,,full
C84061,1,181659,Active,2014-04-15,,full
C84063,1,181660,Active,2014-04-15,,full
C84064,1,181661,Active,2014-04-15,,full
C84065,1,181662,Active,2014-04-15,,full
C84066,1,181663,Active,2014-04-15,,full
C84067,1,181664,Active,2014-04-15,,full
C84069,1,181665,Active,2014-04-15,,full
C84072,1,181666,Active,2014-04-15,,full
C84074,1,181667,Active,2014-04-15,,full
C84076,1,181668,Active,2014-04-15,,full
C84077,1,181669,Active,2014-04-15,,full
C84078,1,181670,Active,2014-04-15,,full
C84080,1,181671,Active,2014-04-15,,full
C84081,1,181672,Active,2014-04-15,,full
C84082,1,181673,Inactive,2014-04-15,2014-06-30,archive
C84084,1,181675,Active,2014-04-15,,full
C84085,1,181676,Active,2014-04-15,,full
C84086,1,181677,Active,2014-04-15,,full
C84087,1,181678,Active,2014-04-15,,full
C84090,1,181679,Active,2014-04-15,,full
C84091,1,181680,Active,2014-04-15,,full
C84092,1,181681,Active,2014-04-15,,full
C84094,1,181682,Active,2014-04-15,,full
C84095,1,181683,Active,2014-04-15,,full
C84096,1,181684,Inactive,2014-04-15,2021-08-31,full
C84101,1,181685,Active,2014-04-15,,full
C84103,1,181686,Inactive,2014-04-15,2025-12-31,full
C84104,1,181687,Inactive,2014-04-15,2020-11-30,full
C84105,1,181688,Active,2014-04-15,,full
C84106,1,181689,Active,2014-04-15,,full
C84107,1,181690,Active,2014-04-15,,full
C84112,1,181693,Active,2014-04-15,,full
C84113,1,181694,Active,2014-04-15,,full
C84114,1,181695,Inactive,2014-04-15,2024-06-30,full
C84115,1,181696,Active,2014-04-15,,full
C84116,1,181697,Active,2014-04-15,,full
C84117,1,181698,Active,2014-04-15,,full
C84120,1,181699,Active,2014-04-15,,full
C84121,1,181700,Inactive,2014-04-15,2015-10-07,archive
C84122,1,181701,Active,2014-04-15,,full
C84123,1,181702,Active,2014-04-15,,full
C84124,1,181703,Inactive,2014-04-15,2020-06-30,full
C84125,1,181704,Inactive,2014-04-15,2019-05-01,full
C84127,1,181705,Inactive,2014-04-15,2024-06-30,full
C84129,1,181706,Active,2014-04-15,,full
C84131,1,181707,Active,2014-04-15,,full
C84133,1,181708,Inactive,2014-04-15,2020-11-30,full
C84135,1,181709,Inactive,2014-04-15,2022-11-30,full
C84136,1,181710,Active,2014-04-15,,full
C84138,1,181712,Inactive,2014-04-15,2023-12-31,full
C84140,1,181713,Active,2014-04-15,,full
C84141,1,181714,Inactive,2013-10-31,2013-10-31,archive
C84142,1,181715,Active,2014-04-15,,full
C84143,1,181716,Inactive,2014-04-15,2017-01-04,archive
C84144,1,181717,Active,2014-04-15,,full
C84145,1,181718,Inactive,2014-04-15,2018-02-01,full
C84146,1,181719,Inactive,2014-04-15,2016-01-06,archive
C84149,1,181721,Inactive,2014-04-15,2016-01-06,archive
C84150,1,181722,Active,2014-04-15,,full
C84151,1,181723,Active,2014-04-15,,full
C84602,1,181724,Inactive,2014-04-15,2020-07-31,full
C84605,1,181725,Active,2014-04-15,,full
C84612,1,181726,Inactive,2014-04-15,2018-02-01,full
C84613,1,181727,Active,2014-04-15,,full
C84619,1,181728,Active,2014-04-15,,full
C84621,1,181729,Active,2014-04-15,,full
C84624,1,181730,Active,2014-04-15,,full
C84628,1,181731,Active,2014-04-15,,full
C84629,1,181732,Active,2014-04-15,,full
C84632,1,181733,Inactive,2014-04-15,2016-01-06,archive
C84633,1,181734,Inactive,2014-04-15,2018-05-02,full
C84635,1,181735,Inactive,2014-04-15,2018-04-30,full
C84636,1,181736,Inactive,2014-04-15,2016-01-06,archive
C84637,1,181737,Active,2014-04-15,,full
C84646,1,181740,Active,2014-04-15,,full
C84647,1,181741,Inactive,2014-04-15,2022-07-31,full
C84648,1,181742,Inactive,2014-04-15,2017-07-05,full
C84650,1,181744,Inactive,2014-04-15,2021-01-31,full
C84654,1,181746,Active,2014-04-15,,full
C84656,1,181748,Active,2014-04-15,,full
C84658,1,181749,Active,2014-04-15,,full
C84660,1,181750,Active,2014-04-15,,full
C84664,1,181753,Active,2014-04-15,,full
C84666,1,181755,Inactive,2014-04-15,2016-01-06,archive
C84667,1,181756,Active,2014-04-15,,full
C84672,1,181757,Inactive,2014-04-15,2019-05-01,full
C84674,1,181758,Inactive,2014-04-15,2015-02-25,archive
C84675,1,181759,Inactive,2014-04-15,2015-10-07,archive
C84676,1,181760,Active,2014-04-15,,full
C84678,1,181761,Inactive,2014-04-15,2016-02-29,archive
C84679,1,181762,Active,2014-04-15,,full
C84680,1,181763,Inactive,2014-04-15,2021-08-31,full
C84682,1,181764,Active,2014-04-15,,full
C84683,1,181765,Active,2014-04-15,,full
C84688,1,181767,Inactive,2014-04-15,2020-06-30,full
C84691,1,181768,Active,2014-04-15,,full
C84692,1,181769,Active,2014-04-15,,full
C84693,1,181770,Active,2014-04-15,,full
C84694,1,181771,Active,2014-04-15,,full
C84695,1,181772,Active,2014-04-15,,full
C84696,1,181773,Active,2014-04-15,,full
C84697,1,181774,Inactive,2012-09-30,2012-09-30,archive
C84698,1,181775,Inactive,2014-04-15,2020-07-31,full
C84700,1,181776,Inactive,2014-04-15,2017-01-04,archive
C84703,1,181779,Active,2014-04-15,,full
C84704,1,181780,Active,2014-04-15,,full
C84705,1,181781,Active,2014-04-15,,full
C84706,1,181782,Inactive,2014-04-15,2016-08-10,archive
C84709,1,181785,Inactive,2014-04-15,2021-08-31,full
C84710,1,181786,Inactive,2014-04-15,2022-03-31,full
C84712,1,181788,Inactive,2014-04-15,2019-12-04,full
C84714,1,181790,Active,2014-04-15,,full
C84717,1,181793,Inactive,2014-04-15,2023-12-31,full
C84718,1,181794,Inactive,2014-04-15,2017-07-05,full
C84720,1,520944,Active,2024-03-13,,full
C85001,1,181798,Active,2014-04-15,,full
C85003,1,181799,Active,2014-04-15,,full
C85004,1,181800,Active,2014-04-15,,full
C85005,1,181801,Active,2014-04-15,,full
C85006,1,181802,Active,2014-04-15,,full
C85007,1,181803,Active,2014-04-15,,full
C85008,1,181804,Active,2014-04-15,,full
C85009,1,181805,Active,2014-04-15,,full
C85010,1,181806,Active,2014-04-15,,full
C85012,1,181808,Inactive,2014-04-15,2016-08-10,archive
C85013,1,181809,Active,2014-04-15,,full
C85014,1,181810,Active,2014-04-15,,full
C85015,1,181811,Inactive,2014-04-15,2018-05-02,full
C85016,1,181812,Active,2014-04-15,,full
C85017,1,181813,Active,2014-04-15,,full
C85018,1,181814,Active,2014-04-15,,full
C85019,1,181815,Active,2014-04-15,,full
C85020,1,181816,Active,2014-04-15,,full
C85022,1,181818,Active,2014-04-15,,full
C85023,1,181819,Active,2014-04-15,,full
C85024,1,181820,Active,2014-04-15,,full
C85026,1,181822,Inactive,2014-04-15,2023-12-31,full
C85028,1,181823,Active,2014-04-15,,full
C85030,1,181824,Active,2014-04-15,,full
C85033,1,181826,Active,2014-04-15,,full
C85609,1,181829,Inactive,2014-04-15,2014-11-30,archive
C85614,1,181830,Active,2014-04-15,,full
C85617,1,181831,Inactive,2014-04-15,2017-08-16,full
C85619,1,181833,Active,2014-04-15,,full
C85622,1,181836,Active,2014-04-15,,full
C85623,1,181837,Active,2014-04-15,,full
C85624,1,181838,Inactive,2014-04-15,2018-02-01,full
C85627,1,181841,Inactive,2014-04-15,2015-02-25,archive
C85627,2,230719,Inactive,2015-03-12,2015-09-29,archive
C85628,1,181842,Inactive,2014-04-15,2022-03-31,full
C86001,1,181844,Active,2014-04-15,,full
C86002,1,181845,Active,2014-04-15,,full
C86003,1,181846,Active,2014-04-15,,full
C86005,1,181847,Active,2014-04-15,,full
C86006,1,181848,Active,2014-04-15,,full
C86007,1,181849,Active,2014-04-15,,full
C86009,1,181850,Active,2014-04-15,,full
C86011,1,181852,Active,2014-04-15,,full
C86012,1,181853,Active,2014-04-15,,full
C86013,1,181854,Active,2014-04-15,,full
C86014,1,181855,Inactive,2014-04-15,2019-07-31,full
C86015,1,181856,Active,2014-04-15,,full
C86016,1,181857,Active,2014-04-15,,full
C86017,1,181858,Active,2014-04-15,,full
C86018,1,181859,Active,2014-04-15,,full
C86019,1,181860,Active,2014-04-15,,full
C86020,1,181861,Active,2014-04-15,,full
C86021,1,181862,Active,2014-04-15,,full
C86022,1,181863,Inactive,2014-04-15,2023-12-31,full
C86023,1,181864,Active,2014-04-15,,full
C86024,1,181865,Active,2014-04-15,,full
C86025,1,181866,Active,2014-04-15,,full
C86026,1,181867,Active,2014-04-15,,full
C86029,1,181868,Active,2014-04-15,,full
C86030,1,181869,Inactive,2014-04-15,2019-05-01,full
C86032,1,181870,Active,2014-04-15,,full
C86033,1,181871,Active,2014-04-15,,full
C86034,1,181872,Active,2014-04-15,,full
C86037,1,181874,Active,2014-04-15,,full
C86038,1,181875,Active,2014-04-15,,full
C86039,1,181876,Inactive,2014-04-15,2019-12-04,full
C86605,1,181881,Active,2014-04-15,,full
C86606,1,181882,Active,2014-04-15,,full
C86609,1,181884,Active,2014-04-15,,full
C86611,1,181885,Active,2014-04-15,,full
C86613,1,181887,Inactive,2014-04-15,2022-04-30,full
C86614,1,181888,Active,2014-04-15,,full
C86616,1,181890,Active,2014-04-15,,full
C86621,1,181893,Active,2014-04-15,,full
C86623,1,181895,Inactive,2014-04-15,2021-01-31,full
C86625,1,181896,Active,2014-04-15,,full
C86626,1,181897,Active,2014-04-15,,full
C87002,1,181901,Active,2014-04-15,,full
C87003,1,181902,Active,2014-04-15,,full
C87004,1,181903,Active,2014-04-15,,full
C87005,1,181904,Active,2014-04-15,,full
C87006,1,181905,Active,2014-04-15,,full
C87007,1,181906,Active,2014-04-15,,full
C87008,1,181907,Active,2014-04-15,,full
C87009,1,181908,Active,2014-04-15,,full
C87010,1,181909,Active,2014-04-15,,full
C87012,1,181910,Active,2014-04-15,,full
C87013,1,181911,Active,2014-04-15,,full
C87014,1,181912,Active,2014-04-15,,full
C87015,1,181913,Active,2014-04-15,,full
C87016,1,181914,Active,2014-04-15,,full
C87017,1,181915,Active,2014-04-15,,full
C87018,1,181916,Active,2014-04-15,,full
C87020,1,181918,Active,2014-04-15,,full
C87022,1,181919,Active,2014-04-15,,full
C87023,1,181920,Inactive,2014-04-15,2019-05-01,full
C87024,1,181921,Active,2014-04-15,,full
C87029,1,181923,Active,2014-04-15,,full
C87030,1,181924,Active,2014-04-15,,full
C87031,1,181925,Active,2014-04-15,,full
C87603,1,181928,Active,2014-04-15,,full
C87604,1,181929,Active,2014-04-15,,full
C87606,1,181930,Inactive,2014-04-15,2023-12-31,full
C87608,1,181931,Active,2014-04-15,,full
C87609,1,181932,Inactive,2014-04-15,2017-04-30,full
C87610,1,181933,Inactive,2014-04-15,2017-04-30,full
C87612,1,181935,Inactive,2014-04-15,2017-01-04,archive
C87616,1,181937,Active,2014-04-15,,full
C87617,1,181938,Inactive,2014-04-15,2017-03-31,archive
C87620,1,181941,Active,2014-04-15,,full
C87621,1,181942,Inactive,2014-04-15,2021-01-31,full
C87622,1,181943,Active,2014-04-15,,full
C88005,1,181944,Active,2014-04-15,,full
C88006,1,181945,Active,2014-04-15,,full
C88007,1,181946,Active,2014-04-15,,full
C88008,1,181947,Active,2014-04-15,,full
C88009,1,181948,Active,2014-04-15,,full
C88010,1,181949,Active,2014-04-15,,full
C88011,1,181950,Active,2014-04-15,,full
C88013,1,181952,Inactive,2014-04-15,2016-02-29,archive
C88014,1,181953,Active,2014-04-15,,full
C88015,1,181954,Active,2014-04-15,,full
C88016,1,181955,Active,2014-04-15,,full
C88018,1,181956,Active,2014-04-15,,full
C88019,1,181957,Active,2014-04-15,,full
C88020,1,181958,Active,2014-04-15,,full
C88021,1,181959,Active,2014-04-15,,full
C88022,1,181960,Active,2014-04-15,,full
C88023,1,181961,Active,2014-04-15,,full
C88024,1,181962,Inactive,2014-04-15,2021-08-31,full
C88025,1,181963,Active,2014-04-15,,full
C88026,1,181964,Active,2014-04-15,,full
C88027,1,181965,Active,2014-04-15,,full
C88028,1,181966,Active,2014-04-15,,full
C88030,1,181967,Active,2014-04-15,,full
C88031,1,181968,Active,2014-04-15,,full
C88032,1,181969,Active,2014-04-15,,full
C88033,1,181970,Inactive,2014-04-15,2020-06-30,full
C88034,1,181971,Active,2014-04-15,,full
C88035,1,181972,Active,2014-04-15,,full
C88036,1,181973,Active,2014-04-15,,full
C88037,1,181974,Active,2014-04-15,,full
C88038,1,181975,Active,2014-04-15,,full
C88039,1,181976,Active,2014-04-15,,full
C88040,1,181977,Active,2014-04-15,,full
C88041,1,181978,Active,2014-04-15,,full
C88042,1,181979,Inactive,2014-04-15,2019-12-04,full
C88043,1,181980,Active,2014-04-15,,full
C88044,1,181981,Active,2014-04-15,,full
C88045,1,181982,Active,2014-04-15,,full
C88046,1,181983,Active,2014-04-15,,full
C88047,1,181984,Active,2014-04-15,,full
C88048,1,181985,Active,2014-04-15,,full
C88049,1,181986,Active,2014-04-15,,full
C88050,1,181987,Active,2014-04-15,,full
C88051,1,181988,Active,2014-04-15,,full
C88052,1,181989,Active,2014-04-15,,full
C88053,1,181990,Active,2014-04-15,,full
C88054,1,181991,Active,2014-04-15,,full
C88057,1,181992,Inactive,2014-04-15,2019-07-31,full
C88059,1,181993,Active,2014-04-15,,full
C88060,1,181994,Active,2014-04-15,,full
C88061,1,181995,Inactive,2014-04-15,2017-04-30,full
C88062,1,181996,Active,2014-04-15,,full
C88068,1,181999,Inactive,2014-04-15,2022-04-30,full
C88069,1,182000,Active,2014-04-15,,full
C88070,1,182001,Active,2014-04-15,,full
C88072,1,182002,Active,2014-04-15,,full
C88073,1,182003,Active,2014-04-15,,full
C88074,1,182004,Active,2014-04-15,,full
C88075,1,182005,Inactive,2014-04-15,2014-08-26,archive
C88076,1,182006,Active,2014-04-15,,full
C88077,1,182007,Active,2014-04-15,,full
C88078,1,182008,Active,2014-04-15,,full
C88079,1,182009,Active,2014-04-15,,full
C88082,1,182012,Active,2014-04-15,,full
C88083,1,182013,Active,2014-04-15,,full
C88084,1,182014,Active,2014-04-15,,full
C88085,1,182015,Active,2014-04-15,,full
C88086,1,182016,Active,2014-04-15,,full
C88087,1,182017,Active,2014-04-15,,full
C88088,1,182018,Active,2014-04-15,,full
C88090,1,182020,Active,2014-04-15,,full
C88091,1,182021,Active,2014-04-15,,full
C88092,1,182022,Active,2014-04-15,,full
C88095,1,182024,Active,2014-04-15,,full
C88096,1,182025,Inactive,2014-04-15,2023-12-31,full
C88622,1,182026,Active,2014-04-15,,full
C88626,1,182027,Inactive,2014-04-15,2017-04-30,full
C88627,1,182028,Active,2014-04-15,,full
C88631,1,182031,Active,2014-04-15,,full
C88638,1,182034,Inactive,2014-04-15,2017-04-30,full
C88643,1,182035,Inactive,2014-04-15,2022-03-31,full
C88647,1,182036,Active,2014-04-15,,full
C88648,1,195325,Active,2014-04-15,,full
C88652,1,182037,Active,2014-04-15,,full
C88653,1,182038,Inactive,2014-04-15,2017-01-04,archive
C88655,1,182039,Active,2014-04-15,,full
C88656,1,182040,Inactive,2014-04-15,2023-12-31,full
D81001,1,182046,Active,2014-04-15,,full
D81002,1,182047,Active,2014-04-15,,full
D81003,1,182048,Active,2014-04-15,,full
D81004,1,182049,Active,2014-04-15,,full
D81005,1,182050,Active,2014-04-15,,full
D81006,1,182051,Inactive,2014-04-15,2016-06-30,archive
D81007,1,182052,Inactive,2014-04-15,2019-12-04,full
D81008,1,182053,Active,2014-04-15,,full
D81009,1,182054,Inactive,2014-04-15,2020-06-30,full
D81010,1,182055,Active,2014-04-15,,full
D81011,1,182056,Active,2014-04-15,,full
D81012,1,182057,Active,2014-04-15,,full
D81013,1,182058,Active,2014-04-15,,full
D81014,1,182059,Active,2014-04-15,,full
D81015,1,182060,Active,2014-04-15,,full
D81016,1,182061,Active,2014-04-15,,full
D81017,1,182062,Active,2014-04-15,,full
D81018,1,182063,Active,2014-04-15,,full
D81019,1,182064,Inactive,2014-04-15,2019-12-04,full
D81020,1,182065,Inactive,2014-04-15,2019-12-04,full
D81021,1,182066,Active,2014-04-15,,full
D81022,1,182067,Active,2014-04-15,,full
D81023,1,182068,Active,2014-04-15,,full
D81024,1,182069,Inactive,2014-04-15,2020-06-30,full
D81025,1,182070,Active,2014-04-15,,full
D81026,1,182071,Active,2014-04-15,,full
D81027,1,182072,Active,2014-04-15,,full
D81028,1,182073,Active,2014-04-15,,full
D81029,1,182074,Active,2014-04-15,,full
D81030,1,182075,Active,2014-04-15,,full
D81031,1,182076,Active,2014-04-15,,full
D81032,1,182077,Inactive,2014-04-15,2020-06-30,full
D81033,1,182078,Active,2014-04-15,,full
D81034,1,182079,Active,2014-04-15,,full
D81035,1,182080,Active,2014-04-15,,full
D81036,1,182081,Active,2014-04-15,,full
D81037,1,182082,Active,2014-04-15,,full
D81038,1,182083,Active,2014-04-15,,full
D81039,1,182084,Inactive,2014-04-15,2019-12-04,full
D81040,1,182085,Inactive,2014-04-15,2022-03-31,full
D81041,1,182086,Active,2014-04-15,,full
D81042,1,182087,Active,2014-04-15,,full
D81043,1,182088,Active,2014-04-15,,full
D81044,1,182089,Active,2014-04-15,,full
D81045,1,182090,Active,2014-04-15,,full
D81046,1,182091,Active,2014-04-15,,full
D81047,1,182092,Active,2014-04-15,,full
D81048,1,182093,Inactive,2014-04-15,2017-04-30,full
D81049,1,182094,Active,2014-04-15,,full
D81050,1,182095,Active,2014-04-15,,full
D81051,1,182096,Active,2014-04-15,,full
D81052,1,182097,Active,2014-04-15,,full
D81053,1,182098,Inactive,2014-04-15,2020-06-30,full
D81054,1,182099,Active,2014-04-15,,full
D81055,1,182100,Active,2014-04-15,,full
D81056,1,182101,Active,2014-04-15,,full
D81057,1,182102,Active,2014-04-15,,full
D81058,1,182103,Active,2014-04-15,,full
D81059,1,182104,Active,2014-04-15,,full
D81060,1,182105,Active,2014-04-15,,full
D81061,1,182106,Active,2014-04-15,,full
D81062,1,182107,Active,2014-04-15,,full
D81063,1,182108,Inactive,2014-04-15,2019-12-04,full
D81064,1,182109,Active,2014-04-15,,full
D81065,1,182110,Active,2014-04-15,,full
D81066,1,182111,Active,2014-04-15,,full
D81070,1,182114,Active,2014-04-15,,full
D81071,1,182115,Inactive,2014-04-15,2018-09-30,full
D81073,1,182116,Active,2014-04-15,,full
D81074,1,182117,Inactive,2014-04-15,2019-12-04,full
D81078,1,182119,Active,2014-04-15,,full
D81081,1,182120,Active,2014-04-15,,full
D81082,1,182121,Active,2014-04-15,,full
D81084,1,182123,Active,2014-04-15,,full
D81085,1,182124,Active,2014-04-15,,full
D81086,1,182125,Active,2014-04-15,,full
D81087,1,182126,Inactive,2014-04-15,2019-07-31,full
D81602,1,182128,Inactive,2014-04-15,2025-12-31,full
D81603,1,182129,Active,2014-04-15,,full
D81605,1,182130,Inactive,2014-04-15,2019-12-04,full
D81606,1,182131,Active,2014-04-15,,full
D81607,1,182132,Active,2014-04-15,,full
D81611,1,182135,Active,2014-04-15,,full
D81612,1,182136,Active,2014-04-15,,full
D81615,1,182139,Active,2014-04-15,,full
D81616,1,182140,Inactive,2014-04-15,2019-12-04,full
D81618,1,182141,Active,2014-04-15,,full
D81619,1,182142,Inactive,2014-04-15,2020-06-30,full
D81620,1,182143,Inactive,2014-04-15,2018-05-02,full
D81622,1,182144,Active,2014-04-15,,full
D81623,1,182145,Inactive,2014-04-15,2021-06-30,full
D81624,1,182146,Inactive,2014-04-15,2021-01-31,full
D81625,1,182147,Active,2014-04-15,,full
D81629,1,182150,Active,2014-04-15,,full
D81630,1,182151,Active,2014-04-15,,full
D81631,1,182152,Active,2014-04-15,,full
D81633,1,182154,Active,2014-04-15,,full
D81637,1,182158,Active,2014-04-15,,full
D81645,1,182166,Active,2014-04-15,,full
D82001,1,182172,Active,2014-04-15,,full
D82002,1,182173,Active,2014-04-15,,full
D82003,1,182174,Active,2014-04-15,,full
D82004,1,182175,Active,2014-04-15,,full
D82005,1,182176,Active,2014-04-15,,full
D82006,1,182177,Active,2014-04-15,,full
D82007,1,182178,Active,2014-04-15,,full
D82008,1,182179,Active,2014-04-15,,full
D82009,1,182180,Active,2014-04-15,,full
D82010,1,182181,Active,2014-04-15,,full
D82011,1,182182,Active,2014-04-15,,full
D82012,1,182183,Active,2014-04-15,,full
D82013,1,182184,Active,2014-04-15,,full
D82015,1,182185,Active,2014-04-15,,full
D82016,1,182186,Active,2014-04-15,,full
D82017,1,182187,Active,2014-04-15,,full
D82018,1,182188,Active,2014-04-15,,full
D82019,1,182189,Active,2014-04-15,,full
D82020,1,182190,Active,2014-04-15,,full
D82021,1,182191,Inactive,2014-04-15,2015-10-07,archive
D82022,1,182192,Active,2014-04-15,,full
D82023,1,182193,Active,2014-04-15,,full
D82024,1,182194,Active,2014-04-15,,full
D82025,1,182195,Active,2014-04-15,,full
D82026,1,182196,Active,2014-04-15,,full
D82027,1,182197,Active,2014-04-15,,full
D82028,1,182198,Active,2014-04-15,,full
D82029,1,182199,Active,2014-04-15,,full
D82030,1,182200,Active,2014-04-15,,full
D82031,1,182201,Active,2014-04-15,,full
D82032,1,182202,Active,2014-04-15,,full
D82033,1,182203,Inactive,2012-09-30,2012-09-30,archive
D82034,1,182204,Active,2014-04-15,,full
D82035,1,182205,Active,2014-04-15,,full
D82036,1,182206,Active,2014-04-15,,full
D82037,1,182207,Active,2014-04-15,,full
D82038,1,182208,Active,2014-04-15,,full
D82039,1,182209,Active,2014-04-15,,full
D82040,1,182210,Active,2014-04-15,,full
D82041,1,182211,Active,2014-04-15,,full
D82042,1,182212,Active,2014-04-15,,full
D82043,1,182213,Active,2014-04-15,,full
D82044,1,182214,Active,2014-04-15,,full
D82045,1,182215,Active,2014-04-15,,full
D82046,1,182216,Active,2014-04-15,,full
D82047,1,182217,Active,2014-04-15,,full
D82048,1,182218,Active,2014-04-15,,full
D82049,1,182219,Active,2014-04-15,,full
D82050,1,182220,Active,2014-04-15,,full
D82051,1,182221,Active,2014-04-15,,full
D82053,1,182222,Active,2014-04-15,,full
D82054,1,182223,Active,2014-04-15,,full
D82055,1,182224,Inactive,2014-04-15,2015-10-14,archive
D82056,1,182225,Active,2014-04-15,,full
D82057,1,182226,Active,2014-04-15,,full
D82058,1,182227,Active,2014-04-15,,full
D82059,1,182228,Active,2014-04-15,,full
D82060,1,182229,Active,2014-04-15,,full
D82062,1,182231,Active,2014-04-15,,full
D82063,1,182232,Active,2014-04-15,,full
D82064,1,182233,Active,2014-04-15,,full
D82065,1,182234,Active,2014-04-15,,full
D82066,1,182235,Active,2014-04-15,,full
D82067,1,182236,Active,2014-04-15,,full
D82068,1,182237,Active,2014-04-15,,full
D82069,1,182238,Inactive,2014-04-15,2020-07-31,full
D82070,1,182239,Active,2014-04-15,,full
D82071,1,182240,Active,2014-04-15,,full
D82072,1,182241,Active,2014-04-15,,full
D82073,1,182242,Active,2014-04-15,,full
D82076,1,182243,Active,2014-04-15,,full
D82078,1,182244,Active,2014-04-15,,full
D82079,1,182245,Active,2014-04-15,,full
D82080,1,182246,Active,2014-04-15,,full
D82081,1,182247,Inactive,2014-04-15,2019-05-01,full
D82084,1,182249,Active,2014-04-15,,full
D82085,1,182250,Active,2014-04-15,,full
D82086,1,182251,Inactive,2014-04-15,2015-05-31,archive
D82087,1,182252,Active,2014-04-15,,full
D82088,1,182253,Active,2014-04-15,,full
D82092,1,182255,Inactive,2012-09-30,2012-09-30,archive
D82096,1,182256,Active,2014-04-15,,full
D82098,1,182257,Inactive,2014-04-15,2017-07-05,full
D82099,1,182258,Active,2014-04-15,,full
D82100,1,182259,Active,2014-04-15,,full
D82102,1,182260,Inactive,2014-04-15,2017-04-30,full
D82103,1,182261,Inactive,2014-04-15,2015-10-07,archive
D82104,1,182262,Active,2014-04-15,,full
D82105,1,182263,Active,2014-04-15,,full
D82106,1,182264,Active,2014-04-15,,full
D82600,1,182265,Active,2014-04-15,,full
D82604,1,182266,Active,2014-04-15,,full
D82613,1,182268,Inactive,2014-04-15,2019-12-04,full
D82615,1,182269,Inactive,2014-04-15,2014-09-30,archive
D82618,1,182270,Active,2014-04-15,,full
D82620,1,182271,Inactive,2014-04-15,2015-02-25,archive
D82621,1,182272,Active,2014-04-15,,full
D82624,1,182274,Active,2014-04-15,,full
D82628,1,182278,Active,2014-04-15,,full
D82629,1,182279,Inactive,2014-04-15,2018-02-01,full
D82632,1,182282,Inactive,2014-04-15,2018-05-02,full
D83001,1,182293,Active,2014-04-15,,full
D83002,1,182294,Active,2014-04-15,,full
D83003,1,182295,Active,2014-04-15,,full
D83004,1,182296,Active,2014-04-15,,full
D83005,1,182297,Active,2014-04-15,,full
D83006,1,182298,Active,2014-04-15,,full
D83007,1,182299,Active,2014-04-15,,full
D83008,1,182300,Active,2014-04-15,,full
D83009,1,182301,Active,2014-04-15,,full
D83010,1,182302,Active,2014-04-15,,full
D83011,1,182303,Active,2014-04-15,,full
D83012,1,182304,Active,2014-04-15,,full
D83013,1,182305,Active,2014-04-15,,full
D83014,1,182306,Inactive,2014-04-15,2025-04-30,full
D83015,1,182307,Active,2014-04-15,,full
D83016,1,182308,Active,2014-04-15,,full
D83017,1,182309,Active,2014-04-15,,full
D83018,1,182310,Active,2014-04-15,,full
D83019,1,182311,Active,2014-04-15,,full
D83020,1,182312,Active,2014-04-15,,full
D83021,1,182313,Active,2014-04-15,,full
D83022,1,182314,Active,2014-04-15,,full
D83023,1,182315,Active,2014-04-15,,full
D83024,1,182316,Active,2014-04-15,,full
D83026,1,182318,Active,2014-04-15,,full
D83027,1,182319,Active,2014-04-15,,full
D83028,1,182320,Active,2014-04-15,,full
D83029,1,182321,Active,2014-04-15,,full
D83030,1,182322,Active,2014-04-15,,full
D83033,1,182324,Active,2014-04-15,,full
D83034,1,182325,Active,2014-04-15,,full
D83035,1,182326,Active,2014-04-15,,full
D83036,1,182327,Inactive,2014-04-15,2021-01-31,full
D83037,1,182328,Active,2014-04-15,,full
D83038,1,182329,Active,2014-04-15,,full
D83039,1,182330,Inactive,2014-04-15,2022-07-31,full
D83040,1,182331,Active,2014-04-15,,full
D83041,1,182332,Active,2014-04-15,,full
D83043,1,182333,Active,2014-04-15,,full
D83044,1,182334,Active,2014-04-15,,full
D83045,1,182335,Active,2014-04-15,,full
D83046,1,182336,Active,2014-04-15,,full
D83047,1,182337,Active,2014-04-15,,full
D83048,1,182338,Active,2014-04-15,,full
D83049,1,182339,Active,2014-04-15,,full
D83050,1,182340,Active,2014-04-15,,full
D83051,1,182341,Active,2014-04-15,,full
D83052,1,182342,Inactive,2014-04-15,2016-06-08,archive
D83053,1,182343,Active,2014-04-15,,full
D83054,1,182344,Active,2014-04-15,,full
D83055,1,182345,Active,2014-04-15,,full
D83056,1,182346,Active,2014-04-15,,full
D83057,1,182347,Active,2014-04-15,,full
D83058,1,182348,Inactive,2014-04-15,2022-07-31,full
D83059,1,182349,Active,2014-04-15,,full
D83060,1,182350,Active,2014-04-15,,full
D83061,1,182351,Active,2014-04-15,,full
D83062,1,182352,Active,2014-04-15,,full
D83064,1,182353,Active,2014-04-15,,full
D83067,1,182355,Active,2014-04-15,,full
D83069,1,182356,Active,2014-04-15,,full
D83070,1,182357,Active,2014-04-15,,full
D83071,1,182358,Inactive,2014-04-15,2017-01-27,archive
D83073,1,182359,Active,2014-04-15,,full
D83074,1,182360,Active,2014-04-15,,full
D83075,1,182361,Active,2014-04-15,,full
D83076,1,182362,Active,2014-04-15,,full
D83078,1,182364,Inactive,2014-04-15,2014-11-18,full
D83078,2,230281,Active,2015-02-26,,full
D83079,1,182365,Active,2014-04-15,,full
D83080,1,182366,Active,2014-04-15,,full
D83081,1,182367,Active,2014-04-15,,full
D83082,1,182368,Inactive,2014-04-15,2021-06-30,full
D83084,1,182370,Active,2014-04-15,,full
D83608,1,182373,Active,2014-04-15,,full
D83610,1,182374,Active,2014-04-15,,full
D83614,1,182376,Inactive,2014-04-15,2014-08-31,archive
D83615,1,182377,Inactive,2014-04-15,2022-07-31,full
D83618,1,182378,Inactive,2014-04-15,2016-06-30,archive
D83619,1,182379,Inactive,2014-04-15,2018-09-30,full
E81001,1,182382,Inactive,2014-04-15,2024-10-31,full
E81002,1,182383,Active,2014-04-15,,full
E81003,1,182384,Active,2014-04-15,,full
E81004,1,182385,Active,2014-04-15,,full
E81005,1,182386,Active,2014-04-15,,full
E81006,1,195332,Active,2014-04-15,,full
E81007,1,182387,Active,2014-04-15,,full
E81008,1,182388,Active,2014-04-15,,full
E81009,1,182389,Active,2014-04-15,,full
E81010,1,182390,Active,2014-04-15,,full
E81011,1,182391,Inactive,2014-04-15,2019-12-04,full
E81012,1,182392,Active,2014-04-15,,full
E81013,1,182393,Active,2014-04-15,,full
E81014,1,182394,Active,2014-04-15,,full
E81015,1,182395,Active,2014-04-15,,full
E81016,1,182396,Active,2014-04-15,,full
E81017,1,182397,Inactive,2014-04-15,2019-12-04,full
E81018,1,182398,Active,2014-04-15,,full
E81019,1,182399,Active,2014-04-15,,full
E81020,1,182400,Inactive,2014-04-15,2018-02-01,full
E81021,1,182401,Active,2014-04-15,,full
E81022,1,182402,Active,2014-04-15,,full
E81023,1,182403,Inactive,2014-04-15,2021-06-30,full
E81024,1,182404,Active,2014-04-15,,full
E81025,1,182405,Active,2014-04-15,,full
E81026,1,182406,Active,2014-04-15,,full
E81027,1,182407,Active,2014-04-15,,full
E81028,1,182408,Active,2014-04-15,,full
E81029,1,182409,Active,2014-04-15,,full
E81030,1,182410,Active,2014-04-15,,full
E81031,1,182411,Active,2014-04-15,,full
E81032,1,182412,Active,2014-04-15,,full
E81033,1,182413,Active,2014-04-15,,full
E81034,1,182414,Active,2014-04-15,,full
E81035,1,182415,Active,2014-04-15,,full
E81036,1,182416,Active,2014-04-15,,full
E81037,1,182417,Active,2014-04-15,,full
E81038,1,182418,Active,2014-04-15,,full
E81040,1,182420,Active,2014-04-15,,full
E81041,1,182421,Active,2014-04-15,,full
E81043,1,182422,Active,2014-04-15,,full
E81044,1,182423,Active,2014-04-15,,full
E81045,1,182424,Active,2014-04-15,,full
E81046,1,182425,Active,2014-04-15,,full
E81047,1,182426,Active,2014-04-15,,full
E81048,1,182427,Active,2014-04-15,,full
E81049,1,182428,Active,2014-04-15,,full
E81050,1,182429,Active,2014-04-15,,full
E81052,1,182431,Active,2014-04-15,,full
E81054,1,182432,Inactive,2014-04-15,2020-07-31,full
E81056,1,182433,Inactive,2014-04-15,2022-03-31,full
E81057,1,182434,Active,2014-04-15,,full
E81058,1,182435,Inactive,2012-09-30,2012-09-30,archive
E81059,1,182436,Inactive,2014-04-15,2020-07-31,full
E81060,1,182437,Active,2014-04-15,,full
E81061,1,182438,Active,2014-04-15,,full
E81062,1,182439,Inactive,2014-04-15,2019-04-30,full
E81063,1,182440,Active,2014-04-15,,full
E81064,1,182441,Inactive,2014-04-15,2025-02-28,full
E81065,1,182442,Inactive,2014-04-15,2023-12-31,full
E81069,1,182444,Active,2014-04-15,,full
E81072,1,182445,Inactive,2014-04-15,2017-11-01,full
E81073,1,182446,Active,2014-04-15,,full
E81074,1,182447,Active,2014-04-15,,full
E81075,1,182448,Inactive,2014-04-15,2019-04-30,full
E81076,1,182449,Active,2014-04-15,,full
E81077,1,182450,Inactive,2014-04-15,2024-06-30,full
E81604,1,182451,Inactive,2012-09-30,2012-09-30,archive
E81611,1,182456,Inactive,2014-04-15,2022-07-31,full
E81612,1,182457,Active,2014-04-15,,full
E81615,1,182459,Active,2014-04-15,,full
E81617,1,182460,Active,2014-04-15,,full
E81618,1,182461,Inactive,2014-04-15,2016-08-10,archive
E81623,1,182464,Inactive,2012-09-30,2012-09-30,archive
E81626,1,182466,Inactive,2014-04-15,2018-09-30,full
E81631,1,182469,Active,2014-04-15,,full
E81632,1,182470,Active,2014-04-15,,full
E81633,1,182471,Active,2014-04-15,,full
E81635,1,182472,Active,2014-04-15,,full
E81636,1,182473,Inactive,2014-04-15,2018-07-04,full
E82001,1,182478,Active,2014-04-15,,full
E82002,1,182479,Active,2014-04-15,,full
E82004,1,182480,Active,2014-04-15,,full
E82005,1,182481,Active,2014-04-15,,full
E82006,1,182482,Active,2014-04-15,,full
E82007,1,182483,Active,2014-04-15,,full
E82008,1,182484,Active,2014-04-15,,full
E82009,1,182485,Active,2014-04-15,,full
E82011,1,182486,Inactive,2014-04-15,2018-04-30,full
E82012,1,182487,Active,2014-04-15,,full
E82013,1,182488,Active,2014-04-15,,full
E82014,1,182489,Active,2014-04-15,,full
E82015,1,182490,Active,2014-04-15,,full
E82017,1,182492,Active,2014-04-15,,full
E82018,1,182493,Active,2014-04-15,,full
E82019,1,182494,Active,2014-04-15,,full
E82020,1,182495,Active,2014-04-15,,full
E82021,1,182496,Active,2014-04-15,,full
E82022,1,182497,Active,2014-04-15,,full
E82023,1,182498,Active,2014-04-15,,full
E82024,1,182499,Active,2014-04-15,,full
E82025,1,182500,Inactive,2014-04-15,2019-04-30,full
E82027,1,182501,Active,2014-04-15,,full
E82028,1,182502,Inactive,2014-04-15,2021-06-30,full
E82031,1,182504,Active,2014-04-15,,full
E82032,1,182505,Active,2014-04-15,,full
E82034,1,182506,Inactive,2014-04-15,2021-08-31,full
E82035,1,182507,Active,2014-04-15,,full
E82037,1,182508,Active,2014-04-15,,full
E82038,1,182509,Active,2014-04-15,,full
E82039,1,182510,Inactive,2014-04-15,2018-09-30,full
E82040,1,182511,Active,2014-04-15,,full
E82041,1,182512,Active,2014-04-15,,full
E82042,1,182513,Active,2014-04-15,,full
E82043,1,182514,Active,2014-04-15,,full
E82044,1,182515,Active,2014-04-15,,full
E82045,1,182516,Active,2014-04-15,,full
E82046,1,182517,Active,2014-04-15,,full
E82048,1,182518,Inactive,2014-04-15,2024-06-30,full
E82049,1,182519,Inactive,2014-04-15,2025-06-30,full
E82050,1,182520,Active,2014-04-15,,full
E82051,1,182521,Active,2014-04-15,,full
E82053,1,182522,Active,2014-04-15,,full
E82054,1,182523,Inactive,2014-04-15,2020-06-30,full
E82055,1,182524,Active,2014-04-15,,full
E82056,1,182525,Active,2014-04-15,,full
E82057,1,182526,Inactive,2014-04-15,2021-06-30,full
E82058,1,182527,Active,2014-04-15,,full
E82059,1,195334,Active,2014-04-15,,full
E82060,1,182528,Active,2014-04-15,,full
E82061,1,182529,Active,2014-04-15,,full
E82062,1,182530,Active,2014-04-15,,full
E82063,1,182531,Active,2014-04-15,,full
E82064,1,182532,Active,2014-04-15,,full
E82066,1,182534,Active,2014-04-15,,full
E82067,1,182535,Active,2014-04-15,,full
E82068,1,182536,Active,2014-04-15,,full
E82069,1,182537,Active,2014-04-15,,full
E82070,1,182538,Active,2014-04-15,,full
E82071,1,182539,Active,2014-04-15,,full
E82072,1,182540,Inactive,2014-04-15,2024-03-31,full
E82073,1,182541,Active,2014-04-15,,full
E82074,1,182542,Active,2014-04-15,,full
E82075,1,182543,Active,2014-04-15,,full
E82076,1,182544,Inactive,2014-04-15,2019-12-04,full
E82077,1,182545,Active,2014-04-15,,full
E82078,1,182546,Active,2014-04-15,,full
E82079,1,182547,Active,2014-04-15,,full
E82080,1,182548,Inactive,2014-04-15,2020-06-30,full
E82081,1,182549,Active,2014-04-15,,full
E82082,1,182550,Active,2014-04-15,,full
E82083,1,182551,Active,2014-04-15,,full
E82084,1,182552,Active,2014-04-15,,full
E82085,1,182553,Active,2014-04-15,,full
E82086,1,182554,Active,2014-04-15,,full
E82088,1,182555,Active,2014-04-15,,full
E82089,1,182556,Inactive,2014-04-15,2023-12-31,full
E82090,1,182557,Active,2014-04-15,,full
E82091,1,182558,Active,2014-04-15,,full
E82092,1,182559,Active,2014-04-15,,full
E82093,1,182560,Active,2014-04-15,,full
E82094,1,182561,Active,2014-04-15,,full
E82095,1,182562,Inactive,2014-04-15,2019-12-04,full
E82096,1,182563,Active,2014-04-15,,full
E82098,1,182565,Active,2014-04-15,,full
E82099,1,182566,Active,2014-04-15,,full
E82100,1,182567,Active,2014-04-15,,full
E82102,1,182568,Active,2014-04-15,,full
E82104,1,182570,Inactive,2014-04-15,2025-04-30,full
E82105,1,182571,Active,2014-04-15,,full
E82106,1,182572,Active,2014-04-15,,full
E82107,1,182573,Active,2014-04-15,,full
E82109,1,182574,Inactive,2014-04-15,2021-06-30,full
E82111,1,182575,Active,2014-04-15,,full
E82113,1,182577,Active,2014-04-15,,full
E82115,1,182578,Active,2014-04-15,,full
E82117,1,182579,Active,2014-04-15,,full
E82121,1,182580,Active,2014-04-15,,full
E82123,1,182581,Active,2014-04-15,,full
E82124,1,182582,Active,2014-04-15,,full
E82126,1,182583,Inactive,2014-04-15,2021-06-30,full
E82129,1,182585,Active,2014-04-15,,full
E82130,1,182586,Inactive,2014-04-15,2023-12-31,full
E82131,1,182587,Inactive,2014-04-15,2022-07-31,full
E82132,1,182588,Active,2014-04-15,,full
E82133,1,182589,Active,2014-04-15,,full
E82603,1,182591,Inactive,2014-04-15,2021-06-30,full
E82613,1,182592,Inactive,2014-04-15,2019-12-04,full
E82620,1,182593,Inactive,2014-04-15,2022-03-31,full
E82624,1,182595,Inactive,2014-04-15,2017-11-01,full
E82626,1,182596,Active,2014-04-15,,full
E82627,1,182597,Inactive,2014-04-15,2019-01-31,full
E82630,1,182598,Inactive,2014-04-15,2019-12-04,full
E82638,1,182600,Active,2014-04-15,,full
E82640,1,182601,Inactive,2014-04-15,2025-07-31,full
E82641,1,182602,Inactive,2014-04-15,2022-03-31,full
E82643,1,182603,Active,2014-04-15,,full
E82644,1,182604,Inactive,2014-04-15,2023-12-31,full
E82652,1,182606,Active,2014-04-15,,full
E82653,1,182607,Inactive,2014-04-15,2016-06-08,archive
E82654,1,182608,Active,2014-04-15,,full
E82655,1,182609,Active,2014-04-15,,full
E82656,1,182610,Inactive,2014-04-15,2019-12-04,full
E82657,1,182611,Active,2014-04-15,,full
E82658,1,182612,Inactive,2014-04-15,2017-11-01,full
E82661,1,182613,Active,2014-04-15,,full
E82663,1,182615,Inactive,2014-04-15,2018-12-20,full
E83003,1,182624,Active,2014-04-15,,full
E83005,1,182625,Active,2014-04-15,,full
E83006,1,182626,Active,2014-04-15,,full
E83007,1,182627,Active,2014-04-15,,full
E83008,1,182628,Active,2014-04-15,,full
E83009,1,182629,Active,2014-04-15,,full
E83010,1,182630,Active,2014-04-15,,full
E83011,1,182631,Active,2014-04-15,,full
E83012,1,182632,Active,2014-04-15,,full
E83013,1,182633,Active,2014-04-15,,full
E83016,1,182636,Active,2014-04-15,,full
E83017,1,182637,Active,2014-04-15,,full
E83018,1,182638,Active,2014-04-15,,full
E83020,1,182639,Active,2014-04-15,,full
E83021,1,182640,Active,2014-04-15,,full
E83024,1,182643,Active,2014-04-15,,full
E83025,1,182644,Active,2014-04-15,,full
E83026,1,182645,Active,2014-04-15,,full
E83027,1,182646,Active,2014-04-15,,full
E83028,1,182647,Active,2014-04-15,,full
E83030,1,182649,Active,2014-04-15,,full
E83031,1,182650,Active,2014-04-15,,full
E83032,1,182651,Active,2014-04-15,,full
E83034,1,182652,Active,2014-04-15,,full
E83035,1,182653,Active,2014-04-15,,full
E83036,1,182654,Inactive,2014-04-15,2022-03-31,full
E83037,1,182655,Inactive,2014-04-15,2024-06-30,full
E83038,1,182656,Active,2014-04-15,,full
E83039,1,182657,Active,2014-04-15,,full
E83040,1,182658,Inactive,2014-04-15,2015-02-25,archive
E83041,1,182659,Active,2014-04-15,,full
E83042,1,182660,Inactive,2014-04-15,2018-07-04,full
E83044,1,182661,Active,2014-04-15,,full
E83045,1,182662,Active,2014-04-15,,full
E83046,1,182663,Active,2014-04-15,,full
E83049,1,182664,Active,2014-04-15,,full
E83050,1,182665,Active,2014-04-15,,full
E83053,1,182668,Active,2014-04-15,,full
E83600,1,182669,Active,2014-04-15,,full
E83613,1,182670,Active,2014-04-15,,full
E83621,1,182671,Active,2014-04-15,,full
E83622,1,182672,Active,2014-04-15,,full
E83624,1,182673,Inactive,2014-04-15,2020-06-30,full
E83629,1,182677,Inactive,2014-04-15,2020-06-30,full
E83631,1,182679,Inactive,2014-04-15,2019-01-31,full
E83632,1,182680,Inactive,2014-04-15,2020-06-30,full
E83633,1,182681,Inactive,2014-04-15,2019-01-31,full
E83637,1,182685,Active,2014-04-15,,full
E83638,1,182686,Active,2014-04-15,,full
E83639,1,182687,Active,2014-04-15,,full
E83640,1,182688,Inactive,2014-04-15,2017-01-31,archive
E83644,1,182689,Inactive,2014-04-15,2019-05-01,full
E83645,1,182690,Inactive,2014-04-15,2016-08-10,archive
E83649,1,182692,Active,2014-04-15,,full
E83650,1,182693,Inactive,2014-04-15,2023-12-31,full
E83651,1,182694,Inactive,2014-04-15,2016-08-17,archive
E83652,1,182695,Inactive,2014-04-15,2016-08-10,archive
E83653,1,182696,Active,2014-04-15,,full
E83654,1,182697,Inactive,2014-04-15,2019-05-01,full
E83656,1,182699,Inactive,2014-04-15,2018-12-20,full
E83657,1,182700,Inactive,2014-04-15,2024-06-30,full
E83658,1,182701,Inactive,2014-04-15,2019-05-01,full
E83659,1,182702,Inactive,2014-04-15,2016-06-08,archive
E83664,1,182706,Inactive,2014-04-15,2016-08-10,archive
E83666,1,182708,Active,2014-04-15,,full
E83668,1,182710,Active,2014-04-15,,full
E84002,1,182712,Active,2014-04-15,,full
E84003,1,182713,Active,2014-04-15,,full
E84004,1,182714,Active,2014-04-15,,full
E84005,1,182715,Active,2014-04-15,,full
E84006,1,182716,Active,2014-04-15,,full
E84007,1,182717,Active,2014-04-15,,full
E84008,1,182718,Active,2014-04-15,,full
E84009,1,182719,Active,2014-04-15,,full
E84011,1,182720,Active,2014-04-15,,full
E84012,1,182721,Active,2014-04-15,,full
E84013,1,182722,Active,2014-04-15,,full
E84014,1,182723,Active,2014-04-15,,full
E84015,1,182724,Active,2014-04-15,,full
E84017,1,182725,Active,2014-04-15,,full
E84018,1,182726,Active,2014-04-15,,full
E84019,1,182727,Inactive,2012-09-30,2012-09-30,archive
E84020,1,182728,Active,2014-04-15,,full
E84021,1,182729,Active,2014-04-15,,full
E84022,1,182730,Active,2014-04-15,,full
E84023,1,182731,Inactive,2014-04-15,2021-01-31,full
E84024,1,182732,Active,2014-04-15,,full
E84025,1,182733,Active,2014-04-15,,full
E84026,1,182734,Inactive,2014-04-15,2019-07-31,full
E84028,1,182735,Active,2014-04-15,,full
E84029,1,182736,Inactive,2014-04-15,2019-05-01,full
E84030,1,182737,Active,2014-04-15,,full
E84031,1,182738,Active,2014-04-15,,full
E84032,1,182739,Active,2014-04-15,,full
E84033,1,182740,Active,2014-04-15,,full
E84036,1,182742,Active,2014-04-15,,full
E84039,1,182743,Active,2014-04-15,,full
E84040,1,182744,Active,2014-04-15,,full
E84042,1,182745,Active,2014-04-15,,full
E84044,1,182746,Active,2014-04-15,,full
E84048,1,182747,Active,2014-04-15,,full
E84049,1,182748,Active,2014-04-15,,full
E84051,1,182750,Active,2014-04-15,,full
E84053,1,182751,Active,2014-04-15,,full
E84056,1,182752,Inactive,2014-04-15,2018-09-30,full
E84057,1,182753,Active,2014-04-15,,full
E84058,1,182754,Active,2014-04-15,,full
E84059,1,182755,Active,2014-04-15,,full
E84061,1,182756,Active,2014-04-15,,full
E84062,1,182757,Active,2014-04-15,,full
E84063,1,182758,Active,2014-04-15,,full
E84064,1,182759,Inactive,2014-04-15,2016-09-07,archive
E84066,1,182760,Active,2014-04-15,,full
E84067,1,182761,Active,2014-04-15,,full
E84068,1,182762,Active,2014-04-15,,full
E84069,1,182763,Active,2014-04-15,,full
E84070,1,182764,Active,2014-04-15,,full
E84074,1,182767,Active,2014-04-15,,full
E84075,1,182768,Active,2014-04-15,,full
E84076,1,182769,Active,2014-04-15,,full
E84077,1,182770,Inactive,2014-04-15,2020-07-31,full
E84078,1,182771,Active,2014-04-15,,full
E84079,1,182772,Inactive,2012-09-30,2012-09-30,archive
E84080,1,182773,Active,2014-04-15,,full
E84083,1,182774,Active,2014-04-15,,full
E84084,1,182775,Inactive,2014-04-15,2018-09-30,full
E84086,1,182776,Active,2014-04-15,,full
E84601,1,182777,Active,2014-04-15,,full
E84617,1,182780,Active,2014-04-15,,full
E84620,1,182781,Active,2014-04-15,,full
E84624,1,182782,Inactive,2014-04-15,2020-11-30,full
E84626,1,182783,Active,2014-04-15,,full
E84627,1,182784,Inactive,2012-09-30,2012-09-30,archive
E84635,1,182785,Active,2014-04-15,,full
E84637,1,182787,Active,2014-04-15,,full
E84638,1,182788,Active,2014-04-15,,full
E84645,1,182789,Active,2014-04-15,,full
E84646,1,182790,Active,2014-04-15,,full
E84647,1,182791,Active,2014-04-15,,full
E84649,1,182792,Inactive,2013-07-31,2013-07-31,archive
E84653,1,182794,Active,2014-04-15,,full
E84656,1,182796,Active,2014-04-15,,full
E84657,1,182797,Inactive,2014-04-15,2018-12-20,full
E84658,1,182798,Active,2014-04-15,,full
E84661,1,182801,Inactive,2014-04-15,2016-08-10,archive
E84662,1,182802,Inactive,2012-09-30,2012-09-30,archive
E84663,1,182803,Active,2014-04-15,,full
E84665,1,182804,Active,2014-04-15,,full
E84667,1,182805,Inactive,2014-04-15,2021-01-31,full
E84669,1,182807,Inactive,2014-04-15,2019-12-04,full
E84670,1,182808,Inactive,2014-04-15,2016-02-29,archive
E84674,1,182809,Active,2014-04-15,,full
E84676,1,182810,Active,2014-04-15,,full
E84678,1,182811,Active,2014-04-15,,full
E84680,1,182812,Active,2014-04-15,,full
E84681,1,182813,Inactive,2014-04-15,2025-07-31,full
E84684,1,182815,Active,2014-04-15,,full
E84685,1,182816,Active,2014-04-15,,full
E84686,1,182817,Inactive,2012-09-30,2012-09-30,archive
E84690,1,182819,Inactive,2014-04-15,2019-12-04,full
E84693,1,182821,Active,2014-04-15,,full
E84696,1,182823,Inactive,2014-04-15,2021-08-31,full
E84699,1,182825,Active,2014-04-15,,full
E84701,1,182826,Active,2014-04-15,,full
E84702,1,182827,Active,2014-04-15,,full
E84704,1,182829,Active,2014-04-15,,full
E84705,1,182830,Inactive,2014-04-15,2019-12-04,full
E84706,1,182831,Inactive,2014-04-15,2017-07-05,full
E84708,1,182833,Inactive,2014-04-15,2018-02-01,full
E84709,1,182834,Active,2014-04-15,,full
E84713,1,182838,Inactive,2014-04-15,2023-12-31,full
E85001,1,182840,Active,2014-04-15,,full
E85003,1,182841,Active,2014-04-15,,full
E85004,1,182842,Active,2014-04-15,,full
E85005,1,182843,Active,2014-04-15,,full
E85006,1,182844,Active,2014-04-15,,full
E85007,1,182845,Active,2014-04-15,,full
E85008,1,182846,Active,2014-04-15,,full
E85012,1,182848,Active,2014-04-15,,full
E85013,1,182849,Active,2014-04-15,,full
E85014,1,182850,Active,2014-04-15,,full
E85015,1,182851,Active,2014-04-15,,full
E85016,1,182852,Active,2014-04-15,,full
E85018,1,182854,Inactive,2014-04-15,2023-12-31,full
E85019,1,182855,Active,2014-04-15,,full
E85020,1,182856,Active,2014-04-15,,full
E85021,1,182857,Active,2014-04-15,,full
E85022,1,182858,Inactive,2012-09-30,2012-09-30,archive
E85023,1,182859,Active,2014-04-15,,full
E85024,1,182860,Active,2014-04-15,,full
E85025,1,182861,Active,2014-04-15,,full
E85026,1,182862,Active,2014-04-15,,full
E85028,1,182863,Active,2014-04-15,,full
E85029,1,182864,Active,2014-04-15,,full
E85030,1,182865,Active,2014-04-15,,full
E85032,1,182867,Active,2014-04-15,,full
E85033,1,182868,Active,2014-04-15,,full
E85034,1,182869,Active,2014-04-15,,full
E85035,1,182870,Active,2014-04-15,,full
E85038,1,182873,Active,2014-04-15,,full
E85039,1,182874,Inactive,2012-09-30,2012-09-30,archive
E85040,1,182875,Active,2014-04-15,,full
E85041,1,182876,Active,2014-04-15,,full
E85042,1,182877,Active,2014-04-15,,full
E85044,1,182878,Inactive,2014-04-15,2018-05-02,full
E85045,1,182879,Active,2014-04-15,,full
E85046,1,182880,Active,2014-04-15,,full
E85048,1,182881,Active,2014-04-15,,full
E85049,1,182882,Active,2014-04-15,,full
E85050,1,182883,Active,2014-04-15,,full
E85051,1,182884,Active,2014-04-15,,full
E85052,1,182885,Active,2014-04-15,,full
E85053,1,182886,Active,2014-04-15,,full
E85054,1,182887,Active,2014-04-15,,full
E85055,1,182888,Active,2014-04-15,,full
E85056,1,182889,Active,2014-04-15,,full
E85057,1,182890,Active,2014-04-15,,full
E85058,1,182891,Active,2014-04-15,,full
E85059,1,182892,Active,2014-04-15,,full
E85060,1,182893,Active,2014-04-15,,full
E85061,1,182894,Active,2014-04-15,,full
E85062,1,182895,Active,2014-04-15,,full
E85064,1,182896,Active,2014-04-15,,full
E85066,1,182897,Active,2014-04-15,,full
E85069,1,182899,Active,2014-04-15,,full
E85071,1,182900,Active,2014-04-15,,full
E85074,1,182902,Active,2014-04-15,,full
E85075,1,182903,Active,2014-04-15,,full
E85077,1,182904,Active,2014-04-15,,full
E85083,1,182905,Active,2014-04-15,,full
E85088,1,182906,Active,2014-04-15,,full
E85090,1,182907,Active,2014-04-15,,full
E85091,1,182908,Active,2014-04-15,,full
E85096,1,182910,Active,2014-04-15,,full
E85098,1,182911,Active,2014-04-15,,full
E85099,1,182912,Active,2014-04-15,,full
E85103,1,182913,Active,2014-04-15,,full
E85105,1,182914,Inactive,2014-04-15,2022-03-31,full
E85107,1,182915,Active,2014-04-15,,full
E85108,1,182916,Active,2014-04-15,,full
E85109,1,182917,Active,2014-04-15,,full
E85110,1,182918,Inactive,2014-04-15,2019-04-30,full
E85111,1,182919,Active,2014-04-15,,full
E85112,1,182920,Active,2014-04-15,,full
E85113,1,182921,Active,2014-04-15,,full
E85114,1,182922,Active,2014-04-15,,full
E85115,1,182923,Active,2014-04-15,,full
E85116,1,182924,Active,2014-04-15,,full
E85117,1,182925,Inactive,2014-04-15,2019-01-31,full
E85118,1,182926,Active,2014-04-15,,full
E85119,1,182927,Active,2014-04-15,,full
E85120,1,182928,Active,2014-04-15,,full
E85121,1,182929,Active,2014-04-15,,full
E85122,1,182930,Active,2014-04-15,,full
E85123,1,182931,Active,2014-04-15,,full
E85124,1,182932,Active,2014-04-15,,full
E85125,1,182933,Active,2014-04-15,,full
E85126,1,182934,Active,2014-04-15,,full
E85127,1,182935,Active,2014-04-15,,full
E85128,1,182936,Active,2014-04-15,,full
E85129,1,182937,Active,2014-04-15,,full
E85130,1,182938,Active,2014-04-15,,full
E85600,1,182939,Active,2014-04-15,,full
E85605,1,182940,Active,2014-04-15,,full
E85617,1,182942,Active,2014-04-15,,full
E85623,1,182944,Active,2014-04-15,,full
E85624,1,182945,Active,2014-04-15,,full
E85625,1,182946,Inactive,2014-04-15,2025-04-30,full
E85628,1,182947,Active,2014-04-15,,full
E85630,1,182948,Inactive,2014-04-15,2023-12-31,full
E85633,1,182949,Active,2014-04-15,,full
E85635,1,182950,Active,2014-04-15,,full
E85636,1,182951,Active,2014-04-15,,full
E85640,1,182953,Active,2014-04-15,,full
E85643,1,182954,Active,2014-04-15,,full
E85644,1,195338,Inactive,2012-09-30,2012-09-30,archive
E85649,1,182958,Active,2014-04-15,,full
E85656,1,182963,Active,2014-04-15,,full
E85657,1,182964,Active,2014-04-15,,full
E85658,1,182965,Active,2014-04-15,,full
E85659,1,182966,Active,2014-04-15,,full
E85663,1,182968,Active,2014-04-15,,full
E85671,1,182969,Inactive,2012-09-30,2012-09-30,archive
E85672,1,182970,Inactive,2014-04-15,2022-03-31,full
E85673,1,182971,Inactive,2014-04-15,2018-12-20,full
E85677,1,182972,Active,2014-04-15,,full
E85680,1,182974,Active,2014-04-15,,full
E85681,1,182975,Active,2014-04-15,,full
E85682,1,182976,Active,2014-04-15,,full
E85683,1,182977,Active,2014-04-15,,full
E85685,1,182978,Active,2014-04-15,,full
E85686,1,182979,Inactive,2014-04-15,2018-09-30,full
E85687,1,182980,Active,2014-04-15,,full
E85691,1,182981,Inactive,2012-09-30,2012-09-30,archive
E85692,1,182982,Inactive,2014-04-15,2025-04-30,full
E85693,1,182983,Active,2014-04-15,,full
E85694,1,182984,Active,2014-04-15,,full
E85696,1,182985,Active,2014-04-15,,full
E85697,1,182986,Active,2014-04-15,,full
E85699,1,182988,Active,2014-04-15,,full
E85700,1,182989,Inactive,2014-04-15,2020-06-30,full
E85705,1,182991,Inactive,2014-04-15,2018-04-30,full
E85707,1,182992,Active,2014-04-15,,full
E85708,1,182993,Active,2014-04-15,,full
E85712,1,182996,Active,2014-04-15,,full
E85713,1,182997,Active,2014-04-15,,full
E85714,1,182998,Inactive,2014-04-15,2024-06-30,full
E85715,1,182999,Active,2014-04-15,,full
E85716,1,183000,Active,2014-04-15,,full
E85717,1,183001,Inactive,2012-09-30,2012-09-30,archive
E85718,1,183002,Active,2014-04-15,,full
E85719,1,183003,Active,2014-04-15,,full
E85721,1,183004,Active,2014-04-15,,full
E85723,1,183005,Inactive,2014-04-15,2022-03-31,full
E85724,1,183006,Inactive,2014-04-15,2017-01-04,archive
E85725,1,183007,Active,2014-04-15,,full
E85726,1,183008,Active,2014-04-15,,full
E85727,1,183009,Inactive,2014-04-15,2018-09-30,full
E85728,1,183010,Inactive,2014-04-15,2018-09-30,full
E85731,1,183012,Inactive,2014-04-15,2017-01-04,archive
E85732,1,183013,Inactive,2014-04-15,2018-09-30,full
E85733,1,183014,Inactive,2014-04-15,2019-12-04,full
E85734,1,183015,Active,2014-04-15,,full
E85735,1,183016,Active,2014-04-15,,full
E85736,1,183017,Active,2014-04-15,,full
E85739,1,183018,Active,2014-04-15,,full
E85740,1,183019,Inactive,2014-04-15,2023-12-31,full
E85743,1,183021,Active,2014-04-15,,full
E85744,1,183022,Active,2014-04-15,,full
E85745,1,183023,Active,2014-04-15,,full
E85746,1,183024,Active,2014-04-15,,full
E85748,1,183026,Active,2014-04-15,,full
E85750,1,183028,Active,2014-04-15,,full
E85755,1,183033,Inactive,2014-04-15,2018-02-01,full
E86001,1,183035,Active,2014-04-15,,full
E86003,1,183036,Inactive,2014-04-15,2023-12-31,full
E86004,1,183037,Active,2014-04-15,,full
E86005,1,183038,Active,2014-04-15,,full
E86006,1,183039,Active,2014-04-15,,full
E86007,1,183040,Active,2014-04-15,,full
E86009,1,183041,Active,2014-04-15,,full
E86010,1,183042,Active,2014-04-15,,full
E86011,1,183043,Active,2014-04-15,,full
E86012,1,183044,Active,2014-04-15,,full
E86014,1,183045,Active,2014-04-15,,full
E86015,1,183046,Active,2014-04-15,,full
E86016,1,183047,Active,2014-04-15,,full
E86017,1,183048,Active,2014-04-15,,full
E86018,1,183049,Active,2014-04-15,,full
E86019,1,183050,Active,2014-04-15,,full
E86020,1,183051,Active,2014-04-15,,full
E86022,1,183052,Active,2014-04-15,,full
E86024,1,183054,Active,2014-04-15,,full
E86026,1,183055,Active,2014-04-15,,full
E86027,1,183056,Active,2014-04-15,,full
E86028,1,183057,Active,2014-04-15,,full
E86029,1,183058,Active,2014-04-15,,full
E86030,1,183059,Active,2014-04-15,,full
E86033,1,183060,Active,2014-04-15,,full
E86034,1,183061,Active,2014-04-15,,full
E86036,1,183062,Active,2014-04-15,,full
E86038,1,183063,Active,2014-04-15,,full
E86041,1,183064,Active,2014-04-15,,full
E86042,1,183065,Active,2014-04-15,,full
E86605,1,183066,Active,2014-04-15,,full
E86609,1,183067,Active,2014-04-15,,full
E86610,1,183068,Active,2014-04-15,,full
E86612,1,183069,Active,2014-04-15,,full
E86615,1,183070,Active,2014-04-15,,full
E86618,1,183073,Active,2014-04-15,,full
E86619,1,183074,Active,2014-04-15,,full
E86620,1,183075,Active,2014-04-15,,full
E86622,1,183077,Inactive,2014-04-15,2016-06-08,archive
E86625,1,183078,Active,2014-04-15,,full
E86626,1,183079,Active,2014-04-15,,full
E86629,1,183080,Active,2014-04-15,,full
E86632,1,183081,Active,2014-04-15,,full
E86635,1,183083,Inactive,2014-04-15,2016-08-10,archive
E86637,1,183085,Active,2014-04-15,,full
E86640,1,183088,Active,2014-04-15,,full
E87002,1,183089,Active,2014-04-15,,full
E87003,1,183090,Active,2014-04-15,,full
E87004,1,183091,Active,2014-04-15,,full
E87005,1,183092,Active,2014-04-15,,full
E87006,1,183093,Active,2014-04-15,,full
E87007,1,183094,Active,2014-04-15,,full
E87008,1,183095,Active,2014-04-15,,full
E87009,1,183096,Active,2014-04-15,,full
E87010,1,183097,Active,2014-04-15,,full
E87011,1,183098,Active,2014-04-15,,full
E87012,1,183099,Inactive,2013-07-31,2013-07-31,archive
E87013,1,183100,Active,2014-04-15,,full
E87014,1,183101,Inactive,2014-04-15,2016-01-06,archive
E87016,1,183102,Active,2014-04-15,,full
E87017,1,183103,Inactive,2014-04-15,2018-09-30,full
E87020,1,183104,Inactive,2013-07-31,2013-07-31,archive
E87021,1,183105,Active,2014-04-15,,full
E87024,1,183106,Active,2014-04-15,,full
E87026,1,183107,Active,2014-04-15,,full
E87029,1,183108,Active,2014-04-15,,full
E87034,1,183109,Active,2014-04-15,,full
E87037,1,183110,Active,2014-04-15,,full
E87038,1,183111,Active,2014-04-15,,full
E87041,1,183112,Inactive,2012-09-30,2012-09-30,archive
E87043,1,183113,Active,2014-04-15,,full
E87045,1,183114,Active,2014-04-15,,full
E87046,1,183115,Active,2014-04-15,,full
E87047,1,183116,Active,2014-04-15,,full
E87048,1,183117,Active,2014-04-15,,full
E87050,1,183119,Inactive,2014-04-15,2022-03-31,full
E87052,1,183120,Active,2014-04-15,,full
E87055,1,183121,Inactive,2014-04-15,2017-01-27,archive
E87057,1,183122,Inactive,2014-04-15,2019-01-31,full
E87061,1,183124,Active,2014-04-15,,full
E87063,1,183126,Active,2014-04-15,,full
E87065,1,183127,Active,2014-04-15,,full
E87066,1,183128,Active,2014-04-15,,full
E87067,1,183129,Active,2014-04-15,,full
E87069,1,183131,Active,2014-04-15,,full
E87070,1,183132,Active,2014-04-15,,full
E87071,1,183133,Inactive,2014-04-15,2018-05-02,full
E87609,1,183134,Active,2014-04-15,,full
E87630,1,183135,Inactive,2014-04-15,2016-01-06,archive
E87637,1,183136,Active,2014-04-15,,full
E87648,1,183137,Active,2014-04-15,,full
E87649,1,183138,Inactive,2014-04-15,2018-09-30,full
E87663,1,183140,Active,2014-04-15,,full
E87665,1,183141,Active,2014-04-15,,full
E87670,1,183142,Inactive,2014-04-15,2014-10-21,archive
E87677,1,183144,Active,2014-04-15,,full
E87681,1,183146,Active,2014-04-15,,full
E87682,1,183147,Inactive,2014-04-15,2019-12-04,full
E87691,1,183149,Active,2014-04-15,,full
E87694,1,183152,Inactive,2014-04-15,2025-02-28,full
E87699,1,183155,Inactive,2014-04-15,2016-06-08,archive
E87701,1,183157,Active,2014-04-15,,full
E87702,1,183158,Active,2014-04-15,,full
E87705,1,183159,Inactive,2014-04-15,2017-01-27,archive
E87706,1,183160,Active,2014-04-15,,full
E87711,1,183162,Active,2014-04-15,,full
E87714,1,183163,Active,2014-04-15,,full
E87715,1,183164,Active,2014-04-15,,full
E87717,1,183165,Inactive,2014-04-15,2016-01-06,archive
E87718,1,183166,Inactive,2014-04-15,2016-08-10,archive
E87720,1,183167,Active,2014-04-15,,full
E87722,1,183168,Active,2014-04-15,,full
E87723,1,183169,Inactive,2014-04-15,2017-01-31,archive
E87727,1,183171,Inactive,2014-04-15,2017-01-27,archive
E87728,1,183172,Inactive,2014-04-15,2014-11-30,archive
E87733,1,183174,Active,2014-04-15,,full
E87735,1,183176,Inactive,2014-04-15,2022-04-30,full
E87737,1,183177,Active,2014-04-15,,full
E87738,1,183178,Active,2014-04-15,,full
E87739,1,183179,Active,2014-04-15,,full
E87740,1,183180,Active,2014-04-15,,full
E87741,1,183181,Active,2014-04-15,,full
E87742,1,183182,Active,2014-04-15,,full
E87745,1,183184,Active,2014-04-15,,full
E87746,1,183185,Active,2014-04-15,,full
E87750,1,183186,Active,2014-04-15,,full
E87751,1,183187,Active,2014-04-15,,full
E87753,1,183188,Active,2014-04-15,,full
E87754,1,183189,Active,2014-04-15,,full
E87755,1,183190,Active,2014-04-15,,full
E87756,1,183191,Active,2014-04-15,,full
E87762,1,183195,Active,2014-04-15,,full
E87768,1,183200,Active,2014-04-15,,full
E87772,1,183202,Active,2014-04-15,,full
F81001,1,183205,Active,2014-04-15,,full
F81003,1,183207,Active,2014-04-15,,full
F81004,1,183208,Active,2014-04-15,,full
F81005,1,183209,Inactive,2014-04-15,2016-06-08,archive
F81006,1,183210,Active,2014-04-15,,full
F81007,1,183211,Active,2014-04-15,,full
F81009,1,183212,Active,2014-04-15,,full
F81010,1,183213,Active,2014-04-15,,full
F81011,1,183214,Active,2014-04-15,,full
F81012,1,183215,Active,2014-04-15,,full
F81013,1,183216,Active,2014-04-15,,full
F81014,1,183217,Active,2014-04-15,,full
F81015,1,183218,Active,2014-04-15,,full
F81016,1,183219,Inactive,2014-04-15,2021-06-30,full
F81017,1,183220,Active,2014-04-15,,full
F81018,1,183221,Inactive,2014-04-15,2020-06-30,full
F81019,1,183222,Active,2014-04-15,,full
F81020,1,183223,Active,2014-04-15,,full
F81021,1,183224,Active,2014-04-15,,full
F81022,1,183225,Active,2014-04-15,,full
F81023,1,183226,Active,2014-04-15,,full
F81024,1,183227,Inactive,2014-04-15,2024-06-30,full
F81025,1,183228,Active,2014-04-15,,full
F81026,1,183229,Active,2014-04-15,,full
F81027,1,183230,Active,2014-04-15,,full
F81028,1,183231,Active,2014-04-15,,full
F81029,1,183232,Active,2014-04-15,,full
F81030,1,183233,Active,2014-04-15,,full
F81031,1,183234,Active,2014-04-15,,full
F81032,1,183235,Active,2014-04-15,,full
F81033,1,183236,Inactive,2014-04-15,2016-08-10,archive
F81034,1,183237,Active,2014-04-15,,full
F81035,1,183238,Inactive,2014-04-15,2025-09-30,full
F81036,1,183239,Active,2014-04-15,,full
F81037,1,183240,Active,2014-04-15,,full
F81038,1,183241,Active,2014-04-15,,full
F81040,1,183243,Active,2014-04-15,,full
F81041,1,183244,Active,2014-04-15,,full
F81042,1,183245,Active,2014-04-15,,full
F81043,1,183246,Active,2014-04-15,,full
F81044,1,183247,Active,2014-04-15,,full
F81045,1,183248,Active,2014-04-15,,full
F81046,1,183249,Active,2014-04-15,,full
F81047,1,183250,Active,2014-04-15,,full
F81048,1,183251,Active,2014-04-15,,full
F81049,1,183252,Active,2014-04-15,,full
F81051,1,183253,Active,2014-04-15,,full
F81052,1,183254,Active,2014-04-15,,full
F81053,1,183255,Active,2014-04-15,,full
F81055,1,183256,Active,2014-04-15,,full
F81056,1,183257,Active,2014-04-15,,full
F81057,1,183258,Active,2014-04-15,,full
F81060,1,183260,Active,2014-04-15,,full
F81061,1,183261,Active,2014-04-15,,full
F81062,1,183262,Active,2014-04-15,,full
F81065,1,183264,Active,2014-04-15,,full
F81066,1,183265,Active,2014-04-15,,full
F81067,1,183266,Active,2014-04-15,,full
F81068,1,183267,Active,2014-04-15,,full
F81069,1,183268,Active,2014-04-15,,full
F81070,1,183269,Inactive,2014-04-15,2019-07-31,full
F81071,1,183270,Active,2014-04-15,,full
F81072,1,183271,Active,2014-04-15,,full
F81073,1,183272,Inactive,2014-04-15,2019-05-01,full
F81074,1,183273,Inactive,2014-04-15,2020-11-30,full
F81075,1,183274,Active,2014-04-15,,full
F81076,1,183275,Active,2014-04-15,,full
F81077,1,183276,Inactive,2014-04-15,2014-06-30,archive
F81078,1,183277,Active,2014-04-15,,full
F81079,1,183278,Inactive,2014-04-15,2019-12-04,full
F81080,1,183279,Active,2014-04-15,,full
F81081,1,183280,Active,2014-04-15,,full
F81082,1,183281,Active,2014-04-15,,full
F81083,1,183282,Active,2014-04-15,,full
F81084,1,183283,Inactive,2014-04-15,2019-12-04,full
F81085,1,183284,Active,2014-04-15,,full
F81086,1,183285,Active,2014-04-15,,full
F81087,1,183286,Active,2014-04-15,,full
F81088,1,183287,Active,2014-04-15,,full
F81089,1,183288,Active,2014-04-15,,full
F81090,1,183289,Active,2014-04-15,,full
F81091,1,183290,Active,2014-04-15,,full
F81092,1,183291,Active,2014-04-15,,full
F81094,1,183292,Inactive,2014-04-15,2019-12-04,full
F81095,1,183293,Active,2014-04-15,,full
F81096,1,183294,Active,2014-04-15,,full
F81097,1,183295,Active,2014-04-15,,full
F81098,1,183296,Active,2014-04-15,,full
F81099,1,183297,Active,2014-04-15,,full
F81100,1,183298,Active,2014-04-15,,full
F81101,1,183299,Active,2014-04-15,,full
F81102,1,183300,Active,2014-04-15,,full
F81104,1,183302,Active,2014-04-15,,full
F81105,1,183303,Active,2014-04-15,,full
F81106,1,183304,Active,2014-04-15,,full
F81108,1,183306,Active,2014-04-15,,full
F81109,1,183307,Inactive,2014-04-15,2019-12-04,full
F81110,1,183308,Active,2014-04-15,,full
F81111,1,183309,Inactive,2014-04-15,2025-07-31,full
F81112,1,183310,Active,2014-04-15,,full
F81113,1,183311,Active,2014-04-15,,full
F81114,1,183312,Active,2014-04-15,,full
F81115,1,183313,Active,2014-04-15,,full
F81116,1,183314,Active,2014-04-15,,full
F81117,1,183315,Active,2014-04-15,,full
F81118,1,183316,Active,2014-04-15,,full
F81119,1,183317,Active,2014-04-15,,full
F81120,1,183318,Active,2014-04-15,,full
F81121,1,183319,Active,2014-04-15,,full
F81122,1,183320,Active,2014-04-15,,full
F81123,1,183321,Active,2014-04-15,,full
F81125,1,183322,Active,2014-04-15,,full
F81126,1,183323,Active,2014-04-15,,full
F81127,1,183324,Inactive,2014-04-15,2020-11-30,full
F81128,1,183325,Active,2014-04-15,,full
F81129,1,183326,Inactive,2014-04-15,2016-06-30,archive
F81130,1,183327,Active,2014-04-15,,full
F81131,1,183328,Active,2014-04-15,,full
F81132,1,183329,Active,2014-04-15,,full
F81133,1,183330,Active,2014-04-15,,full
F81134,1,183331,Active,2014-04-15,,full
F81136,1,183332,Active,2014-04-15,,full
F81137,1,183333,Active,2014-04-15,,full
F81138,1,183334,Inactive,2014-04-15,2020-06-30,full
F81141,1,183335,Active,2014-04-15,,full
F81142,1,183336,Active,2014-04-15,,full
F81144,1,183338,Active,2014-04-15,,full
F81147,1,183339,Active,2014-04-15,,full
F81149,1,195341,Active,2014-04-15,,full
F81150,1,183340,Active,2014-04-15,,full
F81151,1,183341,Inactive,2014-04-15,2020-11-30,full
F81152,1,183342,Active,2014-04-15,,full
F81153,1,183343,Active,2014-04-15,,full
F81155,1,183345,Active,2014-04-15,,full
F81156,1,183346,Active,2014-04-15,,full
F81157,1,183347,Inactive,2014-04-15,2019-07-31,full
F81158,1,183348,Active,2014-04-15,,full
F81159,1,183349,Active,2014-04-15,,full
F81162,1,183350,Inactive,2014-04-15,2017-08-16,full
F81163,1,183351,Active,2014-04-15,,full
F81164,1,183352,Active,2014-04-15,,full
F81165,1,183353,Active,2014-04-15,,full
F81168,1,183354,Inactive,2014-04-15,2020-06-30,full
F81169,1,183355,Active,2014-04-15,,full
F81170,1,183356,Active,2014-04-15,,full
F81172,1,183358,Inactive,2014-04-15,2016-06-08,archive
F81173,1,183359,Active,2014-04-15,,full
F81176,1,183360,Active,2014-04-15,,full
F81177,1,183361,Active,2014-04-15,,full
F81180,1,183363,Inactive,2014-04-15,2016-08-10,archive
F81181,1,183364,Active,2014-04-15,,full
F81183,1,183366,Active,2014-04-15,,full
F81184,1,183367,Active,2014-04-15,,full
F81185,1,183368,Inactive,2014-04-15,2018-05-02,full
F81186,1,183369,Active,2014-04-15,,full
F81192,1,183370,Active,2014-04-15,,full
F81193,1,183371,Active,2014-04-15,,full
F81195,1,183372,Inactive,2014-04-15,2020-11-30,full
F81197,1,183373,Active,2014-04-15,,full
F81198,1,183374,Active,2014-04-15,,full
F81200,1,183375,Inactive,2014-04-15,2021-06-30,full
F81205,1,183377,Active,2014-04-15,,full
F81206,1,183378,Active,2014-04-15,,full
F81207,1,183379,Active,2014-04-15,,full
F81209,1,183381,Inactive,2014-04-15,2023-12-31,full
F81210,1,183382,Inactive,2014-04-15,2016-06-30,archive
F81211,1,183383,Active,2014-04-15,,full
F81212,1,183384,Active,2014-04-15,,full
F81213,1,183385,Active,2014-04-15,,full
F81214,1,183386,Inactive,2014-04-15,2018-02-01,full
F81215,1,183387,Active,2014-04-15,,full
F81216,1,183388,Active,2014-04-15,,full
F81218,1,183389,Inactive,2014-04-15,2024-06-30,full
F81219,1,183390,Active,2014-04-15,,full
F81221,1,183392,Active,2014-04-15,,full
F81222,1,183393,Active,2014-04-15,,full
F81223,1,183394,Active,2014-04-15,,full
F81606,1,183395,Active,2014-04-15,,full
F81608,1,183396,Inactive,2014-04-15,2019-04-30,full
F81613,1,183397,Active,2014-04-15,,full
F81618,1,183398,Active,2014-04-15,,full
F81619,1,183399,Active,2014-04-15,,full
F81622,1,183400,Inactive,2014-04-15,2020-07-31,full
F81623,1,183401,Active,2014-04-15,,full
F81632,1,183406,Active,2014-04-15,,full
F81633,1,183407,Active,2014-04-15,,full
F81635,1,183408,Active,2014-04-15,,full
F81636,1,183409,Active,2014-04-15,,full
F81639,1,183410,Inactive,2014-04-15,2018-02-01,full
F81640,1,183411,Active,2014-04-15,,full
F81641,1,183412,Active,2014-04-15,,full
F81644,1,183415,Inactive,2014-04-15,2020-06-30,full
F81645,1,183416,Active,2014-04-15,,full
F81648,1,183418,Inactive,2014-04-15,2019-07-31,full
F81649,1,183419,Active,2014-04-15,,full
F81651,1,183420,Active,2014-04-15,,full
F81652,1,183421,Active,2014-04-15,,full
F81656,1,183423,Active,2014-04-15,,full
F81658,1,183424,Inactive,2012-09-30,2012-09-30,archive
F81661,1,183427,Inactive,2014-04-15,2017-04-30,full
F81665,1,183428,Active,2014-04-15,,full
F81666,1,183429,Active,2014-04-15,,full
F81667,1,183430,Inactive,2014-04-15,2016-06-08,archive
F81669,1,183432,Active,2014-04-15,,full
F81670,1,183433,Inactive,2014-04-15,2021-06-30,full
F81672,1,183435,Inactive,2014-04-15,2020-11-30,full
F81674,1,183436,Active,2014-04-15,,full
F81675,1,183437,Active,2014-04-15,,full
F81676,1,183438,Inactive,2014-04-15,2016-01-06,archive
F81677,1,183439,Inactive,2014-04-15,2015-02-28,archive
F81679,1,183440,Active,2014-04-15,,full
F81681,1,183441,Active,2014-04-15,,full
F81683,1,183443,Active,2014-04-15,,full
F81684,1,183444,Inactive,2014-04-15,2025-02-28,full
F81688,1,183446,Inactive,2014-04-15,2022-03-31,full
F81690,1,183447,Active,2014-04-15,,full
F81691,1,183448,Inactive,2014-04-15,2020-11-30,full
F81693,1,183450,Inactive,2014-04-15,2014-06-30,archive
F81695,1,183451,Active,2014-04-15,,full
F81696,1,183452,Active,2014-04-15,,full
F81697,1,183453,Active,2014-04-15,,full
F81698,1,183454,Inactive,2014-04-15,2019-12-04,full
F81699,1,183455,Inactive,2014-04-15,2015-10-07,archive
F81700,1,183456,Active,2014-04-15,,full
F81704,1,183457,Active,2014-04-15,,full
F81707,1,183459,Active,2014-04-15,,full
F81708,1,183460,Active,2014-04-15,,full
F81710,1,183462,Inactive,2014-04-15,2017-01-27,archive
F81711,1,183463,Active,2014-04-15,,full
F81713,1,183464,Active,2014-04-15,,full
F81716,1,183465,Active,2014-04-15,,full
F81717,1,183466,Inactive,2014-04-15,2017-01-04,archive
F81718,1,183467,Inactive,2014-04-15,2019-05-01,full
F81719,1,183468,Inactive,2014-04-15,2017-04-30,full
F81720,1,183469,Inactive,2014-04-15,2020-06-30,full
F81721,1,183470,Inactive,2014-04-15,2022-07-31,full
F81724,1,183471,Inactive,2014-04-15,2019-12-04,full
F81725,1,183472,Active,2014-04-15,,full
F81728,1,183474,Inactive,2014-04-15,2017-11-01,full
F81729,1,183475,Active,2014-04-15,,full
F81730,1,183476,Active,2014-04-15,,full
F81732,1,183477,Active,2014-04-15,,full
F81733,1,183478,Inactive,2014-04-15,2018-09-30,full
F81734,1,183479,Inactive,2014-04-15,2015-10-07,archive
F81736,1,183480,Inactive,2014-04-15,2015-10-07,archive
F81737,1,183481,Active,2014-04-15,,full
F81738,1,183482,Inactive,2014-04-15,2020-07-31,full
F81739,1,183483,Active,2014-04-15,,full
F81740,1,183484,Active,2014-04-15,,full
F81741,1,183485,Active,2014-04-15,,full
F81742,1,183486,Inactive,2014-04-15,2018-09-30,full
F81743,1,183487,Inactive,2014-04-15,2019-04-30,full
F81744,1,183488,Active,2014-04-15,,full
F81746,1,183490,Active,2014-04-15,,full
F81749,1,183493,Active,2014-04-15,,full
F81751,1,183495,Active,2014-04-15,,full
F81754,1,183498,Inactive,2014-04-15,2014-06-30,archive
F81755,1,183499,Inactive,2014-04-15,2018-09-30,full
F81756,1,183500,Inactive,2014-04-15,2020-07-31,full
F81757,1,183501,Active,2014-04-15,,full
F81758,1,183502,Inactive,2014-04-15,2019-07-31,full
F82001,1,183506,Active,2014-04-15,,full
F82002,1,183507,Active,2014-04-15,,full
F82003,1,183508,Active,2014-04-15,,full
F82004,1,183509,Inactive,2014-04-15,2018-05-02,full
F82005,1,183510,Active,2014-04-15,,full
F82006,1,183511,Active,2014-04-15,,full
F82007,1,183512,Active,2014-04-15,,full
F82008,1,183513,Active,2014-04-15,,full
F82009,1,183514,Active,2014-04-15,,full
F82010,1,183515,Active,2014-04-15,,full
F82011,1,183516,Active,2014-04-15,,full
F82012,1,183517,Inactive,2014-04-15,2025-06-30,full
F82013,1,183518,Active,2014-04-15,,full
F82014,1,183519,Active,2014-04-15,,full
F82015,1,183520,Active,2014-04-15,,full
F82016,1,183521,Active,2014-04-15,,full
F82017,1,183522,Active,2014-04-15,,full
F82018,1,183523,Active,2014-04-15,,full
F82019,1,183524,Active,2014-04-15,,full
F82020,1,183525,Inactive,2014-04-15,2017-11-01,full
F82021,1,183526,Active,2014-04-15,,full
F82022,1,183527,Active,2014-04-15,,full
F82023,1,183528,Active,2014-04-15,,full
F82025,1,183529,Active,2014-04-15,,full
F82027,1,183530,Active,2014-04-15,,full
F82028,1,183531,Active,2014-04-15,,full
F82030,1,183532,Active,2014-04-15,,full
F82031,1,183533,Active,2014-04-15,,full
F82033,1,183534,Active,2014-04-15,,full
F82034,1,183535,Active,2014-04-15,,full
F82038,1,183538,Active,2014-04-15,,full
F82039,1,183539,Active,2014-04-15,,full
F82040,1,183540,Active,2014-04-15,,full
F82042,1,183541,Active,2014-04-15,,full
F82045,1,183542,Active,2014-04-15,,full
F82051,1,183544,Active,2014-04-15,,full
F82052,1,183545,Inactive,2014-04-15,2016-08-10,archive
F82053,1,183546,Inactive,2014-04-15,2025-06-30,full
F82055,1,183548,Active,2014-04-15,,full
F82604,1,183549,Active,2014-04-15,,full
F82607,1,183550,Active,2014-04-15,,full
F82608,1,183551,Inactive,2014-04-15,2015-02-25,archive
F82609,1,183552,Active,2014-04-15,,full
F82610,1,183553,Active,2014-04-15,,full
F82612,1,183554,Active,2014-04-15,,full
F82614,1,183555,Inactive,2014-04-15,2021-06-30,full
F82618,1,183556,Inactive,2012-09-30,2012-09-30,archive
F82619,1,183557,Active,2014-04-15,,full
F82621,1,183559,Inactive,2014-04-15,2025-04-30,full
F82624,1,183561,Active,2014-04-15,,full
F82625,1,183562,Active,2014-04-15,,full
F82627,1,183564,Active,2014-04-15,,full
F82629,1,183565,Inactive,2014-04-15,2016-06-30,archive
F82630,1,183566,Active,2014-04-15,,full
F82634,1,183569,Active,2014-04-15,,full
F82638,1,183570,Active,2014-04-15,,full
F82639,1,183571,Inactive,2014-04-15,2020-06-30,full
F82641,1,183572,Inactive,2014-04-15,2017-08-16,full
F82642,1,183573,Active,2014-04-15,,full
F82643,1,183574,Inactive,2014-04-15,2017-11-01,full
F82646,1,183577,Inactive,2014-04-15,2018-04-30,full
F82647,1,183578,Active,2014-04-15,,full
F82648,1,183579,Active,2014-04-15,,full
F82649,1,183580,Active,2014-04-15,,full
F82650,1,183581,Active,2014-04-15,,full
F82653,1,183582,Inactive,2014-04-15,2020-06-30,full
F82657,1,183583,Inactive,2014-04-15,2015-02-25,archive
F82660,1,183585,Active,2014-04-15,,full
F82661,1,183586,Active,2014-04-15,,full
F82663,1,183587,Active,2014-04-15,,full
F82665,1,183588,Inactive,2014-04-15,2018-12-20,full
F82666,1,183589,Inactive,2014-04-15,2024-10-31,full
F82668,1,183591,Inactive,2014-04-15,2019-07-31,full
F82670,1,183592,Active,2014-04-15,,full
F82671,1,183593,Active,2014-04-15,,full
F82674,1,183595,Active,2014-04-15,,full
F82675,1,183596,Active,2014-04-15,,full
F82676,1,183597,Inactive,2014-04-15,2021-06-30,full
F82677,1,183598,Active,2014-04-15,,full
F82678,1,183599,Active,2014-04-15,,full
F82679,1,183600,Active,2014-04-15,,full
F82680,1,183601,Active,2014-04-15,,full
F82686,1,183607,Active,2014-04-15,,full
F82744,1,183610,Inactive,2014-04-15,2015-10-07,archive
F83002,1,183611,Active,2014-04-15,,full
F83003,1,183612,Active,2014-04-15,,full
F83004,1,183613,Active,2014-04-15,,full
F83005,1,183614,Active,2014-04-15,,full
F83006,1,183615,Active,2014-04-15,,full
F83007,1,183616,Active,2014-04-15,,full
F83008,1,183617,Active,2014-04-15,,full
F83009,1,183618,Inactive,2013-03-31,2013-03-31,archive
F83010,1,183619,Active,2014-04-15,,full
F83011,1,183620,Active,2014-04-15,,full
F83012,1,183621,Active,2014-04-15,,full
F83013,1,183622,Inactive,2014-04-15,2017-01-04,archive
F83015,1,183624,Active,2014-04-15,,full
F83017,1,183626,Active,2014-04-15,,full
F83018,1,183627,Active,2014-04-15,,full
F83019,1,183628,Active,2014-04-15,,full
F83020,1,183629,Active,2014-04-15,,full
F83021,1,183630,Active,2014-04-15,,full
F83022,1,183631,Active,2014-04-15,,full
F83023,1,183632,Active,2014-04-15,,full
F83025,1,183633,Inactive,2014-04-15,2025-02-28,full
F83027,1,183635,Inactive,2014-04-15,2023-02-28,full
F83030,1,183636,Inactive,2014-04-15,2018-07-04,full
F83031,1,183637,Inactive,2014-04-15,2016-06-08,archive
F83032,1,183638,Active,2014-04-15,,full
F83033,1,183639,Active,2014-04-15,,full
F83034,1,183640,Active,2014-04-15,,full
F83039,1,183643,Active,2014-04-15,,full
F83040,1,183644,Inactive,2014-04-15,2016-01-06,archive
F83042,1,183645,Active,2014-04-15,,full
F83043,1,183646,Active,2014-04-15,,full
F83044,1,183647,Active,2014-04-15,,full
F83045,1,183648,Active,2014-04-15,,full
F83046,1,183649,Inactive,2012-09-30,2012-09-30,archive
F83048,1,183650,Active,2014-04-15,,full
F83049,1,183651,Inactive,2014-04-15,2016-08-10,archive
F83050,1,183652,Active,2014-04-15,,full
F83051,1,183653,Inactive,2014-04-15,2020-06-30,full
F83052,1,183654,Active,2014-04-15,,full
F83053,1,183655,Active,2014-04-15,,full
F83055,1,183657,Active,2014-04-15,,full
F83056,1,183658,Active,2014-04-15,,full
F83057,1,183659,Active,2014-04-15,,full
F83058,1,183660,Active,2014-04-15,,full
F83059,1,183661,Active,2014-04-15,,full
F83060,1,183662,Active,2014-04-15,,full
F83061,1,183663,Active,2014-04-15,,full
F83063,1,183664,Active,2014-04-15,,full
F83064,1,183665,Active,2014-04-15,,full
F83602,1,183666,Inactive,2014-04-15,2017-01-04,archive
F83615,1,183667,Active,2014-04-15,,full
F83623,1,183668,Active,2014-04-15,,full
F83624,1,183669,Active,2014-04-15,,full
F83630,1,183670,Inactive,2014-04-15,2014-11-11,archive
F83632,1,183671,Active,2014-04-15,,full
F83633,1,183672,Active,2014-04-15,,full
F83635,1,183674,Active,2014-04-15,,full
F83648,1,183684,Inactive,2014-04-15,2018-02-01,full
F83652,1,183686,Active,2014-04-15,,full
F83658,1,183689,Active,2014-04-15,,full
F83660,1,183691,Active,2014-04-15,,full
F83663,1,183693,Inactive,2014-04-15,2015-10-07,archive
F83664,1,183694,Active,2014-04-15,,full
F83665,1,183695,Active,2014-04-15,,full
F83666,1,183696,Active,2014-04-15,,full
F83671,1,183700,Active,2014-04-15,,full
F83672,1,183701,Active,2014-04-15,,full
F83673,1,183702,Active,2014-04-15,,full
F83674,1,183703,Active,2014-04-15,,full
F83677,1,183706,Inactive,2014-04-15,2021-06-30,full
F83678,1,183707,Active,2014-04-15,,full
F83680,1,183709,Active,2014-04-15,,full
F83681,1,183710,Active,2014-04-15,,full
F83682,1,183711,Inactive,2014-04-15,2021-08-31,full
F83683,1,183712,Active,2014-04-15,,full
F83686,1,183715,Active,2014-04-15,,full
F84003,1,183716,Active,2014-04-15,,full
F84004,1,183717,Active,2014-04-15,,full
F84006,1,183718,Active,2014-04-15,,full
F84008,1,183720,Active,2014-04-15,,full
F84009,1,183721,Active,2014-04-15,,full
F84010,1,183722,Active,2014-04-15,,full
F84012,1,183723,Active,2014-04-15,,full
F84013,1,183724,Active,2014-04-15,,full
F84014,1,183725,Active,2014-04-15,,full
F84015,1,183726,Active,2014-04-15,,full
F84016,1,183727,Active,2014-04-15,,full
F84017,1,183728,Active,2014-04-15,,full
F84018,1,183729,Active,2014-04-15,,full
F84021,1,183730,Active,2014-04-15,,full
F84022,1,183731,Active,2014-04-15,,full
F84025,1,183732,Active,2014-04-15,,full
F84030,1,183734,Active,2014-04-15,,full
F84031,1,183735,Active,2014-04-15,,full
F84032,1,183736,Inactive,2014-04-15,2018-05-02,full
F84033,1,183737,Active,2014-04-15,,full
F84034,1,183738,Active,2014-04-15,,full
F84035,1,183739,Active,2014-04-15,,full
F84036,1,183740,Active,2014-04-15,,full
F84038,1,183741,Active,2014-04-15,,full
F84039,1,183742,Active,2014-04-15,,full
F84041,1,183743,Inactive,2014-04-15,2023-12-31,full
F84042,1,183744,Inactive,2014-04-15,2015-10-07,archive
F84043,1,183745,Inactive,2014-04-15,2020-07-31,full
F84044,1,183746,Active,2014-04-15,,full
F84046,1,183748,Inactive,2014-04-15,2022-07-31,full
F84047,1,183749,Active,2014-04-15,,full
F84050,1,183750,Active,2014-04-15,,full
F84051,1,183751,Active,2014-04-15,,full
F84052,1,183752,Active,2014-04-15,,full
F84053,1,183753,Active,2014-04-15,,full
F84054,1,183754,Active,2014-04-15,,full
F84055,1,183755,Active,2014-04-15,,full
F84060,1,183756,Active,2014-04-15,,full
F84062,1,183757,Active,2014-04-15,,full
F84063,1,183758,Active,2014-04-15,,full
F84069,1,183761,Active,2014-04-15,,full
F84070,1,183762,Active,2014-04-15,,full
F84072,1,183763,Active,2014-04-15,,full
F84074,1,183764,Active,2014-04-15,,full
F84077,1,183766,Active,2014-04-15,,full
F84079,1,183767,Active,2014-04-15,,full
F84080,1,183768,Active,2014-04-15,,full
F84081,1,183769,Active,2014-04-15,,full
F84083,1,183770,Active,2014-04-15,,full
F84086,1,183771,Active,2014-04-15,,full
F84087,1,183772,Active,2014-04-15,,full
F84088,1,183773,Active,2014-04-15,,full
F84089,1,183774,Inactive,2014-04-15,2018-12-20,full
F84091,1,183776,Inactive,2014-04-15,2018-05-02,full
F84092,1,183777,Active,2014-04-15,,full
F84093,1,183778,Active,2014-04-15,,full
F84096,1,183779,Active,2014-04-15,,full
F84097,1,183780,Active,2014-04-15,,full
F84105,1,183781,Active,2014-04-15,,full
F84111,1,183785,Active,2014-04-15,,full
F84114,1,183787,Active,2014-04-15,,full
F84115,1,183788,Active,2014-04-15,,full
F84117,1,183789,Active,2014-04-15,,full
F84118,1,183790,Active,2014-04-15,,full
F84119,1,183791,Active,2014-04-15,,full
F84121,1,183792,Active,2014-04-15,,full
F84122,1,183793,Active,2014-04-15,,full
F84123,1,183794,Active,2014-04-15,,full
F84124,1,183795,Active,2014-04-15,,full
F84601,1,183796,Active,2014-04-15,,full
F84619,1,183797,Active,2014-04-15,,full
F84620,1,183798,Active,2014-04-15,,full
F84621,1,183799,Active,2014-04-15,,full
F84624,1,183802,Inactive,2014-04-15,2020-11-30,full
F84631,1,183806,Inactive,2014-04-15,2020-06-30,full
F84632,1,183807,Active,2014-04-15,,full
F84635,1,183808,Active,2014-04-15,,full
F84636,1,183809,Active,2014-04-15,,full
F84640,1,183811,Active,2014-04-15,,full
F84641,1,183812,Active,2014-04-15,,full
F84642,1,183813,Active,2014-04-15,,full
F84647,1,183815,Active,2014-04-15,,full
F84653,1,183818,Inactive,2014-04-15,2014-06-30,archive
F84654,1,183819,Inactive,2014-04-15,2014-09-30,archive
F84656,1,183820,Active,2014-04-15,,full
F84657,1,183821,Inactive,2014-04-15,2023-12-31,full
F84658,1,183822,Active,2014-04-15,,full
F84659,1,183823,Inactive,2014-04-15,2014-11-04,full
F84660,1,183824,Active,2014-04-15,,full
F84661,1,183825,Inactive,2014-04-15,2020-06-30,full
F84666,1,183828,Active,2014-04-15,,full
F84668,1,183829,Active,2014-04-15,,full
F84669,1,183830,Active,2014-04-15,,full
F84670,1,183831,Active,2014-04-15,,full
F84671,1,183832,Inactive,2014-04-15,2018-04-30,full
F84672,1,183833,Active,2014-04-15,,full
F84673,1,183834,Inactive,2014-04-15,2022-11-30,full
F84676,1,183836,Inactive,2014-04-15,2023-12-31,full
F84677,1,183837,Active,2014-04-15,,full
F84679,1,183838,Inactive,2014-04-15,2018-12-20,full
F84681,1,183839,Active,2014-04-15,,full
F84682,1,183840,Inactive,2014-04-15,2022-07-31,full
F84685,1,183841,Inactive,2014-04-15,2025-04-30,full
F84686,1,183842,Active,2014-04-15,,full
F84692,1,183843,Active,2014-04-15,,full
F84694,1,183844,Active,2014-04-15,,full
F84696,1,183846,Active,2014-04-15,,full
F84698,1,183847,Active,2014-04-15,,full
F84699,1,183848,Inactive,2014-04-15,2016-08-10,archive
F84700,1,183849,Inactive,2014-04-15,2017-04-30,full
F84702,1,183850,Inactive,2014-04-15,2019-04-30,full
F84706,1,183852,Inactive,2014-04-15,2021-06-30,full
F84707,1,183853,Inactive,2014-04-15,2014-06-30,archive
F84708,1,183854,Inactive,2014-04-15,2020-06-30,full
F84710,1,183856,Active,2014-04-15,,full
F84711,1,183857,Inactive,2014-04-15,2025-04-30,full
F84713,1,183859,Inactive,2014-04-15,2018-05-02,full
F84714,1,183860,Inactive,2014-04-15,2024-10-31,full
F84716,1,183862,Active,2014-04-15,,full
F84717,1,183863,Active,2014-04-15,,full
F84718,1,183864,Active,2014-04-15,,full
F84719,1,183865,Active,2014-04-15,,full
F84720,1,183866,Active,2014-04-15,,full
F84724,1,183868,Active,2014-04-15,,full
F84727,1,183870,Inactive,2014-04-15,2017-01-27,archive
F84729,1,183872,Active,2014-04-15,,full
F84730,1,183873,Active,2014-04-15,,full
F84731,1,183874,Active,2014-04-15,,full
F84733,1,183876,Active,2014-04-15,,full
F84734,1,183877,Inactive,2014-04-15,2022-03-31,full
F84735,1,183878,Active,2014-04-15,,full
F84736,1,183879,Inactive,2014-04-15,2014-06-30,archive
F84739,1,183882,Active,2014-04-15,,full
F84740,1,183883,Active,2014-04-15,,full
F84741,1,183884,Active,2014-04-15,,full
F84742,1,183885,Inactive,2014-04-15,2023-12-31,full
F84747,1,183890,Active,2014-04-15,,full
F84749,1,183892,Active,2014-04-15,,full
F84750,1,230285,Active,2015-02-26,,full
F85002,1,183894,Active,2014-04-15,,full
F85003,1,183895,Inactive,2014-04-15,2022-03-31,full
F85004,1,183896,Active,2014-04-15,,full
F85007,1,183898,Active,2014-04-15,,full
F85008,1,183899,Active,2014-04-15,,full
F85009,1,183900,Inactive,2014-04-15,2015-05-31,archive
F85010,1,183901,Active,2014-04-15,,full
F85011,1,183902,Inactive,2014-04-15,2017-07-05,full
F85012,1,183903,Inactive,2012-09-30,2012-09-30,archive
F85013,1,183904,Active,2014-04-15,,full
F85014,1,183905,Active,2014-04-15,,full
F85015,1,183906,Inactive,2014-04-15,2019-12-04,full
F85016,1,183907,Active,2014-04-15,,full
F85017,1,183908,Active,2014-04-15,,full
F85018,1,183909,Inactive,2012-09-30,2012-09-30,archive
F85019,1,183910,Active,2014-04-15,,full
F85020,1,183911,Active,2014-04-15,,full
F85022,1,183912,Inactive,2014-04-15,2015-02-25,archive
F85022,2,230720,Inactive,2015-03-12,2015-12-30,archive
F85023,1,183913,Active,2014-04-15,,full
F85024,1,183914,Inactive,2014-04-15,2022-03-31,full
F85025,1,183915,Active,2014-04-15,,full
F85026,1,183916,Inactive,2014-04-15,2018-07-04,full
F85027,1,183917,Inactive,2014-04-15,2022-03-31,full
F85028,1,183918,Active,2014-04-15,,full
F85029,1,183919,Active,2014-04-15,,full
F85030,1,183920,Active,2014-04-15,,full
F85031,1,183921,Active,2014-04-15,,full
F85032,1,183922,Active,2014-04-15,,full
F85033,1,183923,Active,2014-04-15,,full
F85034,1,183924,Active,2014-04-15,,full
F85035,1,183925,Active,2014-04-15,,full
F85036,1,183926,Inactive,2014-04-15,2022-03-31,full
F85037,1,183927,Inactive,2014-04-15,2014-09-23,archive
F85039,1,183929,Active,2014-04-15,,full
F85043,1,183931,Inactive,2014-04-15,2024-10-31,full
F85044,1,183932,Active,2014-04-15,,full
F85045,1,183933,Inactive,2014-04-15,2022-07-31,full
F85046,1,183934,Active,2014-04-15,,full
F85048,1,183936,Inactive,2014-04-15,2022-03-31,full
F85049,1,183937,Inactive,2014-04-15,2018-04-30,full
F85052,1,183938,Inactive,2014-04-15,2023-12-31,full
F85053,1,183939,Inactive,2014-04-15,2022-07-31,full
F85055,1,183940,Inactive,2014-04-15,2022-03-31,full
F85058,1,183941,Active,2014-04-15,,full
F85059,1,183942,Inactive,2014-04-15,2017-11-01,full
F85060,1,183943,Active,2014-04-15,,full
F85061,1,183944,Active,2014-04-15,,full
F85063,1,183945,Active,2014-04-15,,full
F85064,1,183946,Active,2014-04-15,,full
F85065,1,183947,Active,2014-04-15,,full
F85066,1,183948,Active,2014-04-15,,full
F85067,1,183949,Active,2014-04-15,,full
F85069,1,183951,Active,2014-04-15,,full
F85071,1,183953,Active,2014-04-15,,full
F85072,1,183954,Active,2014-04-15,,full
F85076,1,183957,Inactive,2014-04-15,2022-03-31,full
F85077,1,230287,Inactive,2015-02-26,2015-05-31,archive
F85615,1,183959,Active,2014-04-15,,full
F85623,1,183961,Active,2014-04-15,,full
F85625,1,183962,Active,2014-04-15,,full
F85628,1,183963,Active,2014-04-15,,full
F85632,1,183966,Inactive,2014-04-15,2017-04-30,full
F85634,1,183967,Active,2014-04-15,,full
F85640,1,183970,Active,2014-04-15,,full
F85641,1,183971,Inactive,2014-04-15,2015-02-25,archive
F85641,2,230721,Inactive,2015-03-12,2015-12-30,archive
F85642,1,183972,Active,2014-04-15,,full
F85643,1,183973,Inactive,2014-04-15,2017-01-04,archive
F85645,1,183975,Inactive,2014-04-15,2020-11-30,full
F85650,1,183978,Active,2014-04-15,,full
F85652,1,183979,Inactive,2014-04-15,2022-03-31,full
F85654,1,183980,Inactive,2014-04-15,2022-07-31,full
F85656,1,183982,Inactive,2014-04-15,2022-03-31,full
F85658,1,183983,Inactive,2014-04-15,2016-09-07,archive
F85660,1,183984,Inactive,2014-04-15,2016-08-10,archive
F85663,1,183985,Active,2014-04-15,,full
F85665,1,183986,Inactive,2014-04-15,2015-10-07,archive
F85666,1,183987,Active,2014-04-15,,full
F85669,1,183989,Active,2014-04-15,,full
F85675,1,183993,Active,2014-04-15,,full
F85676,1,183994,Active,2014-04-15,,full
F85678,1,183996,Active,2014-04-15,,full
F85679,1,183997,Inactive,2014-04-15,2018-04-30,full
F85680,1,183998,Inactive,2014-04-15,2016-06-15,archive
F85681,1,183999,Inactive,2014-04-15,2022-03-31,full
F85682,1,184000,Active,2014-04-15,,full
F85684,1,184001,Inactive,2014-04-15,2022-03-31,full
F85686,1,184003,Inactive,2014-04-15,2022-03-31,full
F85687,1,184004,Active,2014-04-15,,full
F85688,1,184005,Active,2014-04-15,,full
F85697,1,184009,Active,2014-04-15,,full
F85699,1,184011,Inactive,2014-04-15,2017-01-31,archive
F85700,1,184012,Active,2014-04-15,,full
F85701,1,184013,Active,2014-04-15,,full
F85703,1,184014,Inactive,2014-04-15,2022-03-31,full
F85705,1,184017,Active,2014-04-15,,full
F85706,1,184018,Inactive,2014-04-15,2015-02-28,archive
F85707,1,184019,Inactive,2014-04-15,2022-03-31,full
F85708,1,184020,Inactive,2014-04-15,2018-04-30,full
F86001,1,184024,Active,2014-04-15,,full
F86004,1,184025,Active,2014-04-15,,full
F86005,1,184026,Active,2014-04-15,,full
F86006,1,184027,Active,2014-04-15,,full
F86007,1,184028,Active,2014-04-15,,full
F86008,1,184029,Active,2014-04-15,,full
F86009,1,184030,Active,2014-04-15,,full
F86010,1,184031,Active,2014-04-15,,full
F86011,1,184032,Active,2014-04-15,,full
F86012,1,184033,Active,2014-04-15,,full
F86013,1,184034,Active,2014-04-15,,full
F86018,1,184037,Active,2014-04-15,,full
F86020,1,184038,Active,2014-04-15,,full
F86022,1,184039,Active,2014-04-15,,full
F86023,1,184040,Active,2014-04-15,,full
F86025,1,184041,Active,2014-04-15,,full
F86026,1,184042,Active,2014-04-15,,full
F86028,1,184044,Active,2014-04-15,,full
F86030,1,184046,Active,2014-04-15,,full
F86032,1,184047,Active,2014-04-15,,full
F86034,1,184048,Active,2014-04-15,,full
F86036,1,184049,Active,2014-04-15,,full
F86038,1,184050,Active,2014-04-15,,full
F86040,1,184052,Active,2014-04-15,,full
F86042,1,184053,Active,2014-04-15,,full
F86044,1,184054,Active,2014-04-15,,full
F86045,1,184055,Active,2014-04-15,,full
F86049,1,184056,Inactive,2014-04-15,2018-09-30,full
F86057,1,184060,Active,2014-04-15,,full
F86058,1,184061,Active,2014-04-15,,full
F86060,1,184062,Active,2014-04-15,,full
F86062,1,184063,Active,2014-04-15,,full
F86064,1,184064,Active,2014-04-15,,full
F86066,1,184065,Active,2014-04-15,,full
F86073,1,184068,Inactive,2014-04-15,2020-06-30,full
F86074,1,184069,Active,2014-04-15,,full
F86078,1,184071,Active,2014-04-15,,full
F86081,1,184072,Active,2014-04-15,,full
F86082,1,184073,Active,2014-04-15,,full
F86083,1,184074,Active,2014-04-15,,full
F86085,1,184076,Active,2014-04-15,,full
F86086,1,184077,Active,2014-04-15,,full
F86087,1,184078,Active,2014-04-15,,full
F86088,1,184079,Active,2014-04-15,,full
F86607,1,184082,Active,2014-04-15,,full
F86612,1,184083,Active,2014-04-15,,full
F86616,1,184084,Active,2014-04-15,,full
F86621,1,184085,Active,2014-04-15,,full
F86624,1,184086,Active,2014-04-15,,full
F86625,1,184087,Active,2014-04-15,,full
F86626,1,184088,Active,2014-04-15,,full
F86627,1,184089,Active,2014-04-15,,full
F86635,1,184093,Inactive,2014-04-15,2017-04-30,full
F86637,1,184094,Active,2014-04-15,,full
F86638,1,184095,Active,2014-04-15,,full
F86639,1,184096,Inactive,2014-04-15,2018-09-30,full
F86641,1,184098,Active,2014-04-15,,full
F86642,1,184099,Inactive,2014-04-15,2025-04-30,full
F86644,1,184101,Active,2014-04-15,,full
F86650,1,184104,Active,2014-04-15,,full
F86652,1,184106,Active,2014-04-15,,full
F86655,1,184109,Inactive,2014-04-15,2019-01-31,full
F86657,1,184110,Active,2014-04-15,,full
F86658,1,184111,Active,2014-04-15,,full
F86664,1,184116,Active,2014-04-15,,full
F86666,1,184118,Active,2014-04-15,,full
F86675,1,184121,Inactive,2014-04-15,2018-12-20,full
F86679,1,184124,Active,2014-04-15,,full
F86680,1,184125,Inactive,2014-04-15,2014-06-30,archive
F86686,1,184126,Inactive,2014-04-15,2017-08-16,full
F86689,1,184127,Active,2014-04-15,,full
F86691,1,184128,Active,2014-04-15,,full
F86692,1,184129,Active,2014-04-15,,full
F86696,1,184130,Active,2014-04-15,,full
F86698,1,184132,Active,2014-04-15,,full
F86699,1,184133,Inactive,2012-09-30,2012-09-30,archive
F86700,1,184134,Active,2014-04-15,,full
F86701,1,184135,Active,2014-04-15,,full
F86702,1,184136,Active,2014-04-15,,full
F86703,1,184137,Inactive,2014-04-15,2025-12-31,full
F86704,1,184138,Inactive,2014-04-15,2019-07-31,full
F86705,1,184139,Active,2014-04-15,,full
F86707,1,184141,Active,2014-04-15,,full
F86708,1,184142,Active,2014-04-15,,full
F86712,1,184143,Active,2014-04-15,,full
F86731,1,184158,Active,2014-04-15,,full
G81001,1,184161,Active,2014-04-15,,full
G81002,1,184162,Active,2014-04-15,,full
G81003,1,184163,Active,2014-04-15,,full
G81004,1,184164,Active,2014-04-15,,full
G81005,1,184165,Inactive,2014-04-15,2016-06-08,archive
G81006,1,184166,Active,2014-04-15,,full
G81007,1,184167,Inactive,2014-04-15,2024-10-31,full
G81008,1,184168,Active,2014-04-15,,full
G81009,1,184169,Inactive,2014-04-15,2018-07-04,full
G81011,1,184170,Active,2014-04-15,,full
G81012,1,184171,Active,2014-04-15,,full
G81013,1,184172,Inactive,2014-04-15,2019-04-30,full
G81014,1,184173,Active,2014-04-15,,full
G81016,1,184174,Active,2014-04-15,,full
G81017,1,184175,Active,2014-04-15,,full
G81018,1,184176,Active,2014-04-15,,full
G81019,1,184177,Active,2014-04-15,,full
G81020,1,184178,Inactive,2014-04-15,2017-11-01,full
G81021,1,184179,Active,2014-04-15,,full
G81022,1,184180,Active,2014-04-15,,full
G81023,1,184181,Active,2014-04-15,,full
G81024,1,184182,Active,2014-04-15,,full
G81025,1,184183,Inactive,2014-04-15,2022-07-31,full
G81026,1,184184,Inactive,2014-04-15,2022-03-31,full
G81027,1,184185,Inactive,2014-04-15,2022-03-31,full
G81028,1,184186,Active,2014-04-15,,full
G81029,1,184187,Active,2014-04-15,,full
G81030,1,184188,Active,2014-04-15,,full
G81031,1,184189,Active,2014-04-15,,full
G81032,1,184190,Active,2014-04-15,,full
G81033,1,184191,Inactive,2014-04-15,2019-04-30,full
G81034,1,184192,Active,2014-04-15,,full
G81035,1,184193,Inactive,2014-04-15,2021-08-31,full
G81036,1,184194,Active,2014-04-15,,full
G81037,1,184195,Active,2014-04-15,,full
G81038,1,184196,Active,2014-04-15,,full
G81039,1,184197,Active,2014-04-15,,full
G81040,1,184198,Active,2014-04-15,,full
G81041,1,184199,Active,2014-04-15,,full
G81042,1,184200,Active,2014-04-15,,full
G81043,1,184201,Active,2014-04-15,,full
G81044,1,184202,Active,2014-04-15,,full
G81045,1,184203,Inactive,2014-04-15,2021-08-31,full
G81046,1,184204,Active,2014-04-15,,full
G81047,1,184205,Active,2014-04-15,,full
G81048,1,184206,Active,2014-04-15,,full
G81049,1,184207,Active,2014-04-15,,full
G81050,1,184208,Active,2014-04-15,,full
G81051,1,184209,Active,2014-04-15,,full
G81052,1,184210,Active,2014-04-15,,full
G81053,1,184211,Inactive,2014-04-15,2022-03-31,full
G81054,1,184212,Active,2014-04-15,,full
G81055,1,184213,Active,2014-04-15,,full
G81056,1,184214,Inactive,2014-04-15,2022-03-31,full
G81057,1,184215,Active,2014-04-15,,full
G81059,1,184216,Active,2014-04-15,,full
G81060,1,184217,Inactive,2014-04-15,2014-06-30,archive
G81061,1,184218,Active,2014-04-15,,full
G81063,1,184219,Inactive,2014-04-15,2018-04-30,full
G81064,1,184220,Inactive,2014-04-15,2017-08-16,full
G81065,1,184221,Active,2014-04-15,,full
G81070,1,184222,Active,2014-04-15,,full
G81071,1,184223,Active,2014-04-15,,full
G81073,1,184224,Active,2014-04-15,,full
G81074,1,184225,Active,2014-04-15,,full
G81075,1,184226,Active,2014-04-15,,full
G81076,1,184227,Active,2014-04-15,,full
G81077,1,184228,Active,2014-04-15,,full
G81082,1,184229,Active,2014-04-15,,full
G81083,1,184230,Active,2014-04-15,,full
G81084,1,184231,Inactive,2014-04-15,2024-10-31,full
G81085,1,184232,Active,2014-04-15,,full
G81086,1,184233,Active,2014-04-15,,full
G81087,1,184234,Active,2014-04-15,,full
G81088,1,184235,Active,2014-04-15,,full
G81089,1,184236,Active,2014-04-15,,full
G81090,1,184237,Inactive,2014-04-15,2022-11-30,full
G81094,1,184238,Inactive,2014-04-15,2019-12-04,full
G81095,1,184239,Active,2014-04-15,,full
G81096,1,184240,Active,2014-04-15,,full
G81097,1,184241,Inactive,2014-04-15,2019-12-04,full
G81098,1,184242,Active,2014-04-15,,full
G81099,1,184243,Active,2014-04-15,,full
G81100,1,184244,Active,2014-04-15,,full
G81102,1,184246,Active,2014-04-15,,full
G81103,1,184247,Inactive,2014-04-15,2019-12-04,full
G81104,1,184248,Active,2014-04-15,,full
G81105,1,184249,Inactive,2014-04-15,2022-03-31,full
G81611,1,184251,Inactive,2014-04-15,2016-06-30,archive
G81613,1,184252,Active,2014-04-15,,full
G81614,1,184253,Active,2014-04-15,,full
G81627,1,184256,Inactive,2014-04-15,2017-02-28,archive
G81634,1,184260,Active,2014-04-15,,full
G81636,1,184262,Inactive,2014-04-15,2015-10-07,archive
G81638,1,184263,Active,2014-04-15,,full
G81640,1,184264,Inactive,2014-04-15,2016-06-30,archive
G81641,1,184265,Active,2014-04-15,,full
G81642,1,184266,Inactive,2014-04-15,2019-01-31,full
G81643,1,184267,Inactive,2014-04-15,2017-04-30,full
G81646,1,184270,Active,2014-04-15,,full
G81648,1,184271,Inactive,2012-09-30,2012-09-30,archive
G81649,1,184272,Inactive,2014-04-15,2017-01-04,archive
G81651,1,184274,Inactive,2014-04-15,2019-05-01,full
G81656,1,184275,Active,2014-04-15,,full
G81658,1,184277,Active,2014-04-15,,full
G81661,1,184279,Inactive,2014-04-15,2018-02-01,full
G81662,1,184280,Inactive,2014-04-15,2017-07-05,full
G81663,1,184281,Active,2014-04-15,,full
G81667,1,184283,Inactive,2014-04-15,2023-12-31,full
G81669,1,184285,Active,2014-04-15,,full
G81675,1,184288,Inactive,2012-09-30,2012-09-30,archive
G81676,1,184289,Inactive,2014-04-15,2018-02-01,full
G81680,1,184292,Inactive,2014-04-15,2023-12-31,full
G81684,1,184294,Inactive,2014-04-15,2021-06-30,full
G81685,1,184295,Inactive,2014-04-15,2017-11-01,full
G81687,1,184297,Inactive,2014-04-15,2017-01-04,archive
G81689,1,184298,Active,2014-04-15,,full
G81692,1,184301,Inactive,2014-04-15,2015-10-07,archive
G81694,1,184303,Active,2014-04-15,,full
G82002,1,184312,Active,2014-04-15,,full
G82004,1,184313,Inactive,2014-04-15,2015-10-07,archive
G82006,1,184314,Active,2014-04-15,,full
G82007,1,184315,Active,2014-04-15,,full
G82011,1,184318,Inactive,2014-04-15,2020-06-30,full
G82012,1,184319,Inactive,2014-04-15,2018-12-20,full
G82013,1,184320,Active,2014-04-15,,full
G82014,1,184321,Active,2014-04-15,,full
G82015,1,184322,Active,2014-04-15,,full
G82016,1,184323,Active,2014-04-15,,full
G82017,1,184324,Inactive,2014-04-15,2023-12-31,full
G82018,1,184325,Active,2014-04-15,,full
G82019,1,184326,Active,2014-04-15,,full
G82020,1,184327,Active,2014-04-15,,full
G82021,1,184328,Active,2014-04-15,,full
G82022,1,184329,Active,2014-04-15,,full
G82023,1,195344,Active,2014-04-15,,full
G82024,1,184330,Active,2014-04-15,,full
G82025,1,184331,Active,2014-04-15,,full
G82026,1,184332,Active,2014-04-15,,full
G82027,1,184333,Active,2014-04-15,,full
G82028,1,184334,Active,2014-04-15,,full
G82029,1,184335,Inactive,2014-04-15,2018-12-20,full
G82030,1,184336,Inactive,2014-04-15,2016-01-06,archive
G82031,1,184337,Active,2014-04-15,,full
G82032,1,184338,Active,2014-04-15,,full
G82035,1,184340,Active,2014-04-15,,full
G82036,1,184341,Active,2014-04-15,,full
G82037,1,184342,Active,2014-04-15,,full
G82038,1,184343,Active,2014-04-15,,full
G82039,1,184344,Active,2014-04-15,,full
G82040,1,184345,Inactive,2014-04-15,2014-06-30,archive
G82041,1,184346,Active,2014-04-15,,full
G82042,1,184347,Active,2014-04-15,,full
G82044,1,184349,Active,2014-04-15,,full
G82046,1,184351,Active,2014-04-15,,full
G82048,1,184352,Active,2014-04-15,,full
G82049,1,184353,Inactive,2014-04-15,2023-12-31,full
G82050,1,184354,Active,2014-04-15,,full
G82051,1,184355,Active,2014-04-15,,full
G82052,1,184356,Active,2014-04-15,,full
G82053,1,184357,Active,2014-04-15,,full
G82055,1,184358,Active,2014-04-15,,full
G82056,1,184359,Active,2014-04-15,,full
G82057,1,184360,Active,2014-04-15,,full
G82058,1,184361,Active,2014-04-15,,full
G82059,1,184362,Active,2014-04-15,,full
G82060,1,184363,Active,2014-04-15,,full
G82061,1,184364,Inactive,2014-04-15,2017-11-01,full
G82062,1,184365,Active,2014-04-15,,full
G82063,1,184366,Active,2014-04-15,,full
G82064,1,184367,Active,2014-04-15,,full
G82065,1,184368,Inactive,2014-04-15,2020-11-30,full
G82066,1,184369,Active,2014-04-15,,full
G82067,1,184370,Active,2014-04-15,,full
G82069,1,184372,Active,2014-04-15,,full
G82071,1,184373,Active,2014-04-15,,full
G82072,1,184374,Inactive,2014-04-15,2022-07-31,full
G82073,1,184375,Active,2014-04-15,,full
G82074,1,184376,Active,2014-04-15,,full
G82075,1,184377,Inactive,2014-04-15,2018-09-30,full
G82076,1,184378,Active,2014-04-15,,full
G82077,1,184379,Active,2014-04-15,,full
G82079,1,184380,Active,2014-04-15,,full
G82080,1,184381,Active,2014-04-15,,full
G82082,1,184382,Active,2014-04-15,,full
G82083,1,184383,Active,2014-04-15,,full
G82085,1,184384,Active,2014-04-15,,full
G82086,1,184385,Active,2014-04-15,,full
G82087,1,184386,Active,2014-04-15,,full
G82088,1,184387,Inactive,2014-04-15,2025-04-30,full
G82089,1,184388,Active,2014-04-15,,full
G82090,1,184389,Active,2014-04-15,,full
G82091,1,184390,Active,2014-04-15,,full
G82092,1,184391,Active,2014-04-15,,full
G82093,1,184392,Active,2014-04-15,,full
G82094,1,184393,Active,2014-04-15,,full
G82095,1,184394,Active,2014-04-15,,full
G82096,1,184395,Inactive,2014-04-15,2020-07-31,full
G82097,1,184396,Active,2014-04-15,,full
G82098,1,184397,Active,2014-04-15,,full
G82099,1,184398,Active,2014-04-15,,full
G82100,1,184399,Active,2014-04-15,,full
G82103,1,184400,Inactive,2014-04-15,2022-11-30,full
G82104,1,184401,Inactive,2014-04-15,2019-07-31,full
G82105,1,184402,Active,2014-04-15,,full
G82106,1,184403,Active,2014-04-15,,full
G82107,1,184404,Active,2014-04-15,,full
G82108,1,184405,Active,2014-04-15,,full
G82109,1,184406,Inactive,2014-04-15,2021-08-31,full
G82110,1,184407,Active,2014-04-15,,full
G82111,1,184408,Active,2014-04-15,,full
G82112,1,184409,Inactive,2014-04-15,2025-09-30,full
G82113,1,184410,Active,2014-04-15,,full
G82114,1,195345,Active,2014-04-15,,full
G82115,1,184411,Active,2014-04-15,,full
G82117,1,184413,Active,2014-04-15,,full
G82118,1,184414,Active,2014-04-15,,full
G82119,1,184415,Active,2014-04-15,,full
G82120,1,184416,Active,2014-04-15,,full
G82121,1,184417,Active,2014-04-15,,full
G82122,1,184418,Active,2014-04-15,,full
G82123,1,184419,Inactive,2014-04-15,2024-03-31,full
G82124,1,184420,Inactive,2014-04-15,2018-02-01,full
G82125,1,184421,Active,2014-04-15,,full
G82126,1,184422,Active,2014-04-15,,full
G82128,1,184423,Inactive,2014-04-15,2022-04-30,full
G82129,1,184424,Active,2014-04-15,,full
G82132,1,184427,Inactive,2012-09-30,2012-09-30,archive
G82133,1,184428,Inactive,2014-04-15,2021-06-30,full
G82135,1,184430,Active,2014-04-15,,full
G82137,1,184431,Active,2014-04-15,,full
G82138,1,184432,Active,2014-04-15,,full
G82139,1,184433,Active,2014-04-15,,full
G82140,1,184434,Active,2014-04-15,,full
G82141,1,184435,Active,2014-04-15,,full
G82142,1,184436,Active,2014-04-15,,full
G82143,1,184437,Active,2014-04-15,,full
G82147,1,184438,Active,2014-04-15,,full
G82148,1,195346,Inactive,2014-04-15,2020-06-30,full
G82150,1,184439,Active,2014-04-15,,full
G82152,1,184440,Active,2014-04-15,,full
G82154,1,184441,Active,2014-04-15,,full
G82155,1,184442,Active,2014-04-15,,full
G82156,1,184443,Inactive,2014-04-15,2018-02-01,full
G82158,1,184444,Active,2014-04-15,,full
G82160,1,184445,Active,2014-04-15,,full
G82161,1,184446,Active,2014-04-15,,full
G82162,1,184447,Active,2014-04-15,,full
G82164,1,184449,Active,2014-04-15,,full
G82165,1,184450,Active,2014-04-15,,full
G82170,1,184453,Active,2014-04-15,,full
G82175,1,184454,Inactive,2014-04-15,2020-06-30,full
G82176,1,184455,Inactive,2012-09-30,2012-09-30,archive
G82179,1,184458,Inactive,2014-04-15,2017-11-01,full
G82180,1,184459,Active,2014-04-15,,full
G82184,1,184461,Active,2014-04-15,,full
G82185,1,184462,Active,2014-04-15,,full
G82186,1,184463,Active,2014-04-15,,full
G82187,1,184464,Inactive,2014-04-15,2018-12-20,full
G82197,1,184466,Inactive,2014-04-15,2018-07-04,full
G82198,1,184467,Inactive,2014-04-15,2023-12-31,full
G82200,1,184469,Active,2014-04-15,,full
G82203,1,184471,Active,2014-04-15,,full
G82204,1,184472,Inactive,2014-04-15,2019-12-04,full
G82205,1,184473,Active,2014-04-15,,full
G82206,1,184474,Inactive,2014-04-15,2021-01-31,full
G82210,1,184475,Inactive,2014-04-15,2017-01-31,archive
G82211,1,184476,Active,2014-04-15,,full
G82212,1,184477,Active,2014-04-15,,full
G82215,1,184479,Active,2014-04-15,,full
G82217,1,184481,Active,2014-04-15,,full
G82218,1,184482,Active,2014-04-15,,full
G82219,1,195347,Active,2014-04-15,,full
G82221,1,184483,Inactive,2014-04-15,2021-01-31,full
G82224,1,184485,Active,2014-04-15,,full
G82225,1,184486,Inactive,2014-04-15,2025-02-28,full
G82226,1,184487,Active,2014-04-15,,full
G82227,1,184488,Active,2014-04-15,,full
G82228,1,184489,Active,2014-04-15,,full
G82229,1,184490,Active,2014-04-15,,full
G82230,1,184491,Inactive,2014-04-15,2019-01-31,full
G82231,1,184492,Active,2014-04-15,,full
G82232,1,184493,Active,2014-04-15,,full
G82233,1,184494,Active,2014-04-15,,full
G82234,1,184495,Active,2014-04-15,,full
G82235,1,184496,Active,2014-04-15,,full
G82600,1,184497,Active,2014-04-15,,full
G82604,1,184498,Active,2014-04-15,,full
G82605,1,184499,Inactive,2014-04-15,2025-04-30,full
G82622,1,184500,Inactive,2014-04-15,2021-08-31,full
G82629,1,184501,Inactive,2012-09-30,2012-09-30,archive
G82630,1,184502,Inactive,2014-04-15,2016-09-07,archive
G82631,1,184503,Active,2014-04-15,,full
G82634,1,184505,Active,2014-04-15,,full
G82635,1,184506,Active,2014-04-15,,full
G82639,1,184507,Inactive,2014-04-15,2023-12-31,full
G82641,1,184508,Active,2014-04-15,,full
G82644,1,184509,Inactive,2014-04-15,2015-10-14,archive
G82647,1,184510,Active,2014-04-15,,full
G82648,1,184511,Active,2014-04-15,,full
G82649,1,184512,Inactive,2014-04-15,2018-05-02,full
G82650,1,184513,Active,2014-04-15,,full
G82652,1,184515,Active,2014-04-15,,full
G82653,1,184516,Inactive,2014-04-15,2025-12-31,full
G82656,1,184518,Inactive,2014-04-15,2017-01-04,archive
G82658,1,184519,Active,2014-04-15,,full
G82659,1,184520,Inactive,2012-09-30,2012-09-30,archive
G82662,1,184523,Inactive,2014-04-15,2020-06-30,full
G82663,1,184524,Inactive,2014-04-15,2014-06-30,archive
G82665,1,184526,Active,2014-04-15,,full
G82666,1,184527,Active,2014-04-15,,full
G82667,1,184528,Inactive,2014-04-15,2018-05-02,full
G82670,1,184529,Inactive,2014-04-15,2017-11-01,full
G82671,1,195349,Inactive,2014-04-15,2023-12-31,full
G82674,1,184531,Inactive,2014-04-15,2014-11-30,archive
G82676,1,184532,Inactive,2012-09-30,2012-09-30,archive
G82679,1,184533,Active,2014-04-15,,full
G82681,1,184534,Active,2014-04-15,,full
G82682,1,184535,Active,2014-04-15,,full
G82684,1,184537,Active,2014-04-15,,full
G82686,1,184538,Inactive,2014-04-15,2020-07-31,full
G82687,1,184539,Active,2014-04-15,,full
G82688,1,184540,Inactive,2014-04-15,2020-06-30,full
G82690,1,184542,Inactive,2014-04-15,2022-03-31,full
G82691,1,184543,Active,2014-04-15,,full
G82692,1,184544,Inactive,2013-07-31,2013-07-31,archive
G82693,1,184545,Active,2014-04-15,,full
G82696,1,184546,Active,2014-04-15,,full
G82697,1,184547,Active,2014-04-15,,full
G82698,1,184548,Active,2014-04-15,,full
G82700,1,184549,Active,2014-04-15,,full
G82702,1,184550,Active,2014-04-15,,full
G82704,1,184551,Inactive,2014-04-15,2023-12-31,full
G82706,1,184552,Inactive,2014-04-15,2023-12-31,full
G82708,1,184553,Active,2014-04-15,,full
G82710,1,184554,Inactive,2014-04-15,2018-05-02,full
G82711,1,184555,Active,2014-04-15,,full
G82712,1,184556,Inactive,2014-04-15,2018-12-20,full
G82714,1,184557,Inactive,2012-09-30,2012-09-30,archive
G82715,1,184558,Inactive,2014-04-15,2017-11-01,full
G82718,1,184559,Inactive,2014-04-15,2014-06-30,archive
G82719,1,184560,Active,2014-04-15,,full
G82721,1,184561,Active,2014-04-15,,full
G82722,1,184562,Inactive,2014-04-15,2022-03-31,full
G82726,1,184564,Inactive,2014-04-15,2019-05-01,full
G82727,1,184565,Inactive,2014-04-15,2020-11-30,full
G82729,1,184566,Active,2014-04-15,,full
G82730,1,184567,Active,2014-04-15,,full
G82731,1,184568,Inactive,2012-09-30,2012-09-30,archive
G82732,1,184569,Inactive,2014-04-15,2022-07-31,full
G82733,1,184570,Active,2014-04-15,,full
G82735,1,184571,Inactive,2014-04-15,2020-06-30,full
G82737,1,184573,Active,2014-04-15,,full
G82739,1,184574,Inactive,2014-04-15,2016-09-07,archive
G82741,1,184576,Active,2014-04-15,,full
G82743,1,184577,Inactive,2014-04-15,2014-06-30,archive
G82744,1,184578,Active,2014-04-15,,full
G82748,1,184581,Inactive,2014-04-15,2015-10-07,archive
G82751,1,184582,Inactive,2014-04-15,2020-06-30,full
G82753,1,184583,Active,2014-04-15,,full
G82754,1,184584,Active,2014-04-15,,full
G82757,1,184585,Inactive,2014-04-15,2022-03-31,full
G82760,1,184586,Inactive,2014-04-15,2021-06-30,full
G82762,1,184587,Inactive,2014-04-15,2024-10-31,full
G82763,1,184588,Active,2014-04-15,,full
G82764,1,184589,Inactive,2014-04-15,2017-11-01,full
G82768,1,184591,Active,2014-04-15,,full
G82769,1,184592,Inactive,2014-04-15,2017-01-04,archive
G82775,1,184594,Inactive,2014-04-15,2025-07-31,full
G82777,1,184595,Inactive,2014-04-15,2020-06-30,full
G82780,1,184596,Active,2014-04-15,,full
G82788,1,184599,Inactive,2014-04-15,2014-06-30,archive
G82790,1,184601,Active,2014-04-15,,full
G82791,1,184602,Inactive,2014-04-15,2021-06-30,full
G82793,1,184603,Inactive,2014-04-15,2019-07-31,full
G82796,1,184606,Active,2014-04-15,,full
G82797,1,184607,Inactive,2012-09-30,2012-09-30,archive
G82799,1,184609,Active,2014-04-15,,full
G82802,1,184611,Active,2014-04-15,,full
G82805,1,184613,Inactive,2014-04-15,2014-06-30,archive
G82808,1,184616,Active,2014-04-15,,full
G82809,1,184617,Active,2014-04-15,,full
G82810,1,184618,Inactive,2014-04-15,2017-08-16,full
G82812,1,184620,Inactive,2014-04-15,2017-11-01,full
G82818,1,184626,Inactive,2014-04-15,2016-06-08,archive
G82820,1,184628,Inactive,2014-04-15,2021-08-31,full
G82821,1,184629,Inactive,2012-09-30,2012-09-30,archive
G82888,1,184630,Active,2014-04-15,,full
G83001,1,184631,Active,2014-04-15,,full
G83002,1,184632,Active,2014-04-15,,full
G83003,1,184633,Inactive,2014-04-15,2021-08-31,full
G83004,1,184634,Active,2014-04-15,,full
G83005,1,184635,Inactive,2014-04-15,2020-06-30,full
G83006,1,184636,Active,2014-04-15,,full
G83007,1,184637,Inactive,2014-04-15,2017-11-01,full
G83009,1,184638,Active,2014-04-15,,full
G83010,1,184639,Active,2014-04-15,,full
G83012,1,184640,Active,2014-04-15,,full
G83013,1,184641,Active,2014-04-15,,full
G83015,1,184643,Active,2014-04-15,,full
G83016,1,184644,Active,2014-04-15,,full
G83017,1,184645,Inactive,2014-04-15,2018-09-30,full
G83018,1,184646,Active,2014-04-15,,full
G83019,1,184647,Active,2014-04-15,,full
G83021,1,184648,Active,2014-04-15,,full
G83022,1,184649,Inactive,2014-04-15,2021-01-31,full
G83024,1,184650,Active,2014-04-15,,full
G83025,1,184651,Active,2014-04-15,,full
G83026,1,184652,Active,2014-04-15,,full
G83027,1,184653,Active,2014-04-15,,full
G83028,1,184654,Active,2014-04-15,,full
G83029,1,184655,Active,2014-04-15,,full
G83030,1,184656,Active,2014-04-15,,full
G83031,1,184657,Active,2014-04-15,,full
G83033,1,184658,Active,2014-04-15,,full
G83034,1,184659,Inactive,2014-04-15,2021-01-31,full
G83037,1,184660,Inactive,2014-04-15,2022-07-31,full
G83039,1,184662,Active,2014-04-15,,full
G83042,1,184663,Inactive,2014-04-15,2015-05-31,archive
G83043,1,184664,Inactive,2014-04-15,2018-12-20,full
G83044,1,184665,Active,2014-04-15,,full
G83046,1,184666,Active,2014-04-15,,full
G83047,1,184667,Active,2014-04-15,,full
G83049,1,184669,Active,2014-04-15,,full
G83052,1,184671,Active,2014-04-15,,full
G83053,1,184672,Active,2014-04-15,,full
G83057,1,184674,Active,2014-04-15,,full
G83058,1,184675,Active,2014-04-15,,full
G83060,1,184676,Active,2014-04-15,,full
G83061,1,184677,Inactive,2014-04-15,2021-06-30,full
G83062,1,184678,Active,2014-04-15,,full
G83063,1,184679,Inactive,2014-04-15,2018-09-30,full
G83064,1,184680,Inactive,2014-04-15,2019-05-01,full
G83065,1,184681,Active,2014-04-15,,full
G83066,1,184682,Active,2014-04-15,,full
G83067,1,184683,Active,2014-04-15,,full
G83068,1,184684,Inactive,2014-04-15,2018-09-30,full
G83605,1,184686,Inactive,2014-04-15,2015-10-07,archive
G83628,1,184695,Active,2014-04-15,,full
G83630,1,184696,Active,2014-04-15,,full
G83631,1,184697,Active,2014-04-15,,full
G83633,1,184698,Active,2014-04-15,,full
G83635,1,184700,Active,2014-04-15,,full
G83641,1,184702,Active,2014-04-15,,full
G83642,1,184703,Active,2014-04-15,,full
G83647,1,184706,Active,2014-04-15,,full
G83651,1,184707,Active,2014-04-15,,full
G83654,1,184708,Active,2014-04-15,,full
G83655,1,184709,Inactive,2014-04-15,2018-09-30,full
G83663,1,184713,Inactive,2014-04-15,2021-06-30,full
G83668,1,184714,Inactive,2014-04-15,2018-09-30,full
G83670,1,184715,Inactive,2014-04-15,2014-06-30,archive
G83672,1,184717,Inactive,2014-04-15,2019-12-04,full
G83673,1,184718,Active,2014-04-15,,full
G83674,1,184719,Inactive,2012-09-30,2012-09-30,archive
G83675,1,184720,Inactive,2014-04-15,2014-06-30,archive
G83680,1,184724,Active,2014-04-15,,full
G84001,1,184726,Active,2014-04-15,,full
G84002,1,184727,Active,2014-04-15,,full
G84003,1,184728,Active,2014-04-15,,full
G84004,1,184729,Active,2014-04-15,,full
G84005,1,184730,Active,2014-04-15,,full
G84006,1,184731,Active,2014-04-15,,full
G84007,1,184732,Active,2014-04-15,,full
G84008,1,184733,Active,2014-04-15,,full
G84009,1,184734,Active,2014-04-15,,full
G84010,1,184735,Active,2014-04-15,,full
G84011,1,184736,Active,2014-04-15,,full
G84013,1,184738,Active,2014-04-15,,full
G84015,1,184739,Active,2014-04-15,,full
G84016,1,184740,Active,2014-04-15,,full
G84017,1,184741,Active,2014-04-15,,full
G84018,1,184742,Active,2014-04-15,,full
G84019,1,184743,Active,2014-04-15,,full
G84020,1,184744,Active,2014-04-15,,full
G84021,1,184745,Inactive,2014-04-15,2020-11-30,full
G84022,1,184746,Inactive,2014-04-15,2021-08-31,full
G84023,1,184747,Active,2014-04-15,,full
G84024,1,184748,Active,2014-04-15,,full
G84025,1,184749,Active,2014-04-15,,full
G84027,1,184751,Active,2014-04-15,,full
G84028,1,184752,Active,2014-04-15,,full
G84029,1,184753,Active,2014-04-15,,full
G84030,1,184754,Active,2014-04-15,,full
G84032,1,184755,Active,2014-04-15,,full
G84033,1,184756,Active,2014-04-15,,full
G84035,1,184758,Active,2014-04-15,,full
G84037,1,184759,Inactive,2014-04-15,2015-05-31,archive
G84039,1,184760,Active,2014-04-15,,full
G84040,1,184761,Active,2014-04-15,,full
G84041,1,184762,Active,2014-04-15,,full
G84604,1,184764,Active,2014-04-15,,full
G84607,1,184765,Active,2014-04-15,,full
G84609,1,184766,Active,2014-04-15,,full
G84621,1,184773,Active,2014-04-15,,full
G84624,1,184776,Active,2014-04-15,,full
G84625,1,184777,Active,2014-04-15,,full
G84627,1,184778,Active,2014-04-15,,full
G84628,1,184779,Inactive,2014-04-15,2020-06-30,full
G84629,1,184780,Active,2014-04-15,,full
G84630,1,184781,Active,2014-04-15,,full
G85001,1,184783,Active,2014-04-15,,full
G85002,1,184784,Active,2014-04-15,,full
G85003,1,184785,Inactive,2014-04-15,2023-02-28,full
G85004,1,184786,Active,2014-04-15,,full
G85005,1,184787,Inactive,2014-04-15,2023-12-31,full
G85006,1,184788,Active,2014-04-15,,full
G85007,1,184789,Inactive,2014-04-15,2014-08-31,archive
G85008,1,184790,Inactive,2014-04-15,2022-07-31,full
G85009,1,184791,Inactive,2014-04-15,2018-09-30,full
G85010,1,184792,Inactive,2014-04-15,2019-07-31,full
G85011,1,184793,Active,2014-04-15,,full
G85012,1,184794,Inactive,2014-04-15,2018-05-02,full
G85013,1,184795,Active,2014-04-15,,full
G85014,1,184796,Active,2014-04-15,,full
G85015,1,184797,Active,2014-04-15,,full
G85016,1,184798,Active,2014-04-15,,full
G85019,1,184799,Active,2014-04-15,,full
G85020,1,184800,Active,2014-04-15,,full
G85021,1,184801,Active,2014-04-15,,full
G85022,1,184802,Active,2014-04-15,,full
G85023,1,184803,Active,2014-04-15,,full
G85024,1,184804,Active,2014-04-15,,full
G85025,1,184805,Active,2014-04-15,,full
G85026,1,184806,Active,2014-04-15,,full
G85027,1,184807,Inactive,2014-04-15,2025-09-30,full
G85028,1,184808,Active,2014-04-15,,full
G85029,1,184809,Active,2014-04-15,,full
G85030,1,184810,Active,2014-04-15,,full
G85031,1,184811,Active,2014-04-15,,full
G85032,1,184812,Active,2014-04-15,,full
G85034,1,184813,Active,2014-04-15,,full
G85035,1,184814,Inactive,2014-04-15,2023-02-28,full
G85036,1,184815,Inactive,2014-04-15,2019-12-04,full
G85038,1,184816,Active,2014-04-15,,full
G85039,1,184817,Active,2014-04-15,,full
G85040,1,184818,Active,2014-04-15,,full
G85041,1,184819,Active,2014-04-15,,full
G85042,1,184820,Active,2014-04-15,,full
G85043,1,184821,Inactive,2012-09-30,2012-09-30,archive
G85044,1,184822,Active,2014-04-15,,full
G85045,1,184823,Active,2014-04-15,,full
G85046,1,184824,Active,2014-04-15,,full
G85047,1,184825,Active,2014-04-15,,full
G85048,1,184826,Inactive,2014-04-15,2021-06-30,full
G85050,1,184828,Inactive,2014-04-15,2020-07-31,full
G85051,1,184829,Active,2014-04-15,,full
G85052,1,184830,Active,2014-04-15,,full
G85053,1,184831,Active,2014-04-15,,full
G85054,1,184832,Active,2014-04-15,,full
G85055,1,184833,Inactive,2014-04-15,2023-12-31,full
G85057,1,184834,Active,2014-04-15,,full
G85060,1,184835,Inactive,2014-04-15,2014-06-30,archive
G85061,1,184836,Active,2014-04-15,,full
G85073,1,184838,Active,2014-04-15,,full
G85076,1,184840,Active,2014-04-15,,full
G85078,1,184842,Inactive,2014-04-15,2016-06-08,archive
G85081,1,184843,Inactive,2014-04-15,2020-06-30,full
G85082,1,184844,Inactive,2014-04-15,2021-06-30,full
G85083,1,184845,Active,2014-04-15,,full
G85084,1,184846,Active,2014-04-15,,full
G85085,1,184847,Active,2014-04-15,,full
G85086,1,184848,Active,2014-04-15,,full
G85087,1,184849,Active,2014-04-15,,full
G85088,1,184850,Inactive,2014-04-15,2018-05-02,full
G85089,1,184851,Inactive,2014-04-15,2023-02-28,full
G85091,1,184852,Active,2014-04-15,,full
G85094,1,184853,Inactive,2014-04-15,2018-05-02,full
G85095,1,184854,Inactive,2014-04-15,2018-05-02,full
G85096,1,184855,Active,2014-04-15,,full
G85097,1,184856,Inactive,2014-04-15,2018-09-30,full
G85099,1,184857,Inactive,2014-04-15,2018-09-30,full
G85100,1,184858,Active,2014-04-15,,full
G85102,1,184859,Active,2014-04-15,,full
G85104,1,184860,Active,2014-04-15,,full
G85105,1,184861,Active,2014-04-15,,full
G85106,1,184862,Inactive,2014-04-15,2021-06-30,full
G85109,1,184865,Active,2014-04-15,,full
G85112,1,184867,Inactive,2014-04-15,2020-07-31,full
G85113,1,184868,Inactive,2014-04-15,2018-09-30,full
G85114,1,184869,Active,2014-04-15,,full
G85118,1,184870,Inactive,2014-04-15,2022-03-31,full
G85119,1,184871,Active,2014-04-15,,full
G85120,1,184872,Active,2014-04-15,,full
G85121,1,184873,Active,2014-04-15,,full
G85123,1,184874,Active,2014-04-15,,full
G85124,1,184875,Inactive,2014-04-15,2023-12-31,full
G85125,1,184876,Active,2014-04-15,,full
G85127,1,184878,Active,2014-04-15,,full
G85129,1,184879,Active,2014-04-15,,full
G85130,1,184880,Active,2014-04-15,,full
G85132,1,195354,Active,2014-04-15,,full
G85133,1,184882,Inactive,2014-04-15,2019-12-04,full
G85134,1,184883,Active,2014-04-15,,full
G85135,1,184884,Active,2014-04-15,,full
G85136,1,184885,Active,2014-04-15,,full
G85137,1,184886,Active,2014-04-15,,full
G85138,1,184887,Active,2014-04-15,,full
G85618,1,184888,Inactive,2014-04-15,2014-06-30,archive
G85623,1,184889,Active,2014-04-15,,full
G85632,1,184890,Active,2014-04-15,,full
G85633,1,184891,Active,2014-04-15,,full
G85642,1,184893,Active,2014-04-15,,full
G85644,1,184895,Active,2014-04-15,,full
G85647,1,184897,Active,2014-04-15,,full
G85650,1,184898,Inactive,2012-09-30,2012-09-30,archive
G85651,1,184899,Active,2014-04-15,,full
G85662,1,184902,Active,2014-04-15,,full
G85673,1,184905,Active,2014-04-15,,full
G85674,1,184906,Active,2014-04-15,,full
G85677,1,184907,Inactive,2014-04-15,2014-06-30,archive
G85681,1,184908,Active,2014-04-15,,full
G85682,1,184909,Inactive,2014-04-15,2017-08-31,full
G85685,1,184912,Active,2014-04-15,,full
G85690,1,184913,Active,2014-04-15,,full
G85692,1,184914,Inactive,2014-04-15,2018-12-20,full
G85695,1,184916,Active,2014-04-15,,full
G85696,1,184917,Active,2014-04-15,,full
G85698,1,184918,Active,2014-04-15,,full
G85700,1,184920,Inactive,2012-09-30,2012-09-30,archive
G85703,1,184922,Inactive,2014-04-15,2016-06-08,archive
G85705,1,184923,Active,2014-04-15,,full
G85706,1,184924,Active,2014-04-15,,full
G85707,1,184925,Inactive,2014-04-15,2015-10-07,archive
G85708,1,184926,Active,2014-04-15,,full
G85711,1,184927,Active,2014-04-15,,full
G85712,1,184928,Inactive,2014-04-15,2019-12-04,full
G85715,1,184930,Active,2014-04-15,,full
G85716,1,184931,Active,2014-04-15,,full
G85717,1,184932,Inactive,2014-04-15,2020-07-31,full
G85718,1,184933,Inactive,2012-09-30,2012-09-30,archive
G85719,1,184934,Inactive,2013-07-31,2013-07-31,archive
G85721,1,184935,Active,2014-04-15,,full
G85722,1,184936,Active,2014-04-15,,full
G85723,1,184937,Inactive,2014-04-15,2019-12-04,full
G85724,1,184938,Active,2014-04-15,,full
G85726,1,184939,Active,2014-04-15,,full
G85727,1,184940,Active,2014-04-15,,full
G85736,1,184948,Active,2014-04-15,,full
H81002,1,184949,Active,2014-04-15,,full
H81003,1,184950,Active,2014-04-15,,full
H81004,1,184951,Active,2014-04-15,,full
H81005,1,184952,Active,2014-04-15,,full
H81006,1,184953,Active,2014-04-15,,full
H81007,1,184954,Inactive,2014-04-15,2025-04-30,full
H81009,1,184955,Active,2014-04-15,,full
H81010,1,184956,Active,2014-04-15,,full
H81011,1,184957,Active,2014-04-15,,full
H81013,1,184958,Active,2014-04-15,,full
H81015,1,184959,Active,2014-04-15,,full
H81016,1,184960,Active,2014-04-15,,full
H81017,1,184961,Active,2014-04-15,,full
H81019,1,184962,Active,2014-04-15,,full
H81020,1,184963,Active,2014-04-15,,full
H81021,1,184964,Active,2014-04-15,,full
H81022,1,184965,Active,2014-04-15,,full
H81023,1,184966,Active,2014-04-15,,full
H81024,1,184967,Active,2014-04-15,,full
H81025,1,184968,Active,2014-04-15,,full
H81026,1,184969,Active,2014-04-15,,full
H81027,1,184970,Active,2014-04-15,,full
H81028,1,184971,Active,2014-04-15,,full
H81029,1,184972,Active,2014-04-15,,full
H81030,1,184973,Active,2014-04-15,,full
H81031,1,184974,Active,2014-04-15,,full
H81032,1,184975,Active,2014-04-15,,full
H81033,1,184976,Active,2014-04-15,,full
H81034,1,184977,Active,2014-04-15,,full
H81035,1,184978,Active,2014-04-15,,full
H81036,1,184979,Active,2014-04-15,,full
H81037,1,184980,Inactive,2014-04-15,2024-10-31,full
H81038,1,184981,Active,2014-04-15,,full
H81039,1,184982,Active,2014-04-15,,full
H81040,1,184983,Active,2014-04-15,,full
H81041,1,184984,Active,2014-04-15,,full
H81042,1,184985,Active,2014-04-15,,full
H81043,1,184986,Active,2014-04-15,,full
H81044,1,184987,Active,2014-04-15,,full
H81045,1,184988,Active,2014-04-15,,full
H81046,1,184989,Active,2014-04-15,,full
H81047,1,184990,Active,2014-04-15,,full
H81048,1,184991,Active,2014-04-15,,full
H81050,1,184992,Active,2014-04-15,,full
H81051,1,184993,Active,2014-04-15,,full
H81052,1,184994,Active,2014-04-15,,full
H81053,1,184995,Active,2014-04-15,,full
H81054,1,184996,Inactive,2014-04-15,2019-04-30,full
H81055,1,184997,Active,2014-04-15,,full
H81056,1,184998,Active,2014-04-15,,full
H81057,1,184999,Active,2014-04-15,,full
H81058,1,185000,Active,2014-04-15,,full
H81060,1,185001,Inactive,2014-04-15,2024-10-31,full
H81061,1,185002,Active,2014-04-15,,full
H81062,1,185003,Active,2014-04-15,,full
H81064,1,185004,Active,2014-04-15,,full
H81065,1,185005,Active,2014-04-15,,full
H81066,1,185006,Active,2014-04-15,,full
H81067,1,185007,Active,2014-04-15,,full
H81068,1,185008,Active,2014-04-15,,full
H81069,1,185009,Active,2014-04-15,,full
H81070,1,185010,Active,2014-04-15,,full
H81071,1,185011,Active,2014-04-15,,full
H81072,1,185012,Active,2014-04-15,,full
H81073,1,185013,Active,2014-04-15,,full
H81074,1,185014,Active,2014-04-15,,full
H81075,1,185015,Active,2014-04-15,,full
H81076,1,185016,Active,2014-04-15,,full
H81077,1,185017,Active,2014-04-15,,full
H81078,1,185018,Active,2014-04-15,,full
H81079,1,185019,Inactive,2014-04-15,2020-11-30,full
H81080,1,185020,Active,2014-04-15,,full
H81081,1,185021,Active,2014-04-15,,full
H81082,1,185022,Active,2014-04-15,,full
H81083,1,185023,Inactive,2014-04-15,2025-04-30,full
H81084,1,185024,Active,2014-04-15,,full
H81085,1,185025,Active,2014-04-15,,full
H81086,1,185026,Active,2014-04-15,,full
H81087,1,185027,Active,2014-04-15,,full
H81088,1,185028,Active,2014-04-15,,full
H81089,1,185029,Active,2014-04-15,,full
H81090,1,185030,Active,2014-04-15,,full
H81091,1,185031,Active,2014-04-15,,full
H81093,1,185032,Inactive,2014-04-15,2014-11-30,archive
H81094,1,185033,Active,2014-04-15,,full
H81095,1,185034,Active,2014-04-15,,full
H81097,1,185036,Inactive,2014-04-15,2022-04-30,full
H81099,1,185037,Active,2014-04-15,,full
H81101,1,185039,Inactive,2014-04-15,2020-11-30,full
H81103,1,185040,Active,2014-04-15,,full
H81104,1,185041,Active,2014-04-15,,full
H81106,1,185042,Inactive,2012-09-30,2012-09-30,archive
H81107,1,185043,Active,2014-04-15,,full
H81109,1,185044,Active,2014-04-15,,full
H81110,1,185045,Active,2014-04-15,,full
H81111,1,185046,Active,2014-04-15,,full
H81113,1,185047,Active,2014-04-15,,full
H81116,1,185049,Active,2014-04-15,,full
H81118,1,185050,Inactive,2014-04-15,2018-09-30,full
H81119,1,185051,Active,2014-04-15,,full
H81122,1,185052,Active,2014-04-15,,full
H81123,1,185053,Active,2014-04-15,,full
H81125,1,185054,Inactive,2014-04-15,2017-01-31,archive
H81126,1,185055,Active,2014-04-15,,full
H81128,1,185056,Active,2014-04-15,,full
H81129,1,185057,Active,2014-04-15,,full
H81130,1,185058,Active,2014-04-15,,full
H81131,1,185059,Active,2014-04-15,,full
H81132,1,185060,Inactive,2014-04-15,2025-07-31,full
H81133,1,185061,Active,2014-04-15,,full
H81134,1,185062,Active,2014-04-15,,full
H81611,1,185063,Inactive,2014-04-15,2019-12-04,full
H81613,1,185064,Inactive,2014-04-15,2026-01-31,full
H81615,1,185065,Active,2014-04-15,,full
H81618,1,185066,Active,2014-04-15,,full
H81620,1,185067,Inactive,2014-04-15,2019-12-04,full
H81622,1,185069,Inactive,2014-04-15,2017-01-04,archive
H81632,1,185073,Active,2014-04-15,,full
H81638,1,185077,Active,2014-04-15,,full
H81641,1,185078,Active,2014-04-15,,full
H81642,1,185079,Active,2014-04-15,,full
H81643,1,185080,Active,2014-04-15,,full
H81644,1,185081,Active,2014-04-15,,full
H81647,1,185082,Inactive,2014-04-15,2020-11-30,full
H81648,1,185083,Inactive,2012-09-30,2012-09-30,archive
H81656,1,185087,Active,2014-04-15,,full
H81658,1,185088,Active,2014-04-15,,full
H81663,1,185091,Active,2014-04-15,,full
H81664,1,185092,Inactive,2014-04-15,2020-11-30,full
H81667,1,185095,Inactive,2014-04-15,2018-12-20,full
H81672,1,185100,Active,2014-04-15,,full
H82002,1,185102,Inactive,2014-04-15,2017-04-30,full
H82003,1,185103,Active,2014-04-15,,full
H82004,1,185104,Active,2014-04-15,,full
H82005,1,185105,Active,2014-04-15,,full
H82006,1,185106,Active,2014-04-15,,full
H82007,1,185107,Active,2014-04-15,,full
H82008,1,185108,Inactive,2014-04-15,2022-11-30,full
H82009,1,185109,Active,2014-04-15,,full
H82010,1,185110,Inactive,2014-04-15,2022-11-30,full
H82011,1,185111,Active,2014-04-15,,full
H82012,1,185112,Active,2014-04-15,,full
H82013,1,185113,Active,2014-04-15,,full
H82014,1,185114,Active,2014-04-15,,full
H82015,1,185115,Inactive,2014-04-15,2021-08-31,full
H82016,1,185116,Active,2014-04-15,,full
H82017,1,185117,Active,2014-04-15,,full
H82020,1,185120,Active,2014-04-15,,full
H82021,1,185121,Active,2014-04-15,,full
H82022,1,185122,Active,2014-04-15,,full
H82023,1,185123,Active,2014-04-15,,full
H82024,1,185124,Inactive,2014-04-15,2016-08-10,archive
H82025,1,185125,Active,2014-04-15,,full
H82026,1,185126,Active,2014-04-15,,full
H82027,1,185127,Active,2014-04-15,,full
H82028,1,185128,Active,2014-04-15,,full
H82029,1,185129,Inactive,2014-04-15,2022-03-31,full
H82030,1,185130,Active,2014-04-15,,full
H82031,1,185131,Active,2014-04-15,,full
H82032,1,185132,Active,2014-04-15,,full
H82033,1,185133,Active,2014-04-15,,full
H82034,1,185134,Active,2014-04-15,,full
H82035,1,185135,Active,2014-04-15,,full
H82036,1,185136,Active,2014-04-15,,full
H82037,1,185137,Active,2014-04-15,,full
H82038,1,185138,Active,2014-04-15,,full
H82039,1,185139,Active,2014-04-15,,full
H82040,1,185140,Active,2014-04-15,,full
H82041,1,185141,Active,2014-04-15,,full
H82042,1,185142,Active,2014-04-15,,full
H82043,1,185143,Active,2014-04-15,,full
H82044,1,185144,Active,2014-04-15,,full
H82045,1,185145,Active,2014-04-15,,full
H82046,1,185146,Active,2014-04-15,,full
H82047,1,185147,Active,2014-04-15,,full
H82048,1,185148,Active,2014-04-15,,full
H82049,1,185149,Active,2014-04-15,,full
H82050,1,185150,Active,2014-04-15,,full
H82051,1,185151,Active,2014-04-15,,full
H82052,1,185152,Active,2014-04-15,,full
H82053,1,185153,Active,2014-04-15,,full
H82055,1,185154,Active,2014-04-15,,full
H82056,1,185155,Active,2014-04-15,,full
H82057,1,185156,Active,2014-04-15,,full
H82058,1,185157,Active,2014-04-15,,full
H82059,1,185158,Active,2014-04-15,,full
H82060,1,185159,Active,2014-04-15,,full
H82061,1,185160,Active,2014-04-15,,full
H82063,1,185162,Active,2014-04-15,,full
H82064,1,185163,Active,2014-04-15,,full
H82065,1,185164,Active,2014-04-15,,full
H82066,1,185165,Active,2014-04-15,,full
H82067,1,185166,Active,2014-04-15,,full
H82068,1,185167,Inactive,2014-04-15,2015-10-07,archive
H82069,1,185168,Inactive,2014-04-15,2018-02-01,full
H82070,1,185169,Active,2014-04-15,,full
H82072,1,185170,Active,2014-04-15,,full
H82076,1,185172,Active,2014-04-15,,full
H82077,1,185173,Active,2014-04-15,,full
H82078,1,185174,Active,2014-04-15,,full
H82083,1,185177,Inactive,2014-04-15,2022-03-31,full
H82084,1,185178,Active,2014-04-15,,full
H82086,1,185179,Inactive,2014-04-15,2017-11-01,full
H82087,1,185180,Active,2014-04-15,,full
H82088,1,185181,Active,2014-04-15,,full
H82089,1,185182,Active,2014-04-15,,full
H82091,1,185183,Active,2014-04-15,,full
H82092,1,185184,Active,2014-04-15,,full
H82094,1,185185,Inactive,2014-04-15,2018-09-30,full
H82095,1,185186,Active,2014-04-15,,full
H82096,1,185187,Active,2014-04-15,,full
H82098,1,185188,Active,2014-04-15,,full
H82099,1,185189,Active,2014-04-15,,full
H82100,1,185190,Active,2014-04-15,,full
H82101,1,185191,Inactive,2014-04-15,2017-01-31,archive
H82615,1,185193,Active,2014-04-15,,full
H82621,1,185195,Inactive,2014-04-15,2022-11-30,full
H82625,1,185198,Inactive,2014-04-15,2015-02-25,archive
H82640,1,185205,Active,2014-04-15,,full
H82641,1,185206,Inactive,2014-04-15,2020-07-31,full
H82643,1,185208,Inactive,2014-04-15,2018-02-01,full
H83001,1,185222,Active,2014-04-15,,full
H83002,1,185223,Inactive,2014-04-15,2019-04-30,full
H83004,1,185225,Active,2014-04-15,,full
H83005,1,185226,Active,2014-04-15,,full
H83006,1,185227,Active,2014-04-15,,full
H83007,1,185228,Active,2014-04-15,,full
H83008,1,185229,Active,2014-04-15,,full
H83009,1,185230,Active,2014-04-15,,full
H83010,1,185231,Active,2014-04-15,,full
H83011,1,185232,Active,2014-04-15,,full
H83012,1,185233,Active,2014-04-15,,full
H83013,1,185234,Active,2014-04-15,,full
H83014,1,185235,Active,2014-04-15,,full
H83015,1,185236,Active,2014-04-15,,full
H83016,1,185237,Active,2014-04-15,,full
H83017,1,185238,Active,2014-04-15,,full
H83018,1,185239,Active,2014-04-15,,full
H83019,1,185240,Active,2014-04-15,,full
H83020,1,185241,Active,2014-04-15,,full
H83021,1,185242,Active,2014-04-15,,full
H83022,1,185243,Active,2014-04-15,,full
H83023,1,185244,Active,2014-04-15,,full
H83024,1,185245,Active,2014-04-15,,full
H83025,1,185246,Inactive,2014-04-15,2017-04-30,full
H83027,1,185248,Inactive,2014-04-15,2021-08-31,full
H83028,1,185249,Active,2014-04-15,,full
H83029,1,185250,Active,2014-04-15,,full
H83030,1,185251,Active,2014-04-15,,full
H83031,1,185252,Active,2014-04-15,,full
H83033,1,185254,Active,2014-04-15,,full
H83034,1,185255,Active,2014-04-15,,full
H83035,1,185256,Inactive,2014-04-15,2016-01-06,archive
H83037,1,185257,Active,2014-04-15,,full
H83039,1,185258,Active,2014-04-15,,full
H83040,1,185259,Inactive,2014-04-15,2023-12-31,full
H83041,1,185260,Inactive,2014-04-15,2016-09-07,archive
H83042,1,185261,Active,2014-04-15,,full
H83043,1,185262,Active,2014-04-15,,full
H83044,1,185263,Active,2014-04-15,,full
H83046,1,185264,Inactive,2014-04-15,2019-05-01,full
H83048,1,185265,Inactive,2014-04-15,2020-06-30,full
H83049,1,185266,Active,2014-04-15,,full
H83050,1,185267,Inactive,2014-04-15,2022-11-30,full
H83051,1,185268,Active,2014-04-15,,full
H83052,1,185269,Active,2014-04-15,,full
H83053,1,185270,Active,2014-04-15,,full
H83608,1,185271,Active,2014-04-15,,full
H83609,1,185272,Active,2014-04-15,,full
H83611,1,185273,Active,2014-04-15,,full
H83614,1,185275,Inactive,2012-09-30,2012-09-30,archive
H83616,1,185276,Inactive,2014-04-15,2015-03-31,archive
H83619,1,185279,Inactive,2014-04-15,2014-06-30,archive
H83620,1,185280,Inactive,2014-04-15,2019-12-04,full
H83622,1,185281,Inactive,2014-04-15,2019-07-31,full
H83623,1,185282,Inactive,2014-04-15,2020-11-30,full
H83624,1,185283,Active,2014-04-15,,full
H83625,1,185284,Inactive,2014-04-15,2023-12-31,full
H83626,1,185285,Inactive,2014-04-15,2019-04-30,full
H83627,1,185286,Active,2014-04-15,,full
H83631,1,185289,Active,2014-04-15,,full
H83634,1,185292,Inactive,2014-04-15,2019-01-31,full
H83635,1,185293,Inactive,2014-04-15,2015-10-07,archive
H84002,1,185299,Active,2014-04-15,,full
H84005,1,185300,Active,2014-04-15,,full
H84006,1,185301,Active,2014-04-15,,full
H84007,1,185302,Active,2014-04-15,,full
H84010,1,185304,Active,2014-04-15,,full
H84012,1,185306,Active,2014-04-15,,full
H84014,1,185307,Active,2014-04-15,,full
H84015,1,185308,Active,2014-04-15,,full
H84016,1,185309,Active,2014-04-15,,full
H84017,1,185310,Active,2014-04-15,,full
H84018,1,185311,Active,2014-04-15,,full
H84020,1,185312,Active,2014-04-15,,full
H84023,1,185314,Active,2014-04-15,,full
H84025,1,185315,Active,2014-04-15,,full
H84027,1,185316,Active,2014-04-15,,full
H84030,1,185317,Active,2014-04-15,,full
H84031,1,185318,Active,2014-04-15,,full
H84032,1,185319,Active,2014-04-15,,full
H84033,1,185320,Active,2014-04-15,,full
H84034,1,185321,Active,2014-04-15,,full
H84036,1,185322,Inactive,2013-07-31,2013-07-31,archive
H84039,1,185323,Active,2014-04-15,,full
H84040,1,185324,Active,2014-04-15,,full
H84041,1,185325,Active,2014-04-15,,full
H84042,1,185326,Active,2014-04-15,,full
H84043,1,185327,Inactive,2014-04-15,2020-11-30,full
H84044,1,185328,Active,2014-04-15,,full
H84048,1,185329,Active,2014-04-15,,full
H84049,1,185330,Inactive,2014-04-15,2018-09-30,full
H84050,1,185331,Active,2014-04-15,,full
H84051,1,185332,Active,2014-04-15,,full
H84053,1,185333,Active,2014-04-15,,full
H84054,1,185334,Active,2014-04-15,,full
H84055,1,185335,Active,2014-04-15,,full
H84057,1,185336,Active,2014-04-15,,full
H84058,1,185337,Inactive,2014-04-15,2018-09-30,full
H84059,1,185338,Active,2014-04-15,,full
H84060,1,185339,Active,2014-04-15,,full
H84061,1,185340,Active,2014-04-15,,full
H84062,1,185341,Active,2014-04-15,,full
H84607,1,185342,Inactive,2014-04-15,2015-10-07,archive
H84608,1,185343,Inactive,2014-04-15,2020-06-30,full
H84609,1,185344,Inactive,2014-04-15,2014-06-30,archive
H84615,1,185345,Inactive,2014-04-15,2016-06-08,archive
H84618,1,185347,Active,2014-04-15,,full
H84619,1,185348,Active,2014-04-15,,full
H84623,1,185349,Active,2014-04-15,,full
H84625,1,185351,Active,2014-04-15,,full
H84629,1,185353,Inactive,2014-04-15,2023-12-31,full
H84630,1,185354,Active,2014-04-15,,full
H84632,1,185356,Inactive,2014-04-15,2020-11-30,full
H84633,1,185357,Inactive,2014-04-15,2015-10-07,archive
H84635,1,185358,Active,2014-04-15,,full
H84637,1,185360,Inactive,2014-04-15,2018-09-30,full
H84639,1,185362,Active,2014-04-15,,full
H85001,1,185363,Active,2014-04-15,,full
H85002,1,185364,Active,2014-04-15,,full
H85003,1,185365,Active,2014-04-15,,full
H85004,1,185366,Inactive,2012-09-30,2012-09-30,archive
H85005,1,185367,Inactive,2014-04-15,2024-10-31,full
H85006,1,185368,Active,2014-04-15,,full
H85007,1,185369,Active,2014-04-15,,full
H85008,1,185370,Active,2014-04-15,,full
H85009,1,185371,Active,2014-04-15,,full
H85011,1,185372,Active,2014-04-15,,full
H85012,1,185373,Active,2014-04-15,,full
H85016,1,185374,Inactive,2014-04-15,2016-06-08,archive
H85018,1,185375,Active,2014-04-15,,full
H85019,1,185376,Inactive,2014-04-15,2020-06-30,full
H85020,1,185377,Active,2014-04-15,,full
H85021,1,185378,Active,2014-04-15,,full
H85022,1,185379,Active,2014-04-15,,full
H85023,1,185380,Active,2014-04-15,,full
H85024,1,185381,Active,2014-04-15,,full
H85025,1,185382,Active,2014-04-15,,full
H85026,1,185383,Active,2014-04-15,,full
H85027,1,185384,Active,2014-04-15,,full
H85028,1,185385,Active,2014-04-15,,full
H85029,1,185386,Active,2014-04-15,,full
H85030,1,185387,Active,2014-04-15,,full
H85031,1,185388,Active,2014-04-15,,full
H85032,1,185389,Inactive,2014-04-15,2025-07-31,full
H85033,1,185390,Active,2014-04-15,,full
H85035,1,185392,Inactive,2014-04-15,2023-12-31,full
H85037,1,185394,Active,2014-04-15,,full
H85038,1,185395,Active,2014-04-15,,full
H85039,1,185396,Inactive,2014-04-15,2015-07-08,archive
H85041,1,185397,Active,2014-04-15,,full
H85045,1,185398,Active,2014-04-15,,full
H85047,1,185399,Active,2014-04-15,,full
H85048,1,185400,Active,2014-04-15,,full
H85049,1,185401,Active,2014-04-15,,full
H85051,1,185402,Active,2014-04-15,,full
H85052,1,185403,Active,2014-04-15,,full
H85053,1,185404,Active,2014-04-15,,full
H85054,1,185405,Inactive,2014-04-15,2020-06-30,full
H85055,1,185406,Active,2014-04-15,,full
H85056,1,185407,Inactive,2014-04-15,2018-09-30,full
H85057,1,185408,Active,2014-04-15,,full
H85061,1,185410,Active,2014-04-15,,full
H85063,1,185411,Active,2014-04-15,,full
H85064,1,185412,Inactive,2012-09-30,2012-09-30,archive
H85065,1,185413,Active,2014-04-15,,full
H85066,1,185414,Active,2014-04-15,,full
H85067,1,185415,Active,2014-04-15,,full
H85069,1,185417,Active,2014-04-15,,full
H85070,1,185418,Active,2014-04-15,,full
H85072,1,185419,Inactive,2014-04-15,2019-12-04,full
H85075,1,185420,Active,2014-04-15,,full
H85076,1,185421,Active,2014-04-15,,full
H85077,1,185422,Active,2014-04-15,,full
H85078,1,185423,Active,2014-04-15,,full
H85082,1,185424,Active,2014-04-15,,full
H85086,1,185426,Inactive,2014-04-15,2017-01-31,archive
H85087,1,185427,Active,2014-04-15,,full
H85088,1,185428,Active,2014-04-15,,full
H85090,1,185430,Active,2014-04-15,,full
H85092,1,185431,Active,2014-04-15,,full
H85095,1,185433,Active,2014-04-15,,full
H85100,1,185435,Active,2014-04-15,,full
H85101,1,185436,Active,2014-04-15,,full
H85103,1,185437,Active,2014-04-15,,full
H85105,1,185439,Active,2014-04-15,,full
H85110,1,185441,Active,2014-04-15,,full
H85111,1,185442,Active,2014-04-15,,full
H85112,1,185443,Active,2014-04-15,,full
H85113,1,185444,Active,2014-04-15,,full
H85114,1,185445,Active,2014-04-15,,full
H85115,1,185446,Active,2014-04-15,,full
H85116,1,185447,Active,2014-04-15,,full
H85618,1,185450,Active,2014-04-15,,full
H85634,1,185452,Active,2014-04-15,,full
H85637,1,185454,Active,2014-04-15,,full
H85643,1,185456,Inactive,2014-04-15,2018-09-30,full
H85649,1,185461,Active,2014-04-15,,full
H85650,1,185462,Inactive,2014-04-15,2016-06-08,archive
H85653,1,185463,Active,2014-04-15,,full
H85656,1,185465,Active,2014-04-15,,full
H85659,1,185467,Active,2014-04-15,,full
H85662,1,185469,Active,2014-04-15,,full
H85664,1,185471,Active,2014-04-15,,full
H85665,1,185472,Inactive,2014-04-15,2024-10-31,full
H85674,1,185474,Inactive,2014-04-15,2018-02-01,full
H85680,1,185476,Active,2014-04-15,,full
H85682,1,185477,Active,2014-04-15,,full
H85683,1,185478,Active,2014-04-15,,full
H85686,1,185480,Active,2014-04-15,,full
H85691,1,185484,Active,2014-04-15,,full
H85693,1,185486,Active,2014-04-15,,full
H85695,1,185488,Inactive,2014-04-15,2022-11-30,full
J81002,1,185491,Active,2014-04-15,,full
J81003,1,185492,Inactive,2014-04-15,2024-10-31,full
J81004,1,185493,Inactive,2014-04-15,2022-07-31,full
J81005,1,185494,Inactive,2014-04-15,2022-04-30,full
J81006,1,185495,Active,2014-04-15,,full
J81009,1,185496,Active,2014-04-15,,full
J81010,1,185497,Active,2014-04-15,,full
J81011,1,185498,Active,2014-04-15,,full
J81012,1,185499,Active,2014-04-15,,full
J81013,1,185500,Active,2014-04-15,,full
J81014,1,185501,Active,2014-04-15,,full
J81015,1,185502,Inactive,2012-09-30,2012-09-30,archive
J81016,1,185503,Active,2014-04-15,,full
J81017,1,185504,Active,2014-04-15,,full
J81018,1,185505,Active,2014-04-15,,full
J81019,1,185506,Active,2014-04-15,,full
J81020,1,185507,Active,2014-04-15,,full
J81021,1,185508,Active,2014-04-15,,full
J81022,1,185509,Active,2014-04-15,,full
J81024,1,185510,Inactive,2014-04-15,2018-02-01,full
J81025,1,185511,Active,2014-04-15,,full
J81026,1,185512,Inactive,2014-04-15,2016-08-10,archive
J81027,1,185513,Active,2014-04-15,,full
J81028,1,185514,Active,2014-04-15,,full
J81029,1,185515,Active,2014-04-15,,full
J81030,1,185516,Active,2014-04-15,,full
J81031,1,185517,Inactive,2014-04-15,2020-11-30,full
J81032,1,185518,Inactive,2014-04-15,2020-07-31,full
J81033,1,185519,Active,2014-04-15,,full
J81034,1,185520,Active,2014-04-15,,full
J81035,1,185521,Active,2014-04-15,,full
J81036,1,185522,Active,2014-04-15,,full
J81038,1,185523,Inactive,2014-04-15,2018-02-01,full
J81039,1,185524,Active,2014-04-15,,full
J81040,1,185525,Inactive,2014-04-15,2020-06-30,full
J81041,1,185526,Active,2014-04-15,,full
J81042,1,185527,Active,2014-04-15,,full
J81043,1,185528,Inactive,2014-04-15,2018-12-20,full
J81044,1,185529,Inactive,2014-04-15,2022-07-31,full
J81045,1,185530,Active,2014-04-15,,full
J81046,1,185531,Active,2014-04-15,,full
J81047,1,185532,Active,2014-04-15,,full
J81048,1,185533,Inactive,2014-04-15,2022-07-31,full
J81049,1,185534,Active,2014-04-15,,full
J81050,1,185535,Inactive,2014-04-15,2018-12-20,full
J81051,1,185536,Active,2014-04-15,,full
J81052,1,185537,Inactive,2014-04-15,2024-10-31,full
J81053,1,185538,Active,2014-04-15,,full
J81054,1,185539,Inactive,2014-04-15,2022-07-31,full
J81055,1,185540,Inactive,2014-04-15,2020-06-30,full
J81056,1,185541,Active,2014-04-15,,full
J81057,1,185542,Active,2014-04-15,,full
J81058,1,185543,Active,2014-04-15,,full
J81059,1,185544,Active,2014-04-15,,full
J81061,1,185545,Active,2014-04-15,,full
J81062,1,185546,Active,2014-04-15,,full
J81063,1,185547,Inactive,2014-04-15,2018-12-20,full
J81064,1,185548,Active,2014-04-15,,full
J81065,1,185549,Inactive,2014-04-15,2018-05-02,full
J81066,1,185550,Active,2014-04-15,,full
J81067,1,185551,Active,2014-04-15,,full
J81068,1,185552,Active,2014-04-15,,full
J81069,1,185553,Inactive,2014-04-15,2020-07-31,full
J81070,1,185554,Active,2014-04-15,,full
J81071,1,185555,Inactive,2014-04-15,2022-03-31,full
J81072,1,185556,Active,2014-04-15,,full
J81073,1,185557,Active,2014-04-15,,full
J81074,1,185558,Active,2014-04-15,,full
J81075,1,185559,Active,2014-04-15,,full
J81076,1,185560,Active,2014-04-15,,full
J81077,1,185561,Active,2014-04-15,,full
J81078,1,185562,Active,2014-04-15,,full
J81081,1,185563,Active,2014-04-15,,full
J81082,1,185564,Active,2014-04-15,,full
J81083,1,185565,Active,2014-04-15,,full
J81085,1,185566,Inactive,2012-09-30,2012-09-30,archive
J81086,1,185567,Active,2014-04-15,,full
J81087,1,185568,Active,2014-04-15,,full
J81088,1,185569,Inactive,2012-09-30,2012-09-30,archive
J81090,1,185570,Inactive,2014-04-15,2018-09-30,full
J81609,1,185572,Active,2014-04-15,,full
J81612,1,185573,Active,2014-04-15,,full
J81613,1,185574,Inactive,2014-04-15,2025-04-30,full
J81616,1,185575,Active,2014-04-15,,full
J81620,1,185578,Active,2014-04-15,,full
J81621,1,185579,Active,2014-04-15,,full
J81623,1,185581,Inactive,2014-04-15,2017-01-04,archive
J81624,1,185582,Inactive,2014-04-15,2017-11-01,full
J81625,1,185583,Active,2014-04-15,,full
J81626,1,185584,Active,2014-04-15,,full
J81628,1,185585,Inactive,2014-04-15,2022-04-30,full
J81631,1,185586,Active,2014-04-15,,full
J81632,1,185587,Inactive,2014-04-15,2018-12-20,full
J81633,1,185588,Active,2014-04-15,,full
J81634,1,185589,Active,2014-04-15,,full
J81637,1,185590,Inactive,2014-04-15,2024-10-31,full
J81640,1,185593,Inactive,2014-04-15,2017-08-16,full
J81644,1,185595,Inactive,2014-04-15,2025-04-30,full
J81645,1,185596,Inactive,2014-04-15,2018-09-30,full
J81646,1,185597,Active,2014-04-15,,full
J81647,1,185598,Active,2014-04-15,,full
J81648,1,185599,Active,2014-04-15,,full
J82001,1,185610,Active,2014-04-15,,full
J82002,1,185611,Active,2014-04-15,,full
J82004,1,185612,Inactive,2014-04-15,2018-09-30,full
J82005,1,185613,Active,2014-04-15,,full
J82006,1,185614,Inactive,2014-04-15,2024-03-31,full
J82007,1,185615,Active,2014-04-15,,full
J82008,1,185616,Inactive,2014-04-15,2023-12-31,full
J82009,1,185617,Active,2014-04-15,,full
J82010,1,185618,Active,2014-04-15,,full
J82012,1,185619,Active,2014-04-15,,full
J82014,1,185620,Inactive,2013-10-31,2013-10-31,archive
J82015,1,185621,Active,2014-04-15,,full
J82016,1,185622,Active,2014-04-15,,full
J82017,1,185623,Active,2014-04-15,,full
J82018,1,185624,Active,2014-04-15,,full
J82019,1,185625,Active,2014-04-15,,full
J82020,1,185626,Active,2014-04-15,,full
J82021,1,185627,Active,2014-04-15,,full
J82022,1,185628,Active,2014-04-15,,full
J82023,1,185629,Inactive,2014-04-15,2022-11-30,full
J82024,1,185630,Active,2014-04-15,,full
J82025,1,185631,Active,2014-04-15,,full
J82026,1,185632,Active,2014-04-15,,full
J82027,1,185633,Inactive,2014-04-15,2018-04-30,full
J82028,1,185634,Active,2014-04-15,,full
J82029,1,185635,Inactive,2014-04-15,2021-06-30,full
J82030,1,185636,Inactive,2014-04-15,2019-04-30,full
J82031,1,185637,Inactive,2014-04-15,2015-07-08,archive
J82032,1,185638,Inactive,2014-04-15,2016-06-08,archive
J82033,1,185639,Active,2014-04-15,,full
J82034,1,185640,Active,2014-04-15,,full
J82035,1,185641,Active,2014-04-15,,full
J82036,1,185642,Active,2014-04-15,,full
J82037,1,185643,Inactive,2014-04-15,2015-07-08,archive
J82038,1,185644,Inactive,2014-04-15,2017-01-04,archive
J82039,1,185645,Active,2014-04-15,,full
J82040,1,185646,Active,2014-04-15,,full
J82041,1,185647,Inactive,2014-04-15,2024-03-31,full
J82042,1,185648,Active,2014-04-15,,full
J82044,1,185649,Inactive,2014-04-15,2022-11-30,full
J82046,1,185650,Inactive,2014-04-15,2019-12-04,full
J82049,1,185651,Active,2014-04-15,,full
J82050,1,185652,Active,2014-04-15,,full
J82051,1,185653,Active,2014-04-15,,full
J82052,1,185654,Inactive,2014-04-15,2017-04-30,full
J82053,1,185655,Active,2014-04-15,,full
J82054,1,185656,Active,2014-04-15,,full
J82055,1,185657,Active,2014-04-15,,full
J82056,1,185658,Active,2014-04-15,,full
J82058,1,185660,Active,2014-04-15,,full
J82059,1,185661,Active,2014-04-15,,full
J82060,1,185662,Active,2014-04-15,,full
J82061,1,185663,Active,2014-04-15,,full
J82062,1,185664,Active,2014-04-15,,full
J82063,1,185665,Inactive,2014-04-15,2025-12-31,full
J82064,1,185666,Active,2014-04-15,,full
J82065,1,185667,Inactive,2014-04-15,2019-12-04,full
J82066,1,185668,Active,2014-04-15,,full
J82067,1,185669,Active,2014-04-15,,full
J82069,1,185670,Active,2014-04-15,,full
J82071,1,185672,Active,2014-04-15,,full
J82072,1,185673,Active,2014-04-15,,full
J82073,1,185674,Active,2014-04-15,,full
J82074,1,185675,Active,2014-04-15,,full
J82075,1,185676,Active,2014-04-15,,full
J82076,1,185677,Active,2014-04-15,,full
J82077,1,185678,Inactive,2014-04-15,2022-04-30,full
J82079,1,185679,Active,2014-04-15,,full
J82080,1,185680,Active,2014-04-15,,full
J82081,1,185681,Active,2014-04-15,,full
J82082,1,185682,Active,2014-04-15,,full
J82083,1,185683,Active,2014-04-15,,full
J82084,1,185684,Active,2014-04-15,,full
J82085,1,185685,Active,2014-04-15,,full
J82086,1,185686,Inactive,2014-04-15,2018-02-01,full
J82087,1,185687,Active,2014-04-15,,full
J82088,1,185688,Active,2014-04-15,,full
J82089,1,185689,Active,2014-04-15,,full
J82090,1,185690,Inactive,2014-04-15,2023-12-31,full
J82091,1,185691,Inactive,2014-04-15,2017-08-16,full
J82092,1,185692,Active,2014-04-15,,full
J82093,1,185693,Inactive,2014-04-15,2017-04-30,full
J82094,1,185694,Active,2014-04-15,,full
J82096,1,185695,Inactive,2014-04-15,2017-04-30,full
J82097,1,185696,Inactive,2014-04-15,2020-07-31,full
J82098,1,185697,Active,2014-04-15,,full
J82099,1,185698,Active,2014-04-15,,full
J82100,1,185699,Inactive,2014-04-15,2018-09-30,full
J82101,1,185700,Active,2014-04-15,,full
J82102,1,185701,Active,2014-04-15,,full
J82103,1,185702,Active,2014-04-15,,full
J82104,1,185703,Active,2014-04-15,,full
J82106,1,185704,Active,2014-04-15,,full
J82110,1,185705,Active,2014-04-15,,full
J82112,1,185707,Active,2014-04-15,,full
J82113,1,185708,Inactive,2014-04-15,2018-09-30,full
J82114,1,185709,Inactive,2014-04-15,2024-03-31,full
J82115,1,185710,Active,2014-04-15,,full
J82116,1,185711,Active,2014-04-15,,full
J82117,1,185712,Inactive,2014-04-15,2021-06-30,full
J82119,1,185713,Active,2014-04-15,,full
J82120,1,185714,Active,2014-04-15,,full
J82121,1,185715,Active,2014-04-15,,full
J82122,1,185716,Active,2014-04-15,,full
J82123,1,185717,Inactive,2014-04-15,2019-12-04,full
J82124,1,185718,Active,2014-04-15,,full
J82125,1,185719,Active,2014-04-15,,full
J82126,1,185720,Active,2014-04-15,,full
J82127,1,185721,Inactive,2014-04-15,2018-09-30,full
J82128,1,185722,Active,2014-04-15,,full
J82129,1,185723,Active,2014-04-15,,full
J82130,1,185724,Active,2014-04-15,,full
J82131,1,185725,Active,2014-04-15,,full
J82132,1,185726,Active,2014-04-15,,full
J82133,1,185727,Inactive,2014-04-15,2022-03-31,full
J82134,1,185728,Active,2014-04-15,,full
J82135,1,185729,Inactive,2014-04-15,2024-03-31,full
J82136,1,185730,Active,2014-04-15,,full
J82138,1,185732,Active,2014-04-15,,full
J82139,1,185733,Active,2014-04-15,,full
J82141,1,185734,Inactive,2014-04-15,2020-11-30,full
J82142,1,185735,Active,2014-04-15,,full
J82143,1,185736,Active,2014-04-15,,full
J82144,1,185737,Active,2014-04-15,,full
J82145,1,185738,Active,2014-04-15,,full
J82146,1,185739,Active,2014-04-15,,full
J82147,1,185740,Active,2014-04-15,,full
J82149,1,185741,Active,2014-04-15,,full
J82150,1,185742,Active,2014-04-15,,full
J82151,1,185743,Active,2014-04-15,,full
J82152,1,185744,Active,2014-04-15,,full
J82154,1,185745,Active,2014-04-15,,full
J82155,1,185746,Active,2014-04-15,,full
J82156,1,185747,Active,2014-04-15,,full
J82157,1,185748,Active,2014-04-15,,full
J82159,1,195358,Inactive,2014-04-15,2015-10-14,archive
J82161,1,185750,Active,2014-04-15,,full
J82163,1,185751,Active,2014-04-15,,full
J82164,1,185752,Inactive,2014-04-15,2023-12-31,full
J82165,1,185753,Inactive,2014-04-15,2020-07-31,full
J82166,1,185754,Inactive,2014-04-15,2021-06-30,full
J82167,1,185755,Inactive,2014-04-15,2016-01-06,archive
J82168,1,185756,Inactive,2014-04-15,2017-04-30,full
J82169,1,185757,Active,2014-04-15,,full
J82171,1,185759,Inactive,2014-04-15,2018-12-20,full
J82174,1,185760,Active,2014-04-15,,full
J82175,1,185761,Inactive,2014-04-15,2016-06-08,archive
J82177,1,185762,Inactive,2014-04-15,2021-08-31,full
J82178,1,185763,Active,2014-04-15,,full
J82180,1,185764,Inactive,2014-04-15,2024-10-31,full
J82181,1,185765,Active,2014-04-15,,full
J82182,1,185766,Inactive,2014-04-15,2016-06-08,archive
J82183,1,185767,Inactive,2014-04-15,2025-04-30,full
J82184,1,185768,Active,2014-04-15,,full
J82186,1,185769,Inactive,2014-04-15,2015-10-07,archive
J82187,1,185770,Inactive,2014-04-15,2018-12-20,full
J82188,1,185771,Inactive,2014-04-15,2022-11-30,full
J82190,1,185773,Inactive,2014-04-15,2019-01-31,full
J82191,1,185774,Inactive,2014-04-15,2017-01-04,archive
J82192,1,185775,Inactive,2014-04-15,2022-11-30,full
J82194,1,185776,Active,2014-04-15,,full
J82195,1,185777,Inactive,2014-04-15,2020-06-30,full
J82196,1,185778,Active,2014-04-15,,full
J82197,1,185779,Inactive,2014-04-15,2023-12-31,full
J82198,1,185780,Active,2014-04-15,,full
J82199,1,185781,Active,2014-04-15,,full
J82201,1,185782,Active,2014-04-15,,full
J82203,1,185783,Inactive,2014-04-15,2018-02-01,full
J82206,1,185785,Inactive,2014-04-15,2019-04-30,full
J82207,1,185786,Active,2014-04-15,,full
J82208,1,185787,Active,2014-04-15,,full
J82210,1,185788,Active,2014-04-15,,full
J82212,1,185790,Inactive,2014-04-15,2019-07-31,full
J82213,1,185791,Active,2014-04-15,,full
J82214,1,185792,Active,2014-04-15,,full
J82215,1,185793,Active,2014-04-15,,full
J82216,1,185794,Active,2014-04-15,,full
J82217,1,185795,Active,2014-04-15,,full
J82218,1,185796,Active,2014-04-15,,full
J82219,1,185797,Inactive,2014-04-15,2014-11-30,archive
J82220,1,185798,Inactive,2014-04-15,2023-02-28,full
J82605,1,185799,Active,2014-04-15,,full
J82607,1,195359,Inactive,2014-04-15,2014-11-30,archive
J82609,1,185800,Inactive,2014-04-15,2018-04-30,full
J82612,1,185802,Inactive,2014-04-15,2015-02-25,archive
J82619,1,185806,Inactive,2014-04-15,2018-04-30,full
J82620,1,185807,Inactive,2014-04-15,2014-08-31,archive
J82622,1,185808,Active,2014-04-15,,full
J82625,1,185809,Active,2014-04-15,,full
J82628,1,185810,Active,2014-04-15,,full
J82629,1,185811,Inactive,2014-04-15,2017-04-30,full
J82630,1,185812,Active,2014-04-15,,full
J82631,1,185813,Inactive,2014-04-15,2017-01-04,archive
J82633,1,185815,Inactive,2014-04-15,2025-02-28,full
J82634,1,185816,Inactive,2014-04-15,2015-05-31,archive
J82639,1,185818,Active,2014-04-15,,full
J82640,1,185819,Active,2014-04-15,,full
J82645,1,185822,Inactive,2012-09-30,2012-09-30,archive
J82646,1,185823,Active,2014-04-15,,full
J82647,1,185824,Inactive,2014-04-15,2015-02-28,archive
J82648,1,185825,Inactive,2014-04-15,2020-06-30,full
J82650,1,185827,Inactive,2014-04-15,2017-11-01,full
J82651,1,185828,Inactive,2013-10-31,2013-10-31,archive
J82657,1,185831,Inactive,2012-09-30,2012-09-30,archive
J82663,1,185833,Inactive,2014-04-15,2025-07-31,full
J82669,1,185836,Active,2014-04-15,,full
J82688,1,185853,Inactive,2014-04-15,2018-12-20,full
J83001,1,185854,Active,2014-04-15,,full
J83002,1,185855,Active,2014-04-15,,full
J83003,1,185856,Active,2014-04-15,,full
J83004,1,185857,Active,2014-04-15,,full
J83005,1,185858,Active,2014-04-15,,full
J83006,1,185859,Active,2014-04-15,,full
J83007,1,185860,Active,2014-04-15,,full
J83008,1,185861,Active,2014-04-15,,full
J83009,1,185862,Active,2014-04-15,,full
J83010,1,185863,Active,2014-04-15,,full
J83011,1,185864,Active,2014-04-15,,full
J83013,1,185865,Active,2014-04-15,,full
J83014,1,185866,Active,2014-04-15,,full
J83016,1,185868,Active,2014-04-15,,full
J83017,1,185869,Inactive,2014-04-15,2018-09-30,full
J83018,1,185870,Active,2014-04-15,,full
J83019,1,185871,Active,2014-04-15,,full
J83020,1,185872,Inactive,2014-04-15,2018-09-30,full
J83021,1,185873,Active,2014-04-15,,full
J83022,1,185874,Active,2014-04-15,,full
J83023,1,185875,Active,2014-04-15,,full
J83024,1,185876,Active,2014-04-15,,full
J83025,1,185877,Inactive,2014-04-15,2022-07-31,full
J83026,1,185878,Active,2014-04-15,,full
J83027,1,185879,Active,2014-04-15,,full
J83028,1,185880,Inactive,2014-04-15,2018-09-30,full
J83029,1,185881,Active,2014-04-15,,full
J83030,1,185882,Active,2014-04-15,,full
J83031,1,185883,Inactive,2014-04-15,2023-12-31,full
J83032,1,185884,Inactive,2014-04-15,2018-09-30,full
J83033,1,185885,Active,2014-04-15,,full
J83034,1,185886,Active,2014-04-15,,full
J83035,1,185887,Active,2014-04-15,,full
J83036,1,185888,Active,2014-04-15,,full
J83037,1,185889,Active,2014-04-15,,full
J83038,1,195362,Active,2014-04-15,,full
J83039,1,185890,Active,2014-04-15,,full
J83040,1,185891,Active,2014-04-15,,full
J83041,1,185892,Active,2014-04-15,,full
J83042,1,185893,Active,2014-04-15,,full
J83043,1,185894,Active,2014-04-15,,full
J83044,1,185895,Inactive,2014-04-15,2018-09-30,full
J83045,1,185896,Active,2014-04-15,,full
J83046,1,185897,Active,2014-04-15,,full
J83047,1,185898,Active,2014-04-15,,full
J83048,1,185899,Active,2014-04-15,,full
J83049,1,185900,Active,2014-04-15,,full
J83050,1,185901,Active,2014-04-15,,full
J83052,1,185902,Active,2014-04-15,,full
J83053,1,185903,Active,2014-04-15,,full
J83054,1,185904,Inactive,2014-04-15,2019-01-31,full
J83055,1,185905,Active,2014-04-15,,full
J83056,1,185906,Active,2014-04-15,,full
J83057,1,185907,Active,2014-04-15,,full
J83058,1,185908,Active,2014-04-15,,full
J83059,1,185909,Active,2014-04-15,,full
J83060,1,185910,Active,2014-04-15,,full
J83062,1,185911,Inactive,2014-04-15,2017-04-30,full
J83063,1,185912,Inactive,2014-04-15,2020-11-30,full
J83064,1,185913,Active,2014-04-15,,full
J83601,1,185914,Active,2014-04-15,,full
J83603,1,185915,Active,2014-04-15,,full
J83607,1,185916,Inactive,2012-09-30,2012-09-30,archive
J83609,1,185917,Active,2014-04-15,,full
J83615,1,185918,Active,2014-04-15,,full
J83618,1,185921,Active,2014-04-15,,full
J83619,1,185922,Active,2014-04-15,,full
J83623,1,185926,Inactive,2014-04-15,2014-08-31,archive
J83625,1,185928,Active,2014-04-15,,full
J83627,1,185930,Inactive,2014-04-15,2015-02-25,archive
J83629,1,185931,Active,2014-04-15,,full
J83630,1,185932,Active,2014-04-15,,full
J83632,1,185934,Inactive,2014-04-15,2020-11-30,full
J83633,1,185935,Active,2014-04-15,,full
J83634,1,185936,Inactive,2014-04-15,2015-02-25,archive
J83636,1,185937,Inactive,2014-04-15,2020-06-30,full
J83642,1,185942,Inactive,2014-04-15,2018-09-30,full
J83643,1,185943,Inactive,2014-04-15,2018-12-20,full
J83644,1,185944,Inactive,2014-04-15,2019-05-01,full
J83645,1,185945,Active,2014-04-15,,full
J83646,1,185946,Active,2014-04-15,,full
J83649,1,185949,Inactive,2014-04-15,2018-05-02,full
J84003,1,185952,Active,2014-04-15,,full
J84004,1,185953,Active,2014-04-15,,full
J84005,1,185954,Active,2014-04-15,,full
J84007,1,185955,Active,2014-04-15,,full
J84008,1,185956,Active,2014-04-15,,full
J84010,1,185957,Inactive,2014-04-15,2021-06-30,full
J84011,1,185958,Active,2014-04-15,,full
J84012,1,185959,Active,2014-04-15,,full
J84013,1,185960,Active,2014-04-15,,full
J84014,1,185961,Inactive,2014-04-15,2020-11-30,full
J84015,1,185962,Active,2014-04-15,,full
J84016,1,185963,Active,2014-04-15,,full
J84017,1,185964,Active,2014-04-15,,full
J84018,1,185965,Inactive,2014-04-15,2021-06-30,full
J84019,1,185966,Active,2014-04-15,,full
J84020,1,185967,Inactive,2014-04-15,2021-06-30,full
J84602,1,185968,Inactive,2014-04-15,2017-04-30,full
K81001,1,185973,Active,2014-04-15,,full
K81002,1,185974,Active,2014-04-15,,full
K81003,1,185975,Active,2014-04-15,,full
K81004,1,185976,Active,2014-04-15,,full
K81005,1,185977,Inactive,2014-04-15,2025-12-31,full
K81006,1,185978,Inactive,2014-04-15,2024-06-30,full
K81007,1,185979,Active,2014-04-15,,full
K81010,1,185980,Active,2014-04-15,,full
K81012,1,185981,Active,2014-04-15,,full
K81014,1,185983,Active,2014-04-15,,full
K81015,1,185984,Active,2014-04-15,,full
K81017,1,185985,Active,2014-04-15,,full
K81018,1,185986,Active,2014-04-15,,full
K81019,1,185987,Active,2014-04-15,,full
K81020,1,185988,Active,2014-04-15,,full
K81021,1,185989,Active,2014-04-15,,full
K81022,1,185990,Active,2014-04-15,,full
K81023,1,185991,Inactive,2014-04-15,2020-06-30,full
K81024,1,185992,Active,2014-04-15,,full
K81025,1,185993,Active,2014-04-15,,full
K81026,1,185994,Active,2014-04-15,,full
K81027,1,185995,Active,2014-04-15,,full
K81028,1,185996,Active,2014-04-15,,full
K81030,1,185997,Active,2014-04-15,,full
K81032,1,185998,Inactive,2014-04-15,2019-12-04,full
K81034,1,185999,Active,2014-04-15,,full
K81036,1,186000,Active,2014-04-15,,full
K81039,1,186001,Inactive,2014-04-15,2024-06-30,full
K81040,1,186002,Active,2014-04-15,,full
K81041,1,186003,Active,2014-04-15,,full
K81042,1,186004,Active,2014-04-15,,full
K81043,1,186005,Active,2014-04-15,,full
K81044,1,186006,Inactive,2014-04-15,2017-01-04,archive
K81045,1,186007,Active,2014-04-15,,full
K81046,1,186008,Active,2014-04-15,,full
K81047,1,186009,Active,2014-04-15,,full
K81048,1,186010,Active,2014-04-15,,full
K81050,1,186012,Active,2014-04-15,,full
K81051,1,186013,Active,2014-04-15,,full
K81052,1,186014,Active,2014-04-15,,full
K81055,1,186017,Active,2014-04-15,,full
K81056,1,186018,Active,2014-04-15,,full
K81057,1,186019,Active,2014-04-15,,full
K81059,1,186020,Inactive,2014-04-15,2023-12-31,full
K81060,1,186021,Active,2014-04-15,,full
K81061,1,186022,Inactive,2014-04-15,2017-07-05,full
K81062,1,186023,Active,2014-04-15,,full
K81063,1,186024,Active,2014-04-15,,full
K81065,1,186025,Inactive,2014-04-15,2017-04-30,full
K81066,1,186026,Active,2014-04-15,,full
K81067,1,186027,Inactive,2014-04-15,2020-11-30,full
K81068,1,186028,Active,2014-04-15,,full
K81069,1,186029,Active,2014-04-15,,full
K81070,1,186030,Active,2014-04-15,,full
K81072,1,186031,Inactive,2014-04-15,2018-05-02,full
K81073,1,186032,Active,2014-04-15,,full
K81074,1,186033,Active,2014-04-15,,full
K81075,1,186034,Active,2014-04-15,,full
K81076,1,186035,Active,2014-04-15,,full
K81077,1,186036,Active,2014-04-15,,full
K81078,1,186037,Active,2014-04-15,,full
K81080,1,186038,Active,2014-04-15,,full
K81081,1,186039,Active,2014-04-15,,full
K81082,1,186040,Active,2014-04-15,,full
K81083,1,186041,Active,2014-04-15,,full
K81084,1,186042,Active,2014-04-15,,full
K81085,1,186043,Active,2014-04-15,,full
K81086,1,186044,Active,2014-04-15,,full
K81087,1,186045,Active,2014-04-15,,full
K81089,1,186047,Inactive,2014-04-15,2025-04-30,full
K81091,1,186048,Inactive,2014-04-15,2014-06-30,archive
K81092,1,186049,Active,2014-04-15,,full
K81094,1,186051,Active,2014-04-15,,full
K81097,1,186053,Active,2014-04-15,,full
K81098,1,186054,Inactive,2012-09-30,2012-09-30,archive
K81100,1,186055,Active,2014-04-15,,full
K81101,1,186056,Inactive,2014-04-15,2018-04-30,full
K81102,1,186057,Active,2014-04-15,,full
K81103,1,186058,Active,2014-04-15,,full
K81605,1,186059,Active,2014-04-15,,full
K81607,1,186061,Active,2014-04-15,,full
K81608,1,186062,Active,2014-04-15,,full
K81610,1,186063,Active,2014-04-15,,full
K81611,1,186064,Inactive,2012-09-30,2012-09-30,archive
K81613,1,186066,Inactive,2014-04-15,2022-03-31,full
K81616,1,186067,Active,2014-04-15,,full
K81622,1,186068,Inactive,2014-04-15,2023-12-31,full
K81630,1,186069,Active,2014-04-15,,full
K81632,1,186070,Inactive,2014-04-15,2014-06-30,archive
K81633,1,186071,Active,2014-04-15,,full
K81636,1,186073,Active,2014-04-15,,full
K81638,1,186074,Inactive,2014-04-15,2025-04-30,full
K81640,1,186075,Inactive,2014-04-15,2020-11-30,full
K81644,1,186077,Active,2014-04-15,,full
K81645,1,186078,Active,2014-04-15,,full
K81647,1,186079,Inactive,2014-04-15,2020-07-31,full
K81651,1,186081,Active,2014-04-15,,full
K81655,1,186083,Active,2014-04-15,,full
K81656,1,186084,Active,2014-04-15,,full
K81657,1,186085,Active,2014-04-15,,full
K81667,1,186094,Inactive,2014-04-15,2016-06-08,archive
K82001,1,186101,Active,2014-04-15,,full
K82003,1,186102,Active,2014-04-15,,full
K82004,1,186103,Active,2014-04-15,,full
K82005,1,186104,Inactive,2014-04-15,2019-12-04,full
K82006,1,186105,Active,2014-04-15,,full
K82007,1,186106,Active,2014-04-15,,full
K82008,1,186107,Active,2014-04-15,,full
K82009,1,186108,Active,2014-04-15,,full
K82010,1,186109,Active,2014-04-15,,full
K82011,1,186110,Active,2014-04-15,,full
K82012,1,186111,Active,2014-04-15,,full
K82013,1,186112,Active,2014-04-15,,full
K82014,1,186113,Active,2014-04-15,,full
K82015,1,186114,Active,2014-04-15,,full
K82016,1,186115,Active,2014-04-15,,full
K82017,1,186116,Active,2014-04-15,,full
K82018,1,186117,Inactive,2014-04-15,2023-12-31,full
K82019,1,186118,Active,2014-04-15,,full
K82020,1,186119,Active,2014-04-15,,full
K82021,1,186120,Active,2014-04-15,,full
K82022,1,186121,Active,2014-04-15,,full
K82023,1,186122,Active,2014-04-15,,full
K82024,1,186123,Active,2014-04-15,,full
K82025,1,186124,Active,2014-04-15,,full
K82026,1,186125,Active,2014-04-15,,full
K82027,1,186126,Active,2014-04-15,,full
K82028,1,186127,Active,2014-04-15,,full
K82029,1,186128,Active,2014-04-15,,full
K82030,1,186129,Active,2014-04-15,,full
K82031,1,186130,Active,2014-04-15,,full
K82032,1,186131,Active,2014-04-15,,full
K82033,1,186132,Active,2014-04-15,,full
K82034,1,186133,Inactive,2014-04-15,2018-12-20,full
K82035,1,186134,Active,2014-04-15,,full
K82036,1,186135,Active,2014-04-15,,full
K82037,1,186136,Active,2014-04-15,,full
K82038,1,186137,Active,2014-04-15,,full
K82039,1,186138,Active,2014-04-15,,full
K82040,1,186139,Active,2014-04-15,,full
K82041,1,195364,Inactive,2012-09-30,2012-09-30,archive
K82042,1,186140,Inactive,2014-04-15,2021-06-30,full
K82043,1,186141,Inactive,2014-04-15,2021-08-31,full
K82044,1,186142,Active,2014-04-15,,full
K82045,1,186143,Active,2014-04-15,,full
K82046,1,186144,Active,2014-04-15,,full
K82047,1,186145,Active,2014-04-15,,full
K82048,1,186146,Active,2014-04-15,,full
K82049,1,186147,Active,2014-04-15,,full
K82050,1,186148,Inactive,2014-04-15,2021-06-30,full
K82051,1,186149,Active,2014-04-15,,full
K82053,1,186151,Active,2014-04-15,,full
K82054,1,186152,Active,2014-04-15,,full
K82055,1,186153,Active,2014-04-15,,full
K82056,1,186154,Inactive,2012-09-30,2012-09-30,archive
K82057,1,186155,Active,2014-04-15,,full
K82058,1,186156,Active,2014-04-15,,full
K82059,1,186157,Active,2014-04-15,,full
K82060,1,186158,Inactive,2014-04-15,2024-06-30,full
K82061,1,186159,Active,2014-04-15,,full
K82062,1,186160,Inactive,2014-04-15,2020-11-30,full
K82063,1,186161,Inactive,2012-09-30,2012-09-30,archive
K82064,1,186162,Active,2014-04-15,,full
K82065,1,186163,Active,2014-04-15,,full
K82066,1,186164,Active,2014-04-15,,full
K82067,1,186165,Inactive,2014-04-15,2025-07-31,full
K82068,1,186166,Active,2014-04-15,,full
K82069,1,186167,Inactive,2014-04-15,2018-05-02,full
K82070,1,186168,Active,2014-04-15,,full
K82071,1,186169,Inactive,2014-04-15,2016-01-06,archive
K82073,1,186170,Active,2014-04-15,,full
K82074,1,186171,Inactive,2014-04-15,2025-04-30,full
K82076,1,186172,Inactive,2014-04-15,2025-07-31,full
K82078,1,186173,Active,2014-04-15,,full
K82079,1,186174,Active,2014-04-15,,full
K82080,1,186175,Inactive,2012-09-30,2012-09-30,archive
K82603,1,186177,Active,2014-04-15,,full
K82608,1,186180,Inactive,2014-04-15,2016-01-06,archive
K82610,1,186182,Active,2014-04-15,,full
K82615,1,186183,Active,2014-04-15,,full
K82616,1,186184,Inactive,2014-04-15,2014-11-30,archive
K82617,1,186185,Active,2014-04-15,,full
K82618,1,186186,Active,2014-04-15,,full
K82621,1,186189,Active,2014-04-15,,full
K82631,1,186194,Active,2014-04-15,,full
K82633,1,186196,Active,2014-04-15,,full
K83002,1,186203,Active,2014-04-15,,full
K83003,1,186204,Active,2014-04-15,,full
K83004,1,186205,Inactive,2014-04-15,2017-07-05,full
K83005,1,186206,Active,2014-04-15,,full
K83006,1,186207,Active,2014-04-15,,full
K83007,1,186208,Active,2014-04-15,,full
K83008,1,186209,Active,2014-04-15,,full
K83009,1,186210,Active,2014-04-15,,full
K83010,1,186211,Active,2014-04-15,,full
K83011,1,186212,Active,2014-04-15,,full
K83012,1,186213,Active,2014-04-15,,full
K83013,1,186214,Active,2014-04-15,,full
K83014,1,186215,Active,2014-04-15,,full
K83015,1,186216,Active,2014-04-15,,full
K83017,1,186218,Active,2014-04-15,,full
K83018,1,186219,Active,2014-04-15,,full
K83019,1,186220,Active,2014-04-15,,full
K83020,1,186221,Active,2014-04-15,,full
K83021,1,186222,Active,2014-04-15,,full
K83022,1,186223,Active,2014-04-15,,full
K83023,1,186224,Active,2014-04-15,,full
K83024,1,186225,Active,2014-04-15,,full
K83025,1,186226,Active,2014-04-15,,full
K83026,1,186227,Active,2014-04-15,,full
K83027,1,186228,Active,2014-04-15,,full
K83028,1,186229,Active,2014-04-15,,full
K83029,1,186230,Active,2014-04-15,,full
K83030,1,186231,Active,2014-04-15,,full
K83031,1,186232,Active,2014-04-15,,full
K83032,1,186233,Active,2014-04-15,,full
K83033,1,186234,Inactive,2014-04-15,2021-01-31,full
K83035,1,186236,Active,2014-04-15,,full
K83036,1,186237,Active,2014-04-15,,full
K83037,1,186238,Active,2014-04-15,,full
K83039,1,186239,Active,2014-04-15,,full
K83040,1,186240,Active,2014-04-15,,full
K83041,1,186241,Active,2014-04-15,,full
K83042,1,186242,Active,2014-04-15,,full
K83043,1,186243,Active,2014-04-15,,full
K83044,1,186244,Active,2014-04-15,,full
K83047,1,186246,Active,2014-04-15,,full
K83048,1,186247,Active,2014-04-15,,full
K83049,1,186248,Active,2014-04-15,,full
K83050,1,186249,Active,2014-04-15,,full
K83051,1,186250,Active,2014-04-15,,full
K83052,1,186251,Active,2014-04-15,,full
K83053,1,186252,Active,2014-04-15,,full
K83055,1,186253,Active,2014-04-15,,full
K83056,1,186254,Active,2014-04-15,,full
K83058,1,186255,Inactive,2014-04-15,2019-01-31,full
K83059,1,186256,Active,2014-04-15,,full
K83064,1,186257,Active,2014-04-15,,full
K83065,1,186258,Active,2014-04-15,,full
K83066,1,186259,Active,2014-04-15,,full
K83068,1,186261,Active,2014-04-15,,full
K83069,1,186262,Active,2014-04-15,,full
K83070,1,186263,Active,2014-04-15,,full
K83076,1,186267,Active,2014-04-15,,full
K83077,1,186268,Active,2014-04-15,,full
K83079,1,186269,Inactive,2014-04-15,2023-12-31,full
K83080,1,186270,Active,2014-04-15,,full
K83081,1,186271,Active,2014-04-15,,full
K83601,1,186273,Active,2014-04-15,,full
K83607,1,186275,Inactive,2014-04-15,2024-10-31,full
K83610,1,186278,Active,2014-04-15,,full
K83614,1,186279,Active,2014-04-15,,full
K83616,1,186281,Active,2014-04-15,,full
K83618,1,186282,Active,2014-04-15,,full
K83619,1,186283,Inactive,2014-04-15,2018-04-30,full
K83620,1,186284,Active,2014-04-15,,full
K83621,1,186285,Active,2014-04-15,,full
K83622,1,186286,Active,2014-04-15,,full
K83625,1,186289,Inactive,2014-04-15,2025-09-30,full
K84001,1,186290,Active,2014-04-15,,full
K84002,1,186291,Active,2014-04-15,,full
K84003,1,186292,Active,2014-04-15,,full
K84004,1,186293,Active,2014-04-15,,full
K84005,1,186294,Inactive,2014-04-15,2018-05-02,full
K84006,1,186295,Active,2014-04-15,,full
K84007,1,186296,Active,2014-04-15,,full
K84008,1,186297,Active,2014-04-15,,full
K84009,1,186298,Active,2014-04-15,,full
K84010,1,186299,Active,2014-04-15,,full
K84011,1,186300,Active,2014-04-15,,full
K84012,1,186301,Active,2014-04-15,,full
K84013,1,186302,Active,2014-04-15,,full
K84014,1,186303,Active,2014-04-15,,full
K84015,1,186304,Active,2014-04-15,,full
K84016,1,186305,Active,2014-04-15,,full
K84017,1,186306,Active,2014-04-15,,full
K84019,1,186307,Active,2014-04-15,,full
K84020,1,186308,Active,2014-04-15,,full
K84021,1,186309,Active,2014-04-15,,full
K84022,1,186310,Inactive,2014-04-15,2017-01-04,archive
K84023,1,186311,Active,2014-04-15,,full
K84024,1,186312,Active,2014-04-15,,full
K84025,1,186313,Inactive,2014-04-15,2024-10-31,full
K84026,1,186314,Active,2014-04-15,,full
K84027,1,186315,Active,2014-04-15,,full
K84028,1,186316,Active,2014-04-15,,full
K84029,1,186317,Inactive,2014-04-15,2014-12-31,archive
K84030,1,186318,Active,2014-04-15,,full
K84031,1,186319,Active,2014-04-15,,full
K84032,1,186320,Active,2014-04-15,,full
K84033,1,186321,Active,2014-04-15,,full
K84034,1,186322,Active,2014-04-15,,full
K84035,1,186323,Active,2014-04-15,,full
K84036,1,186324,Active,2014-04-15,,full
K84037,1,186325,Active,2014-04-15,,full
K84038,1,186326,Active,2014-04-15,,full
K84039,1,186327,Inactive,2014-04-15,2016-06-08,archive
K84040,1,186328,Inactive,2014-04-15,2021-06-30,full
K84041,1,186329,Active,2014-04-15,,full
K84042,1,186330,Active,2014-04-15,,full
K84043,1,186331,Active,2014-04-15,,full
K84044,1,186332,Active,2014-04-15,,full
K84045,1,186333,Active,2014-04-15,,full
K84046,1,186334,Active,2014-04-15,,full
K84047,1,186335,Active,2014-04-15,,full
K84048,1,186336,Inactive,2014-04-15,2025-04-30,full
K84049,1,195366,Inactive,2014-04-15,2025-04-30,full
K84050,1,186337,Active,2014-04-15,,full
K84051,1,186338,Active,2014-04-15,,full
K84052,1,186339,Active,2014-04-15,,full
K84054,1,186341,Active,2014-04-15,,full
K84055,1,186342,Active,2014-04-15,,full
K84056,1,186343,Active,2014-04-15,,full
K84058,1,186344,Active,2014-04-15,,full
K84059,1,186345,Active,2014-04-15,,full
K84060,1,186346,Active,2014-04-15,,full
K84062,1,186347,Active,2014-04-15,,full
K84063,1,186348,Active,2014-04-15,,full
K84065,1,186350,Active,2014-04-15,,full
K84066,1,247952,Active,2015-09-23,,full
K84071,1,186352,Active,2014-04-15,,full
K84072,1,186353,Active,2014-04-15,,full
K84073,1,186354,Inactive,2014-04-15,2017-11-01,full
K84074,1,186355,Inactive,2014-04-15,2017-02-28,archive
K84075,1,186356,Active,2014-04-15,,full
K84076,1,186357,Inactive,2014-04-15,2017-11-01,full
K84077,1,186358,Inactive,2014-04-15,2016-06-08,archive
K84078,1,186359,Active,2014-04-15,,full
K84079,1,186360,Active,2014-04-15,,full
K84080,1,195367,Active,2014-04-15,,full
K84082,1,186361,Active,2014-04-15,,full
K84605,1,195368,Active,2014-04-15,,full
K84608,1,186364,Inactive,2014-04-15,2016-01-06,archive
K84610,1,186366,Active,2014-04-15,,full
K84613,1,186367,Active,2014-04-15,,full
K84615,1,186368,Inactive,2014-04-15,2015-02-25,archive
K84617,1,186370,Inactive,2014-04-15,2020-11-30,full
K84618,1,186371,Active,2014-04-15,,full
K84620,1,186372,Inactive,2014-04-15,2017-07-05,full
K84621,1,186373,Inactive,2014-04-15,2018-09-30,full
K84622,1,186374,Inactive,2014-04-15,2018-09-30,full
K84623,1,186375,Inactive,2012-09-30,2012-09-30,archive
K84624,1,186376,Active,2014-04-15,,full
L81002,1,186378,Inactive,2014-04-15,2017-01-27,archive
L81004,1,186380,Active,2014-04-15,,full
L81006,1,186381,Inactive,2014-04-15,2017-04-30,full
L81007,1,186382,Active,2014-04-15,,full
L81008,1,186383,Active,2014-04-15,,full
L81009,1,186384,Active,2014-04-15,,full
L81010,1,186385,Active,2014-04-15,,full
L81012,1,186386,Active,2014-04-15,,full
L81013,1,186387,Active,2014-04-15,,full
L81014,1,186388,Active,2014-04-15,,full
L81015,1,186389,Active,2014-04-15,,full
L81016,1,186390,Active,2014-04-15,,full
L81017,1,186391,Active,2014-04-15,,full
L81018,1,186392,Active,2014-04-15,,full
L81019,1,186393,Active,2014-04-15,,full
L81020,1,186394,Active,2014-04-15,,full
L81021,1,186395,Active,2014-04-15,,full
L81022,1,186396,Active,2014-04-15,,full
L81023,1,186397,Active,2014-04-15,,full
L81024,1,186398,Active,2014-04-15,,full
L81025,1,186399,Active,2014-04-15,,full
L81026,1,186400,Active,2014-04-15,,full
L81027,1,186401,Active,2014-04-15,,full
L81028,1,186402,Inactive,2014-04-15,2020-11-30,full
L81029,1,186403,Active,2014-04-15,,full
L81030,1,186404,Active,2014-04-15,,full
L81031,1,186405,Active,2014-04-15,,full
L81032,1,186406,Inactive,2014-04-15,2019-07-31,full
L81033,1,186407,Active,2014-04-15,,full
L81034,1,186408,Active,2014-04-15,,full
L81035,1,186409,Inactive,2014-04-15,2019-04-30,full
L81036,1,186410,Inactive,2014-04-15,2025-02-28,full
L81037,1,186411,Active,2014-04-15,,full
L81038,1,186412,Active,2014-04-15,,full
L81039,1,186413,Active,2014-04-15,,full
L81040,1,186414,Active,2014-04-15,,full
L81041,1,186415,Active,2014-04-15,,full
L81042,1,186416,Active,2014-04-15,,full
L81043,1,186417,Inactive,2014-04-15,2021-08-31,full
L81044,1,186418,Active,2014-04-15,,full
L81045,1,186419,Active,2014-04-15,,full
L81046,1,186420,Active,2014-04-15,,full
L81047,1,186421,Active,2014-04-15,,full
L81048,1,186422,Inactive,2012-09-30,2012-09-30,archive
L81049,1,186423,Inactive,2014-04-15,2019-12-04,full
L81050,1,186424,Active,2014-04-15,,full
L81051,1,186425,Active,2014-04-15,,full
L81052,1,186426,Inactive,2014-04-15,2019-07-31,full
L81053,1,186427,Active,2014-04-15,,full
L81054,1,186428,Active,2014-04-15,,full
L81055,1,186429,Active,2014-04-15,,full
L81056,1,186430,Inactive,2014-04-15,2018-05-02,full
L81057,1,186431,Inactive,2014-04-15,2019-07-31,full
L81058,1,186432,Active,2014-04-15,,full
L81059,1,186433,Active,2014-04-15,,full
L81060,1,186434,Inactive,2014-04-15,2018-05-02,full
L81061,1,186435,Active,2014-04-15,,full
L81062,1,186436,Active,2014-04-15,,full
L81063,1,186437,Active,2014-04-15,,full
L81064,1,186438,Inactive,2014-04-15,2025-04-30,full
L81065,1,186439,Active,2014-04-15,,full
L81066,1,186440,Active,2014-04-15,,full
L81067,1,186441,Inactive,2014-04-15,2025-09-30,full
L81068,1,186442,Active,2014-04-15,,full
L81069,1,186443,Active,2014-04-15,,full
L81070,1,186444,Active,2014-04-15,,full
L81071,1,186445,Active,2014-04-15,,full
L81072,1,195369,Active,2014-04-15,,full
L81073,1,186446,Active,2014-04-15,,full
L81074,1,186447,Inactive,2014-04-15,2017-01-27,archive
L81075,1,186448,Active,2014-04-15,,full
L81077,1,186449,Inactive,2014-04-15,2025-09-30,full
L81078,1,186450,Active,2014-04-15,,full
L81079,1,186451,Active,2014-04-15,,full
L81080,1,186452,Inactive,2014-04-15,2019-04-30,full
L81081,1,186453,Active,2014-04-15,,full
L81082,1,186454,Active,2014-04-15,,full
L81083,1,186455,Active,2014-04-15,,full
L81084,1,186456,Active,2014-04-15,,full
L81085,1,186457,Active,2014-04-15,,full
L81086,1,186458,Active,2014-04-15,,full
L81087,1,186459,Active,2014-04-15,,full
L81088,1,186460,Inactive,2014-04-15,2019-05-01,full
L81089,1,186461,Active,2014-04-15,,full
L81090,1,186462,Active,2014-04-15,,full
L81091,1,186463,Active,2014-04-15,,full
L81092,1,186464,Inactive,2014-04-15,2016-06-08,archive
L81093,1,186465,Inactive,2014-04-15,2018-05-02,full
L81094,1,186466,Inactive,2014-04-15,2025-02-28,full
L81095,1,186467,Active,2014-04-15,,full
L81096,1,186468,Inactive,2012-09-30,2012-09-30,archive
L81098,1,186469,Active,2014-04-15,,full
L81099,1,186470,Inactive,2014-04-15,2017-04-30,full
L81101,1,186471,Inactive,2014-04-15,2025-04-30,full
L81102,1,186472,Inactive,2014-04-15,2019-12-04,full
L81103,1,186473,Active,2014-04-15,,full
L81106,1,186475,Active,2014-04-15,,full
L81107,1,186476,Inactive,2014-04-15,2014-08-31,archive
L81108,1,186477,Inactive,2014-04-15,2017-08-16,full
L81112,1,186479,Inactive,2014-04-15,2020-11-30,full
L81114,1,186480,Inactive,2014-04-15,2015-03-31,archive
L81116,1,186482,Inactive,2014-04-15,2016-06-08,archive
L81117,1,186483,Active,2014-04-15,,full
L81118,1,186484,Active,2014-04-15,,full
L81119,1,186485,Inactive,2014-04-15,2020-11-30,full
L81120,1,186486,Active,2014-04-15,,full
L81122,1,186488,Active,2014-04-15,,full
L81123,1,186489,Active,2014-04-15,,full
L81124,1,186490,Inactive,2014-04-15,2019-12-04,full
L81125,1,186491,Active,2014-04-15,,full
L81127,1,186492,Active,2014-04-15,,full
L81128,1,186493,Inactive,2014-04-15,2017-04-30,full
L81130,1,186494,Active,2014-04-15,,full
L81131,1,186495,Active,2014-04-15,,full
L81132,1,186496,Active,2014-04-15,,full
L81133,1,186497,Active,2014-04-15,,full
L81134,1,186498,Inactive,2014-04-15,2016-02-29,archive
L81600,1,186499,Active,2014-04-15,,full
L81617,1,186500,Active,2014-04-15,,full
L81622,1,186501,Inactive,2014-04-15,2023-12-31,full
L81632,1,186504,Active,2014-04-15,,full
L81633,1,195370,Inactive,2014-04-15,2017-01-04,archive
L81635,1,186505,Inactive,2014-04-15,2017-04-30,full
L81637,1,186506,Inactive,2014-04-15,2022-04-30,full
L81639,1,186507,Inactive,2012-09-30,2012-09-30,archive
L81642,1,186509,Active,2014-04-15,,full
L81643,1,186510,Active,2014-04-15,,full
L81644,1,186511,Active,2014-04-15,,full
L81648,1,186512,Inactive,2014-04-15,2021-08-31,full
L81649,1,186513,Active,2014-04-15,,full
L81655,1,186514,Inactive,2014-04-15,2022-04-30,full
L81656,1,186515,Inactive,2014-04-15,2018-05-02,full
L81657,1,186516,Inactive,2012-09-30,2012-09-30,archive
L81658,1,186517,Inactive,2012-09-30,2012-09-30,archive
L81662,1,186519,Inactive,2012-09-30,2012-09-30,archive
L81663,1,186520,Inactive,2014-04-15,2016-08-10,archive
L81669,1,186525,Active,2014-04-15,,full
L81670,1,186526,Active,2014-04-15,,full
L82001,1,186531,Active,2014-04-15,,full
L82002,1,186532,Inactive,2014-04-15,2017-01-27,archive
L82003,1,186533,Active,2014-04-15,,full
L82004,1,186534,Active,2014-04-15,,full
L82006,1,186536,Active,2014-04-15,,full
L82007,1,186537,Active,2014-04-15,,full
L82008,1,186538,Active,2014-04-15,,full
L82009,1,186539,Inactive,2014-04-15,2023-12-31,full
L82010,1,186540,Active,2014-04-15,,full
L82011,1,186541,Active,2014-04-15,,full
L82012,1,186542,Active,2014-04-15,,full
L82013,1,186543,Active,2014-04-15,,full
L82014,1,186544,Inactive,2014-04-15,2019-05-01,full
L82015,1,186545,Active,2014-04-15,,full
L82016,1,186546,Active,2014-04-15,,full
L82017,1,186547,Active,2014-04-15,,full
L82018,1,186548,Active,2014-04-15,,full
L82019,1,186549,Inactive,2014-04-15,2016-06-08,archive
L82021,1,186550,Inactive,2014-04-15,2022-04-30,full
L82022,1,186551,Active,2014-04-15,,full
L82023,1,186552,Active,2014-04-15,,full
L82024,1,186553,Inactive,2014-04-15,2022-07-31,full
L82025,1,186554,Active,2014-04-15,,full
L82026,1,186555,Active,2014-04-15,,full
L82028,1,186556,Active,2014-04-15,,full
L82029,1,186557,Active,2014-04-15,,full
L82030,1,186558,Active,2014-04-15,,full
L82035,1,186561,Active,2014-04-15,,full
L82036,1,186562,Active,2014-04-15,,full
L82037,1,186563,Inactive,2014-04-15,2019-12-04,full
L82038,1,186564,Active,2014-04-15,,full
L82039,1,186565,Active,2014-04-15,,full
L82040,1,195371,Inactive,2014-04-15,2016-06-08,archive
L82041,1,186566,Active,2014-04-15,,full
L82042,1,186567,Active,2014-04-15,,full
L82043,1,186568,Active,2014-04-15,,full
L82044,1,186569,Active,2014-04-15,,full
L82045,1,186570,Active,2014-04-15,,full
L82046,1,186571,Active,2014-04-15,,full
L82047,1,186572,Active,2014-04-15,,full
L82048,1,186573,Active,2014-04-15,,full
L82049,1,186574,Active,2014-04-15,,full
L82050,1,186575,Active,2014-04-15,,full
L82051,1,186576,Active,2014-04-15,,full
L82052,1,186577,Active,2014-04-15,,full
L82053,1,186578,Inactive,2014-04-15,2018-05-02,full
L82054,1,186579,Active,2014-04-15,,full
L82055,1,186580,Inactive,2014-04-15,2015-10-07,archive
L82056,1,186581,Active,2014-04-15,,full
L82057,1,186582,Active,2014-04-15,,full
L82058,1,195373,Active,2014-04-15,,full
L82059,1,186583,Active,2014-04-15,,full
L82061,1,186585,Active,2014-04-15,,full
L82066,1,186590,Active,2014-04-15,,full
L82068,1,186592,Active,2014-04-15,,full
L82070,1,186594,Active,2014-04-15,,full
L82611,1,186598,Inactive,2014-04-15,2016-06-08,archive
L82617,1,186600,Inactive,2014-04-15,2020-06-30,full
L82618,1,186601,Inactive,2014-04-15,2024-03-31,full
L82620,1,186603,Active,2014-04-15,,full
L82621,1,186604,Inactive,2014-04-15,2016-08-10,archive
L82622,1,186605,Active,2014-04-15,,full
L83002,1,186606,Active,2014-04-15,,full
L83003,1,186607,Active,2014-04-15,,full
L83004,1,186608,Active,2014-04-15,,full
L83005,1,186609,Active,2014-04-15,,full
L83006,1,186610,Active,2014-04-15,,full
L83007,1,186611,Active,2014-04-15,,full
L83008,1,186612,Active,2014-04-15,,full
L83009,1,186613,Inactive,2014-04-15,2018-05-02,full
L83010,1,186614,Active,2014-04-15,,full
L83011,1,186615,Active,2014-04-15,,full
L83012,1,186616,Active,2014-04-15,,full
L83013,1,186617,Active,2014-04-15,,full
L83014,1,186618,Active,2014-04-15,,full
L83015,1,186619,Active,2014-04-15,,full
L83016,1,186620,Active,2014-04-15,,full
L83017,1,186621,Inactive,2014-04-15,2017-04-30,full
L83018,1,186622,Inactive,2014-04-15,2026-01-31,full
L83019,1,186623,Active,2014-04-15,,full
L83020,1,186624,Active,2014-04-15,,full
L83021,1,186625,Active,2014-04-15,,full
L83022,1,186626,Inactive,2014-04-15,2021-08-31,full
L83023,1,186627,Active,2014-04-15,,full
L83024,1,186628,Active,2014-04-15,,full
L83025,1,186629,Active,2014-04-15,,full
L83026,1,186630,Active,2014-04-15,,full
L83027,1,186631,Active,2014-04-15,,full
L83028,1,186632,Active,2014-04-15,,full
L83029,1,186633,Active,2014-04-15,,full
L83030,1,186634,Active,2014-04-15,,full
L83031,1,186635,Active,2014-04-15,,full
L83032,1,186636,Inactive,2014-04-15,2018-05-02,full
L83034,1,186638,Active,2014-04-15,,full
L83035,1,186639,Active,2014-04-15,,full
L83036,1,186640,Active,2014-04-15,,full
L83037,1,186641,Inactive,2014-04-15,2017-07-05,full
L83038,1,186642,Active,2014-04-15,,full
L83039,1,186643,Active,2014-04-15,,full
L83040,1,186644,Active,2014-04-15,,full
L83041,1,186645,Active,2014-04-15,,full
L83042,1,186646,Active,2014-04-15,,full
L83043,1,186647,Active,2014-04-15,,full
L83044,1,186648,Active,2014-04-15,,full
L83045,1,186649,Active,2014-04-15,,full
L83046,1,186650,Active,2014-04-15,,full
L83047,1,186651,Inactive,2014-04-15,2018-05-02,full
L83048,1,186652,Active,2014-04-15,,full
L83049,1,186653,Active,2014-04-15,,full
L83050,1,186654,Active,2014-04-15,,full
L83051,1,186655,Active,2014-04-15,,full
L83052,1,186656,Active,2014-04-15,,full
L83053,1,186657,Inactive,2014-04-15,2025-04-30,full
L83054,1,186658,Active,2014-04-15,,full
L83055,1,186659,Active,2014-04-15,,full
L83056,1,186660,Active,2014-04-15,,full
L83057,1,186661,Active,2014-04-15,,full
L83058,1,186662,Active,2014-04-15,,full
L83059,1,186663,Active,2014-04-15,,full
L83061,1,186664,Inactive,2014-04-15,2021-06-30,full
L83064,1,186666,Active,2014-04-15,,full
L83065,1,186667,Inactive,2014-04-15,2022-07-31,full
L83066,1,186668,Active,2014-04-15,,full
L83067,1,186669,Active,2014-04-15,,full
L83068,1,186670,Inactive,2014-04-15,2025-06-30,full
L83069,1,186671,Active,2014-04-15,,full
L83070,1,186672,Active,2014-04-15,,full
L83071,1,186673,Active,2014-04-15,,full
L83072,1,186674,Active,2014-04-15,,full
L83073,1,186675,Active,2014-04-15,,full
L83074,1,186676,Inactive,2014-04-15,2020-06-30,full
L83075,1,186677,Active,2014-04-15,,full
L83076,1,186678,Active,2014-04-15,,full
L83077,1,186679,Active,2014-04-15,,full
L83078,1,186680,Inactive,2014-04-15,2020-07-31,full
L83079,1,186681,Active,2014-04-15,,full
L83080,1,186682,Inactive,2014-04-15,2020-06-30,full
L83081,1,186683,Active,2014-04-15,,full
L83082,1,186684,Active,2014-04-15,,full
L83083,1,186685,Active,2014-04-15,,full
L83084,1,186686,Active,2014-04-15,,full
L83085,1,186687,Active,2014-04-15,,full
L83086,1,186688,Active,2014-04-15,,full
L83087,1,186689,Active,2014-04-15,,full
L83088,1,186690,Active,2014-04-15,,full
L83089,1,186691,Active,2014-04-15,,full
L83092,1,186693,Active,2014-04-15,,full
L83093,1,186694,Inactive,2014-04-15,2015-05-31,archive
L83094,1,186695,Active,2014-04-15,,full
L83095,1,186696,Active,2014-04-15,,full
L83096,1,186697,Active,2014-04-15,,full
L83097,1,186698,Active,2014-04-15,,full
L83098,1,186699,Active,2014-04-15,,full
L83099,1,186700,Active,2014-04-15,,full
L83100,1,186701,Active,2014-04-15,,full
L83101,1,186702,Active,2014-04-15,,full
L83102,1,186703,Active,2014-04-15,,full
L83103,1,186704,Active,2014-04-15,,full
L83105,1,186705,Active,2014-04-15,,full
L83106,1,186706,Active,2014-04-15,,full
L83107,1,186707,Inactive,2014-04-15,2020-06-30,full
L83108,1,186708,Inactive,2014-04-15,2017-11-01,full
L83109,1,186709,Inactive,2014-04-15,2016-06-08,archive
L83111,1,186710,Active,2014-04-15,,full
L83112,1,186711,Active,2014-04-15,,full
L83113,1,186712,Active,2014-04-15,,full
L83114,1,186713,Inactive,2014-04-15,2016-06-08,archive
L83115,1,186714,Active,2014-04-15,,full
L83116,1,186715,Active,2014-04-15,,full
L83117,1,186716,Inactive,2014-04-15,2021-01-31,full
L83118,1,186717,Active,2014-04-15,,full
L83120,1,186718,Active,2014-04-15,,full
L83121,1,186719,Inactive,2014-04-15,2017-04-30,full
L83122,1,186720,Inactive,2014-04-15,2017-08-16,full
L83123,1,186721,Inactive,2014-04-15,2018-09-30,full
L83125,1,186723,Inactive,2014-04-15,2021-01-31,full
L83126,1,186724,Inactive,2014-04-15,2015-02-25,archive
L83127,1,186725,Active,2014-04-15,,full
L83128,1,186726,Active,2014-04-15,,full
L83129,1,186727,Active,2014-04-15,,full
L83130,1,186728,Inactive,2014-04-15,2020-06-30,full
L83131,1,186729,Active,2014-04-15,,full
L83132,1,186730,Inactive,2014-04-15,2014-11-30,archive
L83133,1,186731,Inactive,2014-04-15,2015-05-31,archive
L83134,1,186732,Active,2014-04-15,,full
L83136,1,186734,Active,2014-04-15,,full
L83137,1,186735,Active,2014-04-15,,full
L83138,1,186736,Inactive,2014-04-15,2018-09-30,full
L83139,1,186737,Inactive,2014-04-15,2019-12-04,full
L83143,1,186739,Active,2014-04-15,,full
L83144,1,186740,Inactive,2014-04-15,2019-04-30,full
L83145,1,186741,Inactive,2014-04-15,2018-12-20,full
L83146,1,186742,Active,2014-04-15,,full
L83147,1,186743,Active,2014-04-15,,full
L83148,1,186744,Active,2014-04-15,,full
L83149,1,186745,Inactive,2014-04-15,2015-10-07,archive
L83607,1,186746,Active,2014-04-15,,full
L83608,1,186747,Inactive,2014-04-15,2017-08-16,full
L83613,1,186748,Inactive,2014-04-15,2017-01-04,archive
L83616,1,186749,Active,2014-04-15,,full
L83624,1,186750,Active,2014-04-15,,full
L83626,1,186751,Inactive,2014-04-15,2018-04-30,full
L83627,1,186752,Inactive,2014-04-15,2023-12-31,full
L83628,1,186753,Active,2014-04-15,,full
L83633,1,186757,Inactive,2014-04-15,2016-06-08,archive
L83637,1,186760,Inactive,2014-04-15,2018-07-04,full
L83639,1,186761,Active,2014-04-15,,full
L83642,1,186763,Inactive,2014-04-15,2022-11-30,full
L83643,1,186764,Inactive,2014-04-15,2019-05-01,full
L83644,1,186765,Inactive,2014-04-15,2019-12-04,full
L83646,1,186766,Active,2014-04-15,,full
L83647,1,186767,Inactive,2014-04-15,2019-12-04,full
L83648,1,186768,Active,2014-04-15,,full
L83651,1,186770,Active,2014-04-15,,full
L83655,1,186772,Active,2014-04-15,,full
L83657,1,186773,Active,2014-04-15,,full
L83658,1,186774,Inactive,2014-04-15,2018-09-30,full
L83663,1,186777,Active,2014-04-15,,full
L83664,1,186778,Inactive,2014-04-15,2018-09-30,full
L83666,1,186779,Active,2014-04-15,,full
L83673,1,186784,Active,2014-04-15,,full
L84001,1,186791,Inactive,2014-04-15,2022-03-31,full
L84002,1,186792,Inactive,2014-04-15,2019-07-31,full
L84003,1,186793,Active,2014-04-15,,full
L84004,1,186794,Active,2014-04-15,,full
L84005,1,186795,Active,2014-04-15,,full
L84006,1,186796,Active,2014-04-15,,full
L84007,1,186797,Active,2014-04-15,,full
L84008,1,186798,Active,2014-04-15,,full
L84009,1,186799,Active,2014-04-15,,full
L84010,1,186800,Active,2014-04-15,,full
L84011,1,186801,Active,2014-04-15,,full
L84012,1,186802,Active,2014-04-15,,full
L84013,1,186803,Inactive,2014-04-15,2019-07-31,full
L84014,1,186804,Active,2014-04-15,,full
L84015,1,186805,Active,2014-04-15,,full
L84016,1,186806,Active,2014-04-15,,full
L84017,1,186807,Inactive,2014-04-15,2019-12-04,full
L84018,1,186808,Active,2014-04-15,,full
L84019,1,186809,Inactive,2014-04-15,2015-05-31,archive
L84020,1,186810,Inactive,2014-04-15,2020-06-30,full
L84021,1,186811,Active,2014-04-15,,full
L84022,1,186812,Active,2014-04-15,,full
L84023,1,186813,Active,2014-04-15,,full
L84024,1,186814,Active,2014-04-15,,full
L84025,1,186815,Active,2014-04-15,,full
L84026,1,186816,Active,2014-04-15,,full
L84027,1,186817,Active,2014-04-15,,full
L84028,1,186818,Active,2014-04-15,,full
L84029,1,186819,Active,2014-04-15,,full
L84030,1,186820,Active,2014-04-15,,full
L84031,1,186821,Active,2014-04-15,,full
L84032,1,186822,Inactive,2014-04-15,2023-12-31,full
L84033,1,186823,Active,2014-04-15,,full
L84034,1,186824,Active,2014-04-15,,full
L84036,1,186826,Active,2014-04-15,,full
L84037,1,186827,Active,2014-04-15,,full
L84038,1,186828,Active,2014-04-15,,full
L84039,1,186829,Active,2014-04-15,,full
L84040,1,186830,Active,2014-04-15,,full
L84041,1,186831,Active,2014-04-15,,full
L84042,1,186832,Inactive,2014-04-15,2019-07-31,full
L84043,1,186833,Active,2014-04-15,,full
L84044,1,186834,Inactive,2014-04-15,2021-06-30,full
L84045,1,186835,Active,2014-04-15,,full
L84046,1,186836,Active,2014-04-15,,full
L84047,1,186837,Active,2014-04-15,,full
L84048,1,186838,Active,2014-04-15,,full
L84049,1,186839,Active,2014-04-15,,full
L84050,1,186840,Active,2014-04-15,,full
L84051,1,186841,Active,2014-04-15,,full
L84052,1,186842,Active,2014-04-15,,full
L84053,1,186843,Active,2014-04-15,,full
L84054,1,186844,Active,2014-04-15,,full
L84055,1,186845,Inactive,2014-04-15,2019-01-31,full
L84056,1,186846,Inactive,2014-04-15,2022-07-31,full
L84057,1,186847,Inactive,2014-04-15,2019-05-01,full
L84058,1,186848,Active,2014-04-15,,full
L84059,1,186849,Active,2014-04-15,,full
L84060,1,186850,Active,2014-04-15,,full
L84063,1,186851,Active,2014-04-15,,full
L84065,1,186852,Active,2014-04-15,,full
L84067,1,186853,Active,2014-04-15,,full
L84068,1,195375,Active,2014-04-15,,full
L84069,1,186854,Active,2014-04-15,,full
L84070,1,186855,Inactive,2014-04-15,2025-04-30,full
L84071,1,186856,Inactive,2014-04-15,2025-04-30,full
L84072,1,186857,Active,2014-04-15,,full
L84073,1,186858,Inactive,2014-04-15,2024-10-31,full
L84075,1,186859,Active,2014-04-15,,full
L84077,1,186860,Active,2014-04-15,,full
L84078,1,186861,Inactive,2014-04-15,2023-12-31,full
L84080,1,186862,Active,2014-04-15,,full
L84081,1,186863,Active,2014-04-15,,full
L84084,1,186864,Active,2014-04-15,,full
L84085,1,186865,Active,2014-04-15,,full
L84604,1,186867,Inactive,2014-04-15,2016-06-08,archive
L84606,1,186868,Active,2014-04-15,,full
L84609,1,186870,Inactive,2014-04-15,2017-01-04,archive
L84613,1,186871,Active,2014-04-15,,full
L84615,1,186872,Inactive,2014-04-15,2024-06-30,full
L84616,1,186873,Inactive,2014-04-15,2025-02-28,full
L84617,1,186874,Active,2014-04-15,,full
L84621,1,186876,Inactive,2014-04-15,2015-10-07,archive
L85001,1,186877,Active,2014-04-15,,full
L85002,1,186878,Active,2014-04-15,,full
L85003,1,186879,Active,2014-04-15,,full
L85004,1,186880,Active,2014-04-15,,full
L85005,1,186881,Inactive,2014-04-15,2020-06-30,full
L85006,1,186882,Active,2014-04-15,,full
L85007,1,186883,Active,2014-04-15,,full
L85008,1,186884,Active,2014-04-15,,full
L85009,1,186885,Active,2014-04-15,,full
L85010,1,186886,Active,2014-04-15,,full
L85011,1,186887,Active,2014-04-15,,full
L85012,1,186888,Active,2014-04-15,,full
L85013,1,186889,Active,2014-04-15,,full
L85014,1,186890,Active,2014-04-15,,full
L85015,1,186891,Active,2014-04-15,,full
L85016,1,186892,Active,2014-04-15,,full
L85017,1,186893,Active,2014-04-15,,full
L85018,1,186894,Active,2014-04-15,,full
L85019,1,186895,Active,2014-04-15,,full
L85020,1,186896,Active,2014-04-15,,full
L85021,1,186897,Active,2014-04-15,,full
L85022,1,186898,Active,2014-04-15,,full
L85023,1,186899,Active,2014-04-15,,full
L85024,1,186900,Active,2014-04-15,,full
L85025,1,186901,Active,2014-04-15,,full
L85026,1,186902,Active,2014-04-15,,full
L85027,1,186903,Active,2014-04-15,,full
L85028,1,186904,Inactive,2014-04-15,2024-03-31,full
L85029,1,186905,Active,2014-04-15,,full
L85030,1,186906,Active,2014-04-15,,full
L85031,1,186907,Active,2014-04-15,,full
L85032,1,186908,Active,2014-04-15,,full
L85033,1,186909,Active,2014-04-15,,full
L85034,1,186910,Active,2014-04-15,,full
L85035,1,186911,Active,2014-04-15,,full
L85036,1,186912,Active,2014-04-15,,full
L85037,1,186913,Active,2014-04-15,,full
L85038,1,186914,Active,2014-04-15,,full
L85039,1,186915,Active,2014-04-15,,full
L85040,1,186916,Active,2014-04-15,,full
L85041,1,186917,Inactive,2014-04-15,2020-06-30,full
L85042,1,186918,Active,2014-04-15,,full
L85043,1,186919,Active,2014-04-15,,full
L85044,1,186920,Active,2014-04-15,,full
L85045,1,186921,Inactive,2014-04-15,2017-11-01,full
L85046,1,186922,Active,2014-04-15,,full
L85047,1,186923,Active,2014-04-15,,full
L85048,1,186924,Active,2014-04-15,,full
L85050,1,186925,Active,2014-04-15,,full
L85051,1,186926,Active,2014-04-15,,full
L85052,1,186927,Active,2014-04-15,,full
L85053,1,186928,Active,2014-04-15,,full
L85054,1,186929,Active,2014-04-15,,full
L85055,1,186930,Active,2014-04-15,,full
L85056,1,186931,Active,2014-04-15,,full
L85059,1,186932,Inactive,2014-04-15,2014-06-30,archive
L85060,1,186933,Inactive,2014-04-15,2019-05-01,full
L85061,1,186934,Active,2014-04-15,,full
L85062,1,186935,Active,2014-04-15,,full
L85064,1,186936,Active,2014-04-15,,full
L85065,1,186937,Active,2014-04-15,,full
L85066,1,186938,Active,2014-04-15,,full
L85601,1,186939,Active,2014-04-15,,full
L85602,1,186940,Inactive,2014-04-15,2017-07-05,full
L85607,1,186942,Active,2014-04-15,,full
L85608,1,186943,Inactive,2014-04-15,2018-05-02,full
L85609,1,186944,Active,2014-04-15,,full
L85611,1,186945,Active,2014-04-15,,full
L85612,1,186946,Inactive,2014-04-15,2022-04-30,full
L85616,1,186947,Inactive,2014-04-15,2018-02-01,full
L85619,1,186949,Inactive,2014-04-15,2023-12-31,full
L85620,1,186950,Inactive,2014-04-15,2019-12-04,full
L85624,1,186952,Active,2014-04-15,,full
M81001,1,186954,Active,2014-04-15,,full
M81002,1,186955,Active,2014-04-15,,full
M81003,1,186956,Inactive,2014-04-15,2023-12-31,full
M81004,1,186957,Active,2014-04-15,,full
M81005,1,186958,Active,2014-04-15,,full
M81006,1,186959,Active,2014-04-15,,full
M81007,1,186960,Active,2014-04-15,,full
M81008,1,186961,Active,2014-04-15,,full
M81009,1,186962,Active,2014-04-15,,full
M81010,1,186963,Active,2014-04-15,,full
M81011,1,186964,Active,2014-04-15,,full
M81012,1,186965,Active,2014-04-15,,full
M81013,1,186966,Inactive,2014-04-15,2019-07-31,full
M81014,1,186967,Inactive,2014-04-15,2019-07-31,full
M81015,1,186968,Active,2014-04-15,,full
M81016,1,186969,Active,2014-04-15,,full
M81017,1,186970,Active,2014-04-15,,full
M81018,1,186971,Active,2014-04-15,,full
M81019,1,186972,Active,2014-04-15,,full
M81020,1,186973,Active,2014-04-15,,full
M81021,1,186974,Active,2014-04-15,,full
M81022,1,186975,Active,2014-04-15,,full
M81023,1,186976,Inactive,2014-04-15,2019-07-31,full
M81024,1,186977,Active,2014-04-15,,full
M81025,1,186978,Active,2014-04-15,,full
M81026,1,186979,Active,2014-04-15,,full
M81027,1,186980,Active,2014-04-15,,full
M81029,1,186981,Active,2014-04-15,,full
M81032,1,186982,Active,2014-04-15,,full
M81033,1,186983,Active,2014-04-15,,full
M81034,1,186984,Active,2014-04-15,,full
M81035,1,186985,Active,2014-04-15,,full
M81037,1,186986,Active,2014-04-15,,full
M81038,1,186987,Active,2014-04-15,,full
M81039,1,186988,Active,2014-04-15,,full
M81040,1,186989,Active,2014-04-15,,full
M81041,1,186990,Active,2014-04-15,,full
M81042,1,186991,Active,2014-04-15,,full
M81043,1,186992,Active,2014-04-15,,full
M81044,1,186993,Active,2014-04-15,,full
M81045,1,186994,Active,2014-04-15,,full
M81046,1,186995,Active,2014-04-15,,full
M81047,1,186996,Active,2014-04-15,,full
M81048,1,186997,Active,2014-04-15,,full
M81049,1,186998,Active,2014-04-15,,full
M81053,1,186999,Inactive,2012-09-30,2012-09-30,archive
M81054,1,187000,Active,2014-04-15,,full
M81055,1,187001,Active,2014-04-15,,full
M81056,1,187002,Active,2014-04-15,,full
M81057,1,187003,Active,2014-04-15,,full
M81058,1,187004,Active,2014-04-15,,full
M81061,1,187005,Active,2014-04-15,,full
M81062,1,187006,Inactive,2014-04-15,2025-04-30,full
M81063,1,187007,Active,2014-04-15,,full
M81064,1,187008,Active,2014-04-15,,full
M81065,1,187009,Inactive,2014-04-15,2017-08-16,full
M81066,1,187010,Active,2014-04-15,,full
M81067,1,187011,Active,2014-04-15,,full
M81068,1,187012,Active,2014-04-15,,full
M81069,1,187013,Active,2014-04-15,,full
M81070,1,187014,Active,2014-04-15,,full
M81072,1,187015,Active,2014-04-15,,full
M81073,1,187016,Inactive,2014-04-15,2022-03-31,full
M81074,1,187017,Active,2014-04-15,,full
M81075,1,187018,Active,2014-04-15,,full
M81076,1,187019,Active,2014-04-15,,full
M81077,1,187020,Active,2014-04-15,,full
M81078,1,187021,Active,2014-04-15,,full
M81079,1,187022,Inactive,2014-04-15,2019-05-01,full
M81080,1,187023,Inactive,2014-04-15,2019-07-31,full
M81081,1,187024,Active,2014-04-15,,full
M81082,1,187025,Active,2014-04-15,,full
M81083,1,187026,Active,2014-04-15,,full
M81084,1,187027,Active,2014-04-15,,full
M81087,1,187028,Inactive,2014-04-15,2020-06-30,full
M81089,1,187029,Inactive,2014-04-15,2022-11-30,full
M81090,1,187030,Active,2014-04-15,,full
M81091,1,187031,Active,2014-04-15,,full
M81092,1,187032,Active,2014-04-15,,full
M81093,1,187033,Active,2014-04-15,,full
M81094,1,187034,Active,2014-04-15,,full
M81600,1,187035,Active,2014-04-15,,full
M81604,1,187037,Active,2014-04-15,,full
M81605,1,187038,Active,2014-04-15,,full
M81606,1,187039,Inactive,2012-09-30,2012-09-30,archive
M81608,1,187041,Active,2014-04-15,,full
M81616,1,187045,Active,2014-04-15,,full
M81617,1,187046,Active,2014-04-15,,full
M81621,1,187048,Inactive,2014-04-15,2021-08-31,full
M81627,1,187051,Active,2014-04-15,,full
M81629,1,187052,Active,2014-04-15,,full
M82001,1,187063,Inactive,2014-04-15,2016-08-10,archive
M82002,1,187064,Active,2014-04-15,,full
M82003,1,187065,Active,2014-04-15,,full
M82004,1,187066,Active,2014-04-15,,full
M82005,1,187067,Active,2014-04-15,,full
M82006,1,187068,Active,2014-04-15,,full
M82007,1,187069,Active,2014-04-15,,full
M82008,1,187070,Active,2014-04-15,,full
M82009,1,187071,Active,2014-04-15,,full
M82010,1,187072,Active,2014-04-15,,full
M82011,1,187073,Active,2014-04-15,,full
M82012,1,187074,Active,2014-04-15,,full
M82013,1,187075,Active,2014-04-15,,full
M82014,1,187076,Active,2014-04-15,,full
M82015,1,187077,Inactive,2013-08-31,2013-08-31,archive
M82016,1,187078,Active,2014-04-15,,full
M82017,1,187079,Active,2014-04-15,,full
M82018,1,187080,Active,2014-04-15,,full
M82019,1,187081,Active,2014-04-15,,full
M82020,1,187082,Active,2014-04-15,,full
M82021,1,187083,Active,2014-04-15,,full
M82022,1,187084,Active,2014-04-15,,full
M82023,1,187085,Active,2014-04-15,,full
M82024,1,187086,Active,2014-04-15,,full
M82025,1,187087,Active,2014-04-15,,full
M82026,1,187088,Active,2014-04-15,,full
M82027,1,187089,Inactive,2014-04-15,2020-06-30,full
M82028,1,187090,Active,2014-04-15,,full
M82029,1,187091,Inactive,2014-04-15,2018-05-02,full
M82030,1,187092,Active,2014-04-15,,full
M82031,1,187093,Inactive,2014-04-15,2025-02-28,full
M82032,1,187094,Active,2014-04-15,,full
M82033,1,187095,Active,2014-04-15,,full
M82034,1,187096,Active,2014-04-15,,full
M82035,1,187097,Active,2014-04-15,,full
M82038,1,187098,Active,2014-04-15,,full
M82039,1,187099,Active,2014-04-15,,full
M82040,1,187100,Active,2014-04-15,,full
M82041,1,187101,Active,2014-04-15,,full
M82042,1,187102,Active,2014-04-15,,full
M82043,1,187103,Active,2014-04-15,,full
M82044,1,187104,Inactive,2014-04-15,2022-04-30,full
M82045,1,187105,Inactive,2014-04-15,2019-12-04,full
M82046,1,187106,Active,2014-04-15,,full
M82047,1,187107,Active,2014-04-15,,full
M82048,1,187108,Active,2014-04-15,,full
M82050,1,187109,Inactive,2014-04-15,2017-07-05,full
M82051,1,187110,Active,2014-04-15,,full
M82054,1,187112,Inactive,2014-04-15,2017-01-31,archive
M82055,1,187113,Inactive,2014-04-15,2017-11-01,full
M82056,1,187114,Active,2014-04-15,,full
M82057,1,187115,Active,2014-04-15,,full
M82058,1,187116,Active,2014-04-15,,full
M82059,1,187117,Active,2014-04-15,,full
M82060,1,187118,Active,2014-04-15,,full
M82601,1,187119,Active,2014-04-15,,full
M82604,1,187120,Inactive,2014-04-15,2022-04-30,full
M82606,1,187121,Active,2014-04-15,,full
M82607,1,187122,Inactive,2014-04-15,2016-08-10,archive
M82612,1,187124,Inactive,2014-04-15,2017-01-04,archive
M82616,1,187126,Active,2014-04-15,,full
M82619,1,187129,Inactive,2014-04-15,2018-05-02,full
M82620,1,187130,Active,2014-04-15,,full
M83001,1,187132,Active,2014-04-15,,full
M83004,1,187134,Active,2014-04-15,,full
M83005,1,187135,Active,2014-04-15,,full
M83006,1,187136,Active,2014-04-15,,full
M83007,1,187137,Active,2014-04-15,,full
M83009,1,187138,Active,2014-04-15,,full
M83010,1,187139,Active,2014-04-15,,full
M83011,1,187140,Active,2014-04-15,,full
M83012,1,187141,Active,2014-04-15,,full
M83013,1,187142,Active,2014-04-15,,full
M83014,1,187143,Active,2014-04-15,,full
M83015,1,187144,Active,2014-04-15,,full
M83016,1,187145,Active,2014-04-15,,full
M83017,1,187146,Active,2014-04-15,,full
M83018,1,187147,Active,2014-04-15,,full
M83020,1,195381,Active,2014-04-15,,full
M83021,1,187149,Active,2014-04-15,,full
M83022,1,187150,Active,2014-04-15,,full
M83023,1,187151,Active,2014-04-15,,full
M83024,1,187152,Active,2014-04-15,,full
M83025,1,187153,Active,2014-04-15,,full
M83026,1,187154,Active,2014-04-15,,full
M83027,1,187155,Active,2014-04-15,,full
M83028,1,187156,Active,2014-04-15,,full
M83030,1,187157,Active,2014-04-15,,full
M83031,1,187158,Active,2014-04-15,,full
M83032,1,187159,Active,2014-04-15,,full
M83033,1,187160,Active,2014-04-15,,full
M83034,1,187161,Active,2014-04-15,,full
M83035,1,187162,Active,2014-04-15,,full
M83036,1,187163,Active,2014-04-15,,full
M83037,1,187164,Active,2014-04-15,,full
M83038,1,187165,Active,2014-04-15,,full
M83041,1,187166,Inactive,2014-04-15,2021-08-31,full
M83042,1,187167,Active,2014-04-15,,full
M83043,1,187168,Inactive,2014-04-15,2017-02-28,archive
M83044,1,187169,Active,2014-04-15,,full
M83045,1,187170,Active,2014-04-15,,full
M83046,1,187171,Active,2014-04-15,,full
M83047,1,187172,Active,2014-04-15,,full
M83048,1,187173,Active,2014-04-15,,full
M83049,1,187174,Active,2014-04-15,,full
M83050,1,187175,Active,2014-04-15,,full
M83051,1,187176,Active,2014-04-15,,full
M83052,1,187177,Active,2014-04-15,,full
M83054,1,187178,Active,2014-04-15,,full
M83056,1,187180,Active,2014-04-15,,full
M83057,1,187181,Active,2014-04-15,,full
M83059,1,187182,Active,2014-04-15,,full
M83061,1,187183,Active,2014-04-15,,full
M83062,1,187184,Active,2014-04-15,,full
M83063,1,187185,Active,2014-04-15,,full
M83064,1,187186,Inactive,2014-04-15,2018-02-01,full
M83065,1,187187,Active,2014-04-15,,full
M83066,1,187188,Active,2014-04-15,,full
M83067,1,187189,Active,2014-04-15,,full
M83068,1,187190,Active,2014-04-15,,full
M83069,1,187191,Active,2014-04-15,,full
M83070,1,187192,Active,2014-04-15,,full
M83071,1,187193,Active,2014-04-15,,full
M83072,1,187194,Active,2014-04-15,,full
M83073,1,187195,Active,2014-04-15,,full
M83074,1,187196,Active,2014-04-15,,full
M83075,1,187197,Active,2014-04-15,,full
M83076,1,187198,Active,2014-04-15,,full
M83078,1,187200,Inactive,2014-04-15,2019-01-31,full
M83079,1,187201,Active,2014-04-15,,full
M83080,1,187202,Inactive,2014-04-15,2018-09-30,full
M83082,1,187203,Inactive,2014-04-15,2024-06-30,full
M83084,1,187204,Active,2014-04-15,,full
M83088,1,187206,Active,2014-04-15,,full
M83089,1,187207,Active,2014-04-15,,full
M83090,1,187208,Active,2014-04-15,,full
M83092,1,187209,Active,2014-04-15,,full
M83093,1,187210,Active,2014-04-15,,full
M83094,1,187211,Active,2014-04-15,,full
M83096,1,187212,Active,2014-04-15,,full
M83097,1,187213,Active,2014-04-15,,full
M83100,1,187214,Active,2014-04-15,,full
M83102,1,187215,Active,2014-04-15,,full
M83103,1,187216,Active,2014-04-15,,full
M83107,1,187218,Active,2014-04-15,,full
M83108,1,187219,Active,2014-04-15,,full
M83109,1,187220,Active,2014-04-15,,full
M83110,1,187221,Active,2014-04-15,,full
M83111,1,187222,Active,2014-04-15,,full
M83113,1,187223,Active,2014-04-15,,full
M83115,1,187225,Inactive,2014-04-15,2021-06-30,full
M83117,1,187226,Active,2014-04-15,,full
M83121,1,187229,Active,2014-04-15,,full
M83122,1,187230,Active,2014-04-15,,full
M83123,1,187231,Active,2014-04-15,,full
M83125,1,187232,Active,2014-04-15,,full
M83126,1,187233,Active,2014-04-15,,full
M83127,1,187234,Active,2014-04-15,,full
M83128,1,187235,Inactive,2014-04-15,2020-06-30,full
M83129,1,187236,Active,2014-04-15,,full
M83130,1,187237,Active,2014-04-15,,full
M83132,1,187238,Active,2014-04-15,,full
M83133,1,187239,Inactive,2014-04-15,2017-07-05,full
M83134,1,187240,Inactive,2014-04-15,2022-03-31,full
M83138,1,187242,Active,2014-04-15,,full
M83139,1,187243,Active,2014-04-15,,full
M83140,1,187244,Active,2014-04-15,,full
M83141,1,187245,Active,2014-04-15,,full
M83143,1,187246,Active,2014-04-15,,full
M83146,1,187248,Active,2014-04-15,,full
M83148,1,187249,Active,2014-04-15,,full
M83601,1,187250,Active,2014-04-15,,full
M83608,1,187251,Active,2014-04-15,,full
M83613,1,187253,Inactive,2014-04-15,2017-04-30,full
M83616,1,187255,Active,2014-04-15,,full
M83617,1,187256,Active,2014-04-15,,full
M83619,1,187257,Active,2014-04-15,,full
M83623,1,187260,Inactive,2014-04-15,2023-12-31,full
M83624,1,187261,Active,2014-04-15,,full
M83625,1,187262,Active,2014-04-15,,full
M83627,1,187264,Active,2014-04-15,,full
M83629,1,187265,Inactive,2014-04-15,2018-07-04,full
M83631,1,187266,Inactive,2014-04-15,2019-05-01,full
M83632,1,187267,Active,2014-04-15,,full
M83637,1,187269,Active,2014-04-15,,full
M83638,1,187270,Active,2014-04-15,,full
M83639,1,187271,Inactive,2014-04-15,2018-07-04,full
M83640,1,187272,Active,2014-04-15,,full
M83641,1,187273,Active,2014-04-15,,full
M83650,1,187276,Active,2014-04-15,,full
M83661,1,187281,Active,2014-04-15,,full
M83662,1,187282,Inactive,2014-04-15,2016-02-29,archive
M83665,1,187284,Inactive,2014-04-15,2020-06-30,full
M83668,1,187286,Active,2014-04-15,,full
M83669,1,187287,Inactive,2014-04-15,2018-07-04,full
M83670,1,187288,Active,2014-04-15,,full
M83678,1,187289,Inactive,2014-04-15,2017-08-16,full
M83680,1,187290,Active,2014-04-15,,full
M83681,1,187291,Active,2014-04-15,,full
M83682,1,187292,Active,2014-04-15,,full
M83691,1,187295,Active,2014-04-15,,full
M83692,1,187296,Inactive,2014-04-15,2018-05-02,full
M83693,1,187297,Active,2014-04-15,,full
M83695,1,187298,Inactive,2014-04-15,2016-01-06,archive
M83697,1,187299,Active,2014-04-15,,full
M83698,1,187300,Active,2014-04-15,,full
M83700,1,187302,Inactive,2014-04-15,2022-07-31,full
M83701,1,187303,Active,2014-04-15,,full
M83703,1,187304,Active,2014-04-15,,full
M83705,1,187306,Inactive,2014-04-15,2022-07-31,full
M83706,1,187307,Inactive,2014-04-15,2023-12-31,full
M83708,1,187309,Inactive,2014-04-15,2018-09-30,full
M83709,1,187310,Active,2014-04-15,,full
M83711,1,187312,Active,2014-04-15,,full
M83712,1,187313,Inactive,2014-04-15,2020-06-30,full
M83713,1,187314,Active,2014-04-15,,full
M83714,1,187315,Inactive,2014-04-15,2020-11-30,full
M83715,1,187316,Active,2014-04-15,,full
M83717,1,187317,Active,2014-04-15,,full
M83718,1,187318,Active,2014-04-15,,full
M83719,1,187319,Active,2014-04-15,,full
M83722,1,187322,Inactive,2014-04-15,2022-03-31,full
M83723,1,187323,Active,2014-04-15,,full
M83725,1,187324,Active,2014-04-15,,full
M83726,1,195387,Inactive,2014-04-15,2017-07-05,full
M83727,1,187325,Active,2014-04-15,,full
M83733,1,187331,Inactive,2014-04-15,2018-12-20,full
M83738,1,187336,Active,2014-04-15,,full
M83739,1,187337,Inactive,2014-04-15,2018-12-20,full
M84001,1,187338,Active,2014-04-15,,full
M84002,1,187339,Active,2014-04-15,,full
M84003,1,187340,Active,2014-04-15,,full
M84004,1,187341,Active,2014-04-15,,full
M84005,1,187342,Active,2014-04-15,,full
M84006,1,187343,Active,2014-04-15,,full
M84007,1,187344,Active,2014-04-15,,full
M84008,1,187345,Active,2014-04-15,,full
M84009,1,187346,Active,2014-04-15,,full
M84010,1,187347,Active,2014-04-15,,full
M84011,1,187348,Active,2014-04-15,,full
M84012,1,187349,Active,2014-04-15,,full
M84013,1,187350,Active,2014-04-15,,full
M84014,1,187351,Active,2014-04-15,,full
M84015,1,187352,Active,2014-04-15,,full
M84016,1,187353,Active,2014-04-15,,full
M84017,1,187354,Active,2014-04-15,,full
M84018,1,187355,Active,2014-04-15,,full
M84019,1,187356,Active,2014-04-15,,full
M84020,1,187357,Active,2014-04-15,,full
M84021,1,187358,Active,2014-04-15,,full
M84022,1,187359,Active,2014-04-15,,full
M84023,1,187360,Active,2014-04-15,,full
M84024,1,187361,Active,2014-04-15,,full
M84025,1,187362,Active,2014-04-15,,full
M84026,1,187363,Active,2014-04-15,,full
M84027,1,187364,Inactive,2014-04-15,2016-02-29,archive
M84028,1,187365,Active,2014-04-15,,full
M84029,1,187366,Active,2014-04-15,,full
M84030,1,187367,Active,2014-04-15,,full
M84031,1,187368,Active,2014-04-15,,full
M84032,1,187369,Active,2014-04-15,,full
M84034,1,187371,Active,2014-04-15,,full
M84035,1,187372,Active,2014-04-15,,full
M84036,1,187373,Active,2014-04-15,,full
M84037,1,187374,Active,2014-04-15,,full
M84038,1,187375,Inactive,2014-04-15,2019-01-31,full
M84040,1,187376,Active,2014-04-15,,full
M84041,1,187377,Active,2014-04-15,,full
M84042,1,187378,Active,2014-04-15,,full
M84043,1,187379,Active,2014-04-15,,full
M84044,1,187380,Active,2014-04-15,,full
M84045,1,187381,Inactive,2014-04-15,2018-05-02,full
M84046,1,187382,Active,2014-04-15,,full
M84047,1,187383,Active,2014-04-15,,full
M84048,1,187384,Inactive,2014-04-15,2016-02-29,archive
M84049,1,187385,Active,2014-04-15,,full
M84050,1,187386,Active,2014-04-15,,full
M84051,1,187387,Active,2014-04-15,,full
M84055,1,187388,Active,2014-04-15,,full
M84057,1,187390,Inactive,2014-04-15,2016-02-29,archive
M84059,1,187391,Active,2014-04-15,,full
M84060,1,187392,Active,2014-04-15,,full
M84061,1,187393,Active,2014-04-15,,full
M84062,1,187394,Active,2014-04-15,,full
M84063,1,187395,Active,2014-04-15,,full
M84064,1,187396,Active,2014-04-15,,full
M84065,1,187397,Active,2014-04-15,,full
M84066,1,187398,Active,2014-04-15,,full
M84067,1,187399,Active,2014-04-15,,full
M84068,1,187400,Inactive,2014-04-15,2016-06-08,archive
M84069,1,187401,Active,2014-04-15,,full
M84070,1,187402,Active,2014-04-15,,full
M84603,1,187403,Inactive,2014-04-15,2019-05-01,full
M84608,1,187404,Inactive,2014-04-15,2018-02-01,full
M84609,1,187405,Active,2014-04-15,,full
M84612,1,187406,Active,2014-04-15,,full
M84615,1,187407,Active,2014-04-15,,full
M84616,1,187408,Active,2014-04-15,,full
M84617,1,187409,Inactive,2014-04-15,2021-01-31,full
M84618,1,187410,Active,2014-04-15,,full
M84620,1,187411,Active,2014-04-15,,full
M84621,1,187412,Active,2014-04-15,,full
M84624,1,187413,Inactive,2014-04-15,2019-07-31,full
M84627,1,187414,Active,2014-04-15,,full
M84629,1,187415,Active,2014-04-15,,full
M85001,1,187417,Active,2014-04-15,,full
M85002,1,187418,Active,2014-04-15,,full
M85003,1,187419,Inactive,2014-04-15,2016-09-07,archive
M85005,1,187420,Active,2014-04-15,,full
M85006,1,187421,Active,2014-04-15,,full
M85007,1,187422,Active,2014-04-15,,full
M85008,1,187423,Inactive,2014-04-15,2025-02-28,full
M85009,1,187424,Active,2014-04-15,,full
M85010,1,187425,Inactive,2014-04-15,2017-11-01,full
M85011,1,187426,Active,2014-04-15,,full
M85013,1,187427,Active,2014-04-15,,full
M85014,1,187428,Active,2014-04-15,,full
M85015,1,187429,Inactive,2014-04-15,2018-12-20,full
M85016,1,187430,Active,2014-04-15,,full
M85018,1,187431,Active,2014-04-15,,full
M85019,1,187432,Active,2014-04-15,,full
M85020,1,187433,Active,2014-04-15,,full
M85021,1,187434,Active,2014-04-15,,full
M85023,1,187435,Active,2014-04-15,,full
M85024,1,187436,Active,2014-04-15,,full
M85025,1,187437,Active,2014-04-15,,full
M85026,1,187438,Active,2014-04-15,,full
M85027,1,187439,Active,2014-04-15,,full
M85028,1,187440,Active,2014-04-15,,full
M85029,1,187441,Active,2014-04-15,,full
M85030,1,187442,Active,2014-04-15,,full
M85031,1,187443,Active,2014-04-15,,full
M85033,1,187444,Active,2014-04-15,,full
M85034,1,187445,Active,2014-04-15,,full
M85035,1,187446,Active,2014-04-15,,full
M85036,1,187447,Inactive,2014-04-15,2016-09-07,archive
M85037,1,187448,Active,2014-04-15,,full
M85038,1,187449,Inactive,2014-04-15,2019-07-31,full
M85041,1,187450,Active,2014-04-15,,full
M85042,1,187451,Active,2014-04-15,,full
M85043,1,187452,Active,2014-04-15,,full
M85045,1,187454,Inactive,2014-04-15,2018-09-30,full
M85046,1,187455,Active,2014-04-15,,full
M85047,1,187456,Active,2014-04-15,,full
M85048,1,187457,Active,2014-04-15,,full
M85051,1,187458,Active,2014-04-15,,full
M85052,1,187459,Inactive,2014-04-15,2020-06-30,full
M85053,1,187460,Active,2014-04-15,,full
M85055,1,187462,Active,2014-04-15,,full
M85056,1,187463,Active,2014-04-15,,full
M85058,1,187464,Active,2014-04-15,,full
M85059,1,187465,Inactive,2014-04-15,2017-07-05,full
M85060,1,187466,Active,2014-04-15,,full
M85061,1,187467,Active,2014-04-15,,full
M85062,1,187468,Active,2014-04-15,,full
M85063,1,187469,Active,2014-04-15,,full
M85064,1,187470,Inactive,2014-04-15,2021-06-30,full
M85065,1,187471,Active,2014-04-15,,full
M85066,1,187472,Active,2014-04-15,,full
M85068,1,187473,Inactive,2014-04-15,2019-07-31,full
M85069,1,187474,Active,2014-04-15,,full
M85070,1,187475,Active,2014-04-15,,full
M85071,1,187476,Active,2014-04-15,,full
M85072,1,187477,Inactive,2014-04-15,2018-12-20,full
M85073,1,187478,Inactive,2012-09-30,2012-09-30,archive
M85074,1,187479,Active,2014-04-15,,full
M85075,1,187480,Inactive,2014-04-15,2019-12-04,full
M85076,1,187481,Active,2014-04-15,,full
M85077,1,187482,Active,2014-04-15,,full
M85078,1,187483,Active,2014-04-15,,full
M85079,1,187484,Active,2014-04-15,,full
M85081,1,187486,Active,2014-04-15,,full
M85082,1,187487,Active,2014-04-15,,full
M85083,1,187488,Inactive,2014-04-15,2019-12-04,full
M85084,1,187489,Active,2014-04-15,,full
M85085,1,187490,Inactive,2014-04-15,2021-08-31,full
M85086,1,187491,Active,2014-04-15,,full
M85087,1,187492,Active,2014-04-15,,full
M85088,1,187493,Active,2014-04-15,,full
M85092,1,187494,Inactive,2014-04-15,2022-03-31,full
M85093,1,187495,Inactive,2014-04-15,2014-06-30,archive
M85094,1,187496,Active,2014-04-15,,full
M85097,1,187497,Active,2014-04-15,,full
M85098,1,187498,Active,2014-04-15,,full
M85100,1,187499,Inactive,2014-04-15,2018-12-20,full
M85103,1,187501,Inactive,2014-04-15,2019-07-31,full
M85105,1,187502,Active,2014-04-15,,full
M85107,1,187503,Active,2014-04-15,,full
M85108,1,187504,Active,2014-04-15,,full
M85110,1,187505,Active,2014-04-15,,full
M85111,1,187506,Inactive,2014-04-15,2018-04-30,full
M85113,1,187507,Active,2014-04-15,,full
M85115,1,187509,Active,2014-04-15,,full
M85116,1,187510,Active,2014-04-15,,full
M85117,1,187511,Active,2014-04-15,,full
M85118,1,187512,Active,2014-04-15,,full
M85123,1,187515,Active,2014-04-15,,full
M85124,1,187516,Active,2014-04-15,,full
M85127,1,187518,Inactive,2014-04-15,2021-01-31,full
M85128,1,187519,Active,2014-04-15,,full
M85131,1,187521,Inactive,2014-04-15,2014-06-30,archive
M85133,1,187522,Inactive,2014-04-15,2018-12-20,full
M85134,1,187523,Inactive,2014-04-15,2026-01-31,full
M85136,1,187524,Active,2014-04-15,,full
M85139,1,187525,Active,2014-04-15,,full
M85141,1,187527,Active,2014-04-15,,full
M85142,1,187528,Inactive,2014-04-15,2025-06-30,full
M85143,1,187529,Active,2014-04-15,,full
M85145,1,187530,Active,2014-04-15,,full
M85146,1,187531,Active,2014-04-15,,full
M85149,1,187532,Active,2014-04-15,,full
M85153,1,187534,Active,2014-04-15,,full
M85154,1,187535,Active,2014-04-15,,full
M85155,1,187536,Active,2014-04-15,,full
M85156,1,187537,Active,2014-04-15,,full
M85158,1,187538,Active,2014-04-15,,full
M85159,1,187539,Inactive,2014-04-15,2022-03-31,full
M85163,1,187542,Inactive,2014-04-15,2017-07-05,full
M85164,1,187543,Active,2014-04-15,,full
M85166,1,187544,Inactive,2014-04-15,2015-10-07,archive
M85167,1,187545,Active,2014-04-15,,full
M85170,1,187547,Active,2014-04-15,,full
M85171,1,187548,Active,2014-04-15,,full
M85172,1,187549,Active,2014-04-15,,full
M85174,1,187550,Active,2014-04-15,,full
M85175,1,187551,Active,2014-04-15,,full
M85176,1,187552,Active,2014-04-15,,full
M85177,1,187553,Active,2014-04-15,,full
M85178,1,187554,Active,2014-04-15,,full
M85179,1,187555,Active,2014-04-15,,full
M85600,1,187556,Active,2014-04-15,,full
M85611,1,187557,Inactive,2014-04-15,2020-06-30,full
M85624,1,187558,Active,2014-04-15,,full
M85634,1,187560,Active,2014-04-15,,full
M85642,1,187562,Active,2014-04-15,,full
M85652,1,187564,Inactive,2014-04-15,2019-01-31,full
M85655,1,187565,Inactive,2014-04-15,2016-01-06,archive
M85663,1,187567,Inactive,2014-04-15,2021-06-30,full
M85669,1,187570,Active,2014-04-15,,full
M85670,1,195390,Active,2014-04-15,,full
M85671,1,187571,Inactive,2014-04-15,2024-10-31,full
M85676,1,187574,Active,2014-04-15,,full
M85677,1,187575,Inactive,2014-04-15,2020-06-30,full
M85679,1,187577,Active,2014-04-15,,full
M85680,1,187578,Active,2014-04-15,,full
M85684,1,187580,Active,2014-04-15,,full
M85686,1,187581,Active,2014-04-15,,full
M85689,1,187584,Inactive,2014-04-15,2020-06-30,full
M85693,1,187588,Active,2014-04-15,,full
M85694,1,187589,Active,2014-04-15,,full
M85697,1,187590,Active,2014-04-15,,full
M85699,1,187592,Active,2014-04-15,,full
M85701,1,187593,Active,2014-04-15,,full
M85704,1,187596,Inactive,2014-04-15,2018-09-30,full
M85706,1,187598,Active,2014-04-15,,full
M85711,1,187600,Active,2014-04-15,,full
M85713,1,187601,Active,2014-04-15,,full
M85715,1,187602,Active,2014-04-15,,full
M85716,1,187603,Active,2014-04-15,,full
M85717,1,187604,Active,2014-04-15,,full
M85721,1,187605,Active,2014-04-15,,full
M85722,1,187606,Active,2014-04-15,,full
M85730,1,187609,Active,2014-04-15,,full
M85732,1,187611,Active,2014-04-15,,full
M85733,1,187612,Active,2014-04-15,,full
M85735,1,187614,Active,2014-04-15,,full
M85736,1,187615,Active,2014-04-15,,full
M85738,1,187616,Inactive,2014-04-15,2016-09-07,archive
M85739,1,187617,Active,2014-04-15,,full
M85741,1,187618,Inactive,2014-04-15,2018-09-30,full
M85746,1,187619,Active,2014-04-15,,full
M85749,1,187621,Active,2014-04-15,,full
M85750,1,187622,Inactive,2013-07-31,2013-07-31,archive
M85753,1,187623,Inactive,2014-04-15,2022-11-30,full
M85756,1,187625,Active,2014-04-15,,full
M85757,1,187626,Active,2014-04-15,,full
M85759,1,187627,Active,2014-04-15,,full
M85760,1,187628,Inactive,2014-04-15,2014-06-30,archive
M85766,1,187630,Active,2014-04-15,,full
M85769,1,187632,Inactive,2012-09-30,2012-09-30,archive
M85770,1,187633,Active,2014-04-15,,full
M85773,1,187634,Inactive,2013-07-31,2013-07-31,archive
M85774,1,187635,Active,2014-04-15,,full
M85776,1,187637,Inactive,2014-04-15,2019-12-04,full
M85778,1,187638,Active,2014-04-15,,full
M85779,1,187639,Active,2014-04-15,,full
M85781,1,187640,Active,2014-04-15,,full
M85782,1,187641,Inactive,2014-04-15,2024-06-30,full
M85783,1,187642,Active,2014-04-15,,full
M85784,1,187643,Inactive,2014-04-15,2017-08-16,full
M85786,1,187644,Inactive,2014-04-15,2018-02-01,full
M85787,1,187645,Inactive,2012-09-30,2012-09-30,archive
M85791,1,187649,Inactive,2014-04-15,2016-09-07,archive
M85792,1,187650,Active,2014-04-15,,full
M85794,1,187651,Active,2014-04-15,,full
M85797,1,187652,Active,2014-04-15,,full
M85801,1,187655,Inactive,2014-04-15,2022-11-30,full
M85802,1,187656,Inactive,2012-09-30,2012-09-30,archive
M85803,1,187657,Active,2014-04-15,,full
M85809,1,187663,Inactive,2014-04-15,2015-10-07,archive
M85817,1,187671,Inactive,2012-09-30,2012-09-30,archive
M86001,1,187674,Active,2014-04-15,,full
M86002,1,187675,Active,2014-04-15,,full
M86003,1,187676,Active,2014-04-15,,full
M86004,1,187677,Active,2014-04-15,,full
M86005,1,187678,Active,2014-04-15,,full
M86006,1,187679,Active,2014-04-15,,full
M86007,1,187680,Active,2014-04-15,,full
M86008,1,187681,Active,2014-04-15,,full
M86009,1,187682,Active,2014-04-15,,full
M86010,1,187683,Active,2014-04-15,,full
M86011,1,187684,Inactive,2014-04-15,2018-07-04,full
M86012,1,187685,Active,2014-04-15,,full
M86013,1,187686,Inactive,2014-04-15,2020-06-30,full
M86014,1,187687,Active,2014-04-15,,full
M86015,1,187688,Active,2014-04-15,,full
M86016,1,187689,Active,2014-04-15,,full
M86017,1,187690,Active,2014-04-15,,full
M86018,1,187691,Active,2014-04-15,,full
M86019,1,187692,Active,2014-04-15,,full
M86020,1,187693,Active,2014-04-15,,full
M86021,1,187694,Active,2014-04-15,,full
M86022,1,187695,Inactive,2014-04-15,2019-07-31,full
M86023,1,187696,Inactive,2014-04-15,2022-03-31,full
M86026,1,187697,Inactive,2014-04-15,2019-01-31,full
M86027,1,187698,Active,2014-04-15,,full
M86028,1,187699,Active,2014-04-15,,full
M86029,1,187700,Active,2014-04-15,,full
M86030,1,187701,Active,2014-04-15,,full
M86032,1,187703,Active,2014-04-15,,full
M86033,1,187704,Active,2014-04-15,,full
M86034,1,187705,Active,2014-04-15,,full
M86035,1,187706,Active,2014-04-15,,full
M86037,1,187707,Active,2014-04-15,,full
M86038,1,187708,Active,2014-04-15,,full
M86039,1,187709,Active,2014-04-15,,full
M86040,1,187710,Active,2014-04-15,,full
M86041,1,187711,Active,2014-04-15,,full
M86043,1,187712,Inactive,2014-04-15,2015-05-31,archive
M86044,1,187713,Active,2014-04-15,,full
M86045,1,187714,Active,2014-04-15,,full
M86046,1,187715,Active,2014-04-15,,full
M86048,1,187717,Active,2014-04-15,,full
M86604,1,187720,Inactive,2014-04-15,2017-04-30,full
M86605,1,187721,Active,2014-04-15,,full
M86607,1,187723,Inactive,2014-04-15,2018-09-30,full
M86610,1,187725,Active,2014-04-15,,full
M86612,1,187727,Active,2014-04-15,,full
M86613,1,195393,Inactive,2014-04-15,2020-06-30,full
M86617,1,187728,Active,2014-04-15,,full
M86619,1,187730,Inactive,2012-09-30,2012-09-30,archive
M86621,1,187731,Inactive,2014-04-15,2018-09-30,full
M86622,1,187732,Active,2014-04-15,,full
M86624,1,187733,Active,2014-04-15,,full
M86627,1,187734,Active,2014-04-15,,full
M86629,1,187735,Inactive,2014-04-15,2017-11-01,full
M86630,1,187736,Inactive,2014-04-15,2016-06-30,archive
M86633,1,187738,Active,2014-04-15,,full
M86634,1,187739,Inactive,2013-07-31,2013-07-31,archive
M86638,1,187743,Active,2014-04-15,,full
M87001,1,187745,Active,2014-04-15,,full
M87002,1,187746,Inactive,2014-04-15,2019-05-01,full
M87003,1,187747,Active,2014-04-15,,full
M87005,1,187749,Active,2014-04-15,,full
M87006,1,187750,Active,2014-04-15,,full
M87007,1,187751,Active,2014-04-15,,full
M87008,1,187752,Active,2014-04-15,,full
M87009,1,187753,Active,2014-04-15,,full
M87010,1,187754,Active,2014-04-15,,full
M87011,1,187755,Active,2014-04-15,,full
M87012,1,187756,Active,2014-04-15,,full
M87013,1,187757,Active,2014-04-15,,full
M87014,1,187758,Active,2014-04-15,,full
M87015,1,187759,Active,2014-04-15,,full
M87016,1,187760,Active,2014-04-15,,full
M87017,1,187761,Active,2014-04-15,,full
M87018,1,187762,Active,2014-04-15,,full
M87019,1,187763,Active,2014-04-15,,full
M87020,1,187764,Active,2014-04-15,,full
M87021,1,187765,Active,2014-04-15,,full
M87023,1,187766,Active,2014-04-15,,full
M87024,1,187767,Active,2014-04-15,,full
M87025,1,187768,Active,2014-04-15,,full
M87026,1,187769,Active,2014-04-15,,full
M87027,1,187770,Active,2014-04-15,,full
M87028,1,187771,Active,2014-04-15,,full
M87030,1,187773,Active,2014-04-15,,full
M87032,1,187774,Inactive,2014-04-15,2015-10-07,archive
M87034,1,187776,Active,2014-04-15,,full
M87036,1,187778,Active,2014-04-15,,full
M87037,1,187779,Active,2014-04-15,,full
M87039,1,187780,Inactive,2012-09-30,2012-09-30,archive
M87041,1,187782,Active,2014-04-15,,full
M87601,1,187783,Active,2014-04-15,,full
M87602,1,187784,Active,2014-04-15,,full
M87605,1,187786,Active,2014-04-15,,full
M87606,1,187787,Inactive,2014-04-15,2014-06-03,archive
M87610,1,187789,Inactive,2012-09-30,2012-09-30,archive
M87612,1,187791,Active,2014-04-15,,full
M87614,1,187793,Inactive,2014-04-15,2015-05-31,archive
M87617,1,187794,Active,2014-04-15,,full
M87618,1,187795,Active,2014-04-15,,full
M87619,1,187796,Inactive,2014-04-15,2014-06-03,archive
M87620,1,187797,Active,2014-04-15,,full
M87621,1,187798,Active,2014-04-15,,full
M87623,1,187799,Active,2014-04-15,,full
M87625,1,187801,Inactive,2014-04-15,2019-12-04,full
M87628,1,187802,Active,2014-04-15,,full
M87629,1,187803,Inactive,2014-04-15,2018-09-30,full
M87634,1,187806,Inactive,2014-04-15,2017-01-27,archive
M87638,1,187810,Active,2014-04-15,,full
M88001,1,187814,Active,2014-04-15,,full
M88002,1,187815,Active,2014-04-15,,full
M88003,1,187816,Active,2014-04-15,,full
M88004,1,187817,Active,2014-04-15,,full
M88005,1,187818,Inactive,2014-04-15,2018-09-30,full
M88006,1,187819,Active,2014-04-15,,full
M88007,1,187820,Active,2014-04-15,,full
M88008,1,187821,Active,2014-04-15,,full
M88009,1,187822,Active,2014-04-15,,full
M88010,1,187823,Active,2014-04-15,,full
M88012,1,187825,Inactive,2014-04-15,2018-09-30,full
M88013,1,187826,Active,2014-04-15,,full
M88014,1,187827,Active,2014-04-15,,full
M88015,1,187828,Active,2014-04-15,,full
M88016,1,187829,Active,2014-04-15,,full
M88017,1,187830,Inactive,2014-04-15,2015-10-07,archive
M88018,1,187831,Active,2014-04-15,,full
M88019,1,187832,Active,2014-04-15,,full
M88020,1,187833,Active,2014-04-15,,full
M88021,1,187834,Active,2014-04-15,,full
M88022,1,187835,Active,2014-04-15,,full
M88023,1,187836,Active,2014-04-15,,full
M88024,1,187837,Inactive,2014-04-15,2021-08-31,full
M88026,1,187838,Active,2014-04-15,,full
M88030,1,187839,Active,2014-04-15,,full
M88031,1,187840,Inactive,2014-04-15,2025-07-31,full
M88032,1,187841,Inactive,2014-04-15,2018-09-30,full
M88035,1,187842,Active,2014-04-15,,full
M88036,1,187843,Inactive,2014-04-15,2020-06-30,full
M88038,1,187845,Active,2014-04-15,,full
M88040,1,187846,Active,2014-04-15,,full
M88041,1,187847,Active,2014-04-15,,full
M88042,1,187848,Active,2014-04-15,,full
M88043,1,187849,Active,2014-04-15,,full
M88044,1,187850,Inactive,2014-04-15,2024-10-31,full
M88600,1,187851,Active,2014-04-15,,full
M88610,1,187853,Active,2014-04-15,,full
M88612,1,187855,Active,2014-04-15,,full
M88615,1,187857,Inactive,2014-04-15,2014-11-03,archive
M88616,1,187858,Active,2014-04-15,,full
M88618,1,187859,Active,2014-04-15,,full
M88619,1,187860,Active,2014-04-15,,full
M88620,1,187861,Active,2014-04-15,,full
M88623,1,187862,Inactive,2014-04-15,2021-08-31,full
M88624,1,187863,Inactive,2014-04-15,2018-05-02,full
M88625,1,187864,Active,2014-04-15,,full
M88626,1,187865,Active,2014-04-15,,full
M88627,1,187866,Inactive,2014-04-15,2023-02-28,full
M88628,1,187867,Active,2014-04-15,,full
M88629,1,187868,Inactive,2014-04-15,2021-08-31,full
M88630,1,187869,Active,2014-04-15,,full
M88633,1,187870,Active,2014-04-15,,full
M88635,1,187871,Active,2014-04-15,,full
M88637,1,187872,Inactive,2014-04-15,2020-06-30,full
M88639,1,187874,Active,2014-04-15,,full
M88640,1,187875,Active,2014-04-15,,full
M88643,1,187876,Active,2014-04-15,,full
M88645,1,187878,Active,2014-04-15,,full
M88646,1,187879,Active,2014-04-15,,full
M88647,1,187880,Active,2014-04-15,,full
M89001,1,187883,Active,2014-04-15,,full
M89002,1,187884,Active,2014-04-15,,full
M89003,1,187885,Active,2014-04-15,,full
M89004,1,187886,Inactive,2014-04-15,2020-11-30,full
M89005,1,187887,Active,2014-04-15,,full
M89006,1,187888,Inactive,2014-04-15,2016-06-08,archive
M89007,1,187889,Active,2014-04-15,,full
M89008,1,187890,Active,2014-04-15,,full
M89009,1,187891,Active,2014-04-15,,full
M89010,1,187892,Active,2014-04-15,,full
M89011,1,187893,Inactive,2014-04-15,2016-06-08,archive
M89012,1,187894,Active,2014-04-15,,full
M89013,1,187895,Active,2014-04-15,,full
M89015,1,187896,Active,2014-04-15,,full
M89016,1,187897,Active,2014-04-15,,full
M89017,1,187898,Active,2014-04-15,,full
M89019,1,187899,Active,2014-04-15,,full
M89020,1,187900,Inactive,2014-04-15,2016-06-08,archive
M89021,1,187901,Active,2014-04-15,,full
M89023,1,187902,Inactive,2014-04-15,2016-06-08,archive
M89024,1,187903,Active,2014-04-15,,full
M89026,1,187905,Active,2014-04-15,,full
M89027,1,187906,Active,2014-04-15,,full
M89028,1,187907,Inactive,2014-04-15,2020-11-30,full
M89030,1,187908,Active,2014-04-15,,full
M89601,1,187909,Inactive,2014-04-15,2020-11-30,full
M89602,1,187910,Inactive,2014-04-15,2022-07-31,full
M89606,1,187911,Inactive,2014-04-15,2018-07-04,full
M89608,1,187912,Active,2014-04-15,,full
M89609,1,187913,Inactive,2014-04-15,2016-09-07,archive
M91003,1,187914,Active,2014-04-15,,full
M91004,1,187915,Active,2014-04-15,,full
M91006,1,187916,Active,2014-04-15,,full
M91007,1,187917,Active,2014-04-15,,full
M91008,1,187918,Active,2014-04-15,,full
M91009,1,187919,Active,2014-04-15,,full
M91010,1,187920,Active,2014-04-15,,full
M91011,1,187921,Inactive,2014-04-15,2024-10-31,full
M91013,1,187922,Active,2014-04-15,,full
M91014,1,187923,Active,2014-04-15,,full
M91015,1,187924,Active,2014-04-15,,full
M91016,1,187925,Active,2014-04-15,,full
M91017,1,187926,Active,2014-04-15,,full
M91018,1,187927,Active,2014-04-15,,full
M91019,1,187928,Active,2014-04-15,,full
M91020,1,187929,Inactive,2014-04-15,2024-10-31,full
M91021,1,187930,Active,2014-04-15,,full
M91022,1,187931,Inactive,2014-04-15,2020-06-30,full
M91024,1,187932,Active,2014-04-15,,full
M91025,1,187933,Inactive,2014-04-15,2019-01-31,full
M91026,1,187934,Active,2014-04-15,,full
M91028,1,187936,Active,2014-04-15,,full
M91029,1,187937,Active,2014-04-15,,full
M91032,1,187938,Active,2014-04-15,,full
M91033,1,187939,Active,2014-04-15,,full
M91034,1,187940,Active,2014-04-15,,full
M91036,1,187941,Active,2014-04-15,,full
M91039,1,187944,Inactive,2014-04-15,2015-02-25,archive
M91602,1,187946,Active,2014-04-15,,full
M91604,1,187947,Inactive,2014-04-15,2019-05-01,full
M91609,1,187950,Active,2014-04-15,,full
M91610,1,187951,Inactive,2014-04-15,2016-06-30,archive
M91611,1,187952,Active,2014-04-15,,full
M91612,1,187953,Active,2014-04-15,,full
M91613,1,187954,Active,2014-04-15,,full
M91614,1,187955,Active,2014-04-15,,full
M91616,1,187956,Active,2014-04-15,,full
M91619,1,187958,Active,2014-04-15,,full
M91621,1,187960,Active,2014-04-15,,full
M91623,1,187961,Active,2014-04-15,,full
M91624,1,187962,Active,2014-04-15,,full
M91625,1,187963,Inactive,2014-04-15,2019-12-04,full
M91626,1,187964,Active,2014-04-15,,full
M91628,1,187965,Active,2014-04-15,,full
M91629,1,187966,Active,2014-04-15,,full
M91637,1,187969,Active,2014-04-15,,full
M91639,1,187970,Active,2014-04-15,,full
M91640,1,187971,Active,2014-04-15,,full
M91641,1,187972,Active,2014-04-15,,full
M91642,1,187973,Active,2014-04-15,,full
M91643,1,187974,Inactive,2014-04-15,2019-04-30,full
M91647,1,187976,Active,2014-04-15,,full
M91650,1,187979,Active,2014-04-15,,full
M91654,1,187980,Active,2014-04-15,,full
M91655,1,187981,Inactive,2014-04-15,2020-06-30,full
M91659,1,187983,Active,2014-04-15,,full
M91660,1,187984,Active,2014-04-15,,full
M92001,1,187986,Active,2014-04-15,,full
M92002,1,187987,Inactive,2014-04-15,2024-03-31,full
M92003,1,187988,Inactive,2014-04-15,2022-03-31,full
M92004,1,187989,Active,2014-04-15,,full
M92006,1,187990,Active,2014-04-15,,full
M92007,1,187991,Inactive,2014-04-15,2025-09-30,full
M92008,1,187992,Active,2014-04-15,,full
M92009,1,187993,Active,2014-04-15,,full
M92010,1,187994,Active,2014-04-15,,full
M92011,1,187995,Active,2014-04-15,,full
M92012,1,187996,Active,2014-04-15,,full
M92013,1,187997,Active,2014-04-15,,full
M92014,1,187998,Inactive,2014-04-15,2025-04-30,full
M92015,1,187999,Active,2014-04-15,,full
M92016,1,188000,Active,2014-04-15,,full
M92017,1,188001,Inactive,2014-04-15,2014-06-30,archive
M92019,1,188002,Active,2014-04-15,,full
M92020,1,188003,Inactive,2014-04-15,2015-10-07,archive
M92022,1,188005,Active,2014-04-15,,full
M92024,1,188007,Inactive,2014-04-15,2020-11-30,full
M92026,1,188008,Active,2014-04-15,,full
M92027,1,188009,Inactive,2014-04-15,2019-01-31,full
M92028,1,188010,Active,2014-04-15,,full
M92029,1,188011,Active,2014-04-15,,full
M92030,1,188012,Inactive,2014-04-15,2019-12-04,full
M92031,1,188013,Inactive,2014-04-15,2018-07-04,full
M92035,1,188014,Inactive,2014-04-15,2018-12-20,full
M92036,1,188015,Inactive,2014-04-15,2014-06-30,archive
M92039,1,188016,Active,2014-04-15,,full
M92040,1,188017,Active,2014-04-15,,full
M92041,1,188018,Active,2014-04-15,,full
M92042,1,188019,Inactive,2014-04-15,2025-04-30,full
M92043,1,188020,Active,2014-04-15,,full
M92044,1,188021,Inactive,2014-04-15,2025-04-30,full
M92607,1,188025,Active,2014-04-15,,full
M92609,1,188026,Active,2014-04-15,,full
M92610,1,188027,Inactive,2014-04-15,2014-11-11,archive
M92612,1,188029,Active,2014-04-15,,full
M92627,1,188037,Active,2014-04-15,,full
M92629,1,188039,Active,2014-04-15,,full
M92630,1,188040,Active,2014-04-15,,full
M92637,1,188043,Inactive,2014-04-15,2016-01-06,archive
M92638,1,188044,Inactive,2012-09-30,2012-09-30,archive
M92640,1,188045,Active,2014-04-15,,full
M92642,1,188046,Inactive,2014-04-15,2017-01-04,archive
M92643,1,188047,Inactive,2014-04-15,2018-02-01,full
M92647,1,188050,Inactive,2014-04-15,2019-12-04,full
M92649,1,188052,Active,2014-04-15,,full
M92654,1,188057,Active,2014-04-15,,full
N81001,1,188061,Active,2014-04-15,,full
N81002,1,188062,Active,2014-04-15,,full
N81005,1,188063,Active,2014-04-15,,full
N81006,1,188064,Active,2014-04-15,,full
N81007,1,188065,Active,2014-04-15,,full
N81008,1,188066,Active,2014-04-15,,full
N81009,1,188067,Active,2014-04-15,,full
N81010,1,188068,Active,2014-04-15,,full
N81011,1,188069,Active,2014-04-15,,full
N81012,1,188070,Active,2014-04-15,,full
N81013,1,188071,Active,2014-04-15,,full
N81014,1,188072,Active,2014-04-15,,full
N81015,1,188073,Inactive,2014-04-15,2018-09-30,full
N81016,1,188074,Active,2014-04-15,,full
N81017,1,188075,Inactive,2014-04-15,2019-01-31,full
N81018,1,188076,Active,2014-04-15,,full
N81019,1,188077,Active,2014-04-15,,full
N81020,1,188078,Active,2014-04-15,,full
N81021,1,188079,Inactive,2014-04-15,2020-06-30,full
N81022,1,188080,Active,2014-04-15,,full
N81023,1,188081,Inactive,2014-04-15,2021-01-31,full
N81024,1,188082,Active,2014-04-15,,full
N81025,1,188083,Active,2014-04-15,,full
N81026,1,188084,Inactive,2014-04-15,2021-06-30,full
N81027,1,188085,Active,2014-04-15,,full
N81028,1,188086,Active,2014-04-15,,full
N81029,1,188087,Active,2014-04-15,,full
N81030,1,188088,Active,2014-04-15,,full
N81031,1,188089,Active,2014-04-15,,full
N81032,1,188090,Active,2014-04-15,,full
N81033,1,188091,Active,2014-04-15,,full
N81034,1,188092,Active,2014-04-15,,full
N81035,1,188093,Active,2014-04-15,,full
N81036,1,188094,Active,2014-04-15,,full
N81037,1,188095,Active,2014-04-15,,full
N81038,1,188096,Active,2014-04-15,,full
N81039,1,188097,Active,2014-04-15,,full
N81040,1,188098,Active,2014-04-15,,full
N81041,1,188099,Active,2014-04-15,,full
N81042,1,188100,Inactive,2014-04-15,2021-06-30,full
N81043,1,188101,Active,2014-04-15,,full
N81044,1,188102,Active,2014-04-15,,full
N81045,1,188103,Active,2014-04-15,,full
N81046,1,188104,Active,2014-04-15,,full
N81047,1,188105,Active,2014-04-15,,full
N81048,1,188106,Active,2014-04-15,,full
N81049,1,188107,Active,2014-04-15,,full
N81050,1,188108,Active,2014-04-15,,full
N81051,1,188109,Active,2014-04-15,,full
N81052,1,188110,Active,2014-04-15,,full
N81053,1,188111,Active,2014-04-15,,full
N81054,1,188112,Active,2014-04-15,,full
N81055,1,188113,Active,2014-04-15,,full
N81056,1,188114,Active,2014-04-15,,full
N81057,1,188115,Active,2014-04-15,,full
N81059,1,188117,Active,2014-04-15,,full
N81060,1,188118,Active,2014-04-15,,full
N81061,1,188119,Active,2014-04-15,,full
N81062,1,188120,Active,2014-04-15,,full
N81063,1,188121,Active,2014-04-15,,full
N81064,1,188122,Active,2014-04-15,,full
N81065,1,188123,Active,2014-04-15,,full
N81066,1,188124,Active,2014-04-15,,full
N81067,1,188125,Active,2014-04-15,,full
N81068,1,188126,Active,2014-04-15,,full
N81069,1,188127,Active,2014-04-15,,full
N81070,1,188128,Active,2014-04-15,,full
N81071,1,188129,Active,2014-04-15,,full
N81072,1,188130,Active,2014-04-15,,full
N81073,1,188131,Inactive,2014-04-15,2020-06-30,full
N81074,1,188132,Active,2014-04-15,,full
N81075,1,188133,Active,2014-04-15,,full
N81077,1,188134,Active,2014-04-15,,full
N81079,1,188135,Active,2014-04-15,,full
N81080,1,188136,Active,2014-04-15,,full
N81081,1,188137,Active,2014-04-15,,full
N81082,1,188138,Active,2014-04-15,,full
N81083,1,188139,Active,2014-04-15,,full
N81084,1,188140,Active,2014-04-15,,full
N81085,1,188141,Active,2014-04-15,,full
N81086,1,188142,Active,2014-04-15,,full
N81087,1,188143,Active,2014-04-15,,full
N81088,1,188144,Active,2014-04-15,,full
N81089,1,188145,Active,2014-04-15,,full
N81090,1,188146,Active,2014-04-15,,full
N81091,1,188147,Inactive,2014-04-15,2021-01-31,full
N81092,1,188148,Active,2014-04-15,,full
N81093,1,188149,Active,2014-04-15,,full
N81094,1,188150,Inactive,2014-04-15,2020-11-30,full
N81095,1,188151,Inactive,2014-04-15,2020-11-30,full
N81096,1,188152,Active,2014-04-15,,full
N81097,1,188153,Active,2014-04-15,,full
N81100,1,188155,Active,2014-04-15,,full
N81101,1,188156,Active,2014-04-15,,full
N81102,1,188157,Active,2014-04-15,,full
N81104,1,188158,Inactive,2014-04-15,2014-09-09,archive
N81107,1,188159,Active,2014-04-15,,full
N81108,1,188160,Active,2014-04-15,,full
N81109,1,188161,Active,2014-04-15,,full
N81111,1,188162,Active,2014-04-15,,full
N81112,1,188163,Inactive,2014-04-15,2020-06-30,full
N81113,1,188164,Active,2014-04-15,,full
N81114,1,188165,Active,2014-04-15,,full
N81115,1,188166,Active,2014-04-15,,full
N81117,1,188168,Active,2014-04-15,,full
N81118,1,188169,Active,2014-04-15,,full
N81119,1,188170,Active,2014-04-15,,full
N81120,1,188171,Active,2014-04-15,,full
N81121,1,188172,Active,2014-04-15,,full
N81122,1,188173,Active,2014-04-15,,full
N81123,1,188174,Active,2014-04-15,,full
N81124,1,188175,Inactive,2012-09-30,2012-09-30,archive
N81125,1,188176,Active,2014-04-15,,full
N81126,1,188177,Inactive,2014-04-15,2016-06-30,archive
N81127,1,188178,Active,2014-04-15,,full
N81607,1,188179,Active,2014-04-15,,full
N81614,1,188182,Active,2014-04-15,,full
N81618,1,188185,Inactive,2014-04-15,2018-09-30,full
N81619,1,188186,Active,2014-04-15,,full
N81623,1,188187,Active,2014-04-15,,full
N81624,1,188188,Active,2014-04-15,,full
N81625,1,188189,Inactive,2014-04-15,2017-08-16,full
N81626,1,188190,Active,2014-04-15,,full
N81628,1,188191,Active,2014-04-15,,full
N81632,1,188194,Active,2014-04-15,,full
N81633,1,188195,Inactive,2012-09-30,2012-09-30,archive
N81634,1,188196,Inactive,2014-04-15,2017-01-31,archive
N81637,1,188199,Active,2014-04-15,,full
N81642,1,188202,Active,2014-04-15,,full
N81645,1,188205,Active,2014-04-15,,full
N81651,1,188211,Active,2014-04-15,,full
N81655,1,188215,Active,2014-04-15,,full
N82001,1,188219,Active,2014-04-15,,full
N82002,1,188220,Active,2014-04-15,,full
N82003,1,188221,Active,2014-04-15,,full
N82004,1,188222,Active,2014-04-15,,full
N82009,1,188223,Active,2014-04-15,,full
N82011,1,188224,Active,2014-04-15,,full
N82014,1,188225,Active,2014-04-15,,full
N82018,1,188226,Active,2014-04-15,,full
N82019,1,188227,Active,2014-04-15,,full
N82022,1,188229,Active,2014-04-15,,full
N82024,1,188230,Active,2014-04-15,,full
N82026,1,188231,Active,2014-04-15,,full
N82033,1,188232,Active,2014-04-15,,full
N82034,1,188233,Active,2014-04-15,,full
N82035,1,188234,Active,2014-04-15,,full
N82036,1,188235,Active,2014-04-15,,full
N82037,1,188236,Active,2014-04-15,,full
N82039,1,188237,Active,2014-04-15,,full
N82041,1,188238,Active,2014-04-15,,full
N82046,1,188240,Active,2014-04-15,,full
N82048,1,188241,Active,2014-04-15,,full
N82049,1,188242,Active,2014-04-15,,full
N82050,1,188243,Active,2014-04-15,,full
N82051,1,188244,Inactive,2014-04-15,2019-12-04,full
N82052,1,188245,Active,2014-04-15,,full
N82053,1,188246,Active,2014-04-15,,full
N82054,1,188247,Active,2014-04-15,,full
N82058,1,188248,Active,2014-04-15,,full
N82059,1,188249,Active,2014-04-15,,full
N82060,1,188250,Inactive,2014-04-15,2019-12-04,full
N82062,1,188251,Active,2014-04-15,,full
N82065,1,188252,Active,2014-04-15,,full
N82066,1,188253,Active,2014-04-15,,full
N82067,1,188254,Active,2014-04-15,,full
N82070,1,188255,Active,2014-04-15,,full
N82073,1,188256,Active,2014-04-15,,full
N82074,1,188257,Active,2014-04-15,,full
N82076,1,188258,Active,2014-04-15,,full
N82077,1,188259,Active,2014-04-15,,full
N82078,1,188260,Active,2014-04-15,,full
N82079,1,188261,Active,2014-04-15,,full
N82081,1,188262,Active,2014-04-15,,full
N82082,1,188263,Active,2014-04-15,,full
N82083,1,188264,Active,2014-04-15,,full
N82084,1,188265,Active,2014-04-15,,full
N82086,1,188266,Active,2014-04-15,,full
N82087,1,188267,Active,2014-04-15,,full
N82089,1,188269,Active,2014-04-15,,full
N82090,1,188270,Active,2014-04-15,,full
N82091,1,188271,Active,2014-04-15,,full
N82092,1,188272,Active,2014-04-15,,full
N82093,1,188273,Active,2014-04-15,,full
N82094,1,188274,Active,2014-04-15,,full
N82095,1,188275,Active,2014-04-15,,full
N82097,1,188276,Active,2014-04-15,,full
N82099,1,188277,Active,2014-04-15,,full
N82100,1,188278,Inactive,2014-04-15,2019-12-04,full
N82101,1,188279,Active,2014-04-15,,full
N82103,1,188280,Active,2014-04-15,,full
N82104,1,188281,Active,2014-04-15,,full
N82106,1,188283,Active,2014-04-15,,full
N82107,1,188284,Active,2014-04-15,,full
N82108,1,188285,Active,2014-04-15,,full
N82109,1,188286,Active,2014-04-15,,full
N82110,1,195397,Active,2014-04-15,,full
N82113,1,188287,Active,2014-04-15,,full
N82115,1,188289,Active,2014-04-15,,full
N82116,1,188290,Active,2014-04-15,,full
N82117,1,188291,Active,2014-04-15,,full
N82617,1,188293,Active,2014-04-15,,full
N82621,1,188295,Inactive,2014-04-15,2021-01-31,full
N82623,1,188296,Inactive,2014-04-15,2019-12-04,full
N82633,1,188299,Active,2014-04-15,,full
N82641,1,188303,Active,2014-04-15,,full
N82642,1,188304,Inactive,2012-09-30,2012-09-30,archive
N82645,1,188305,Active,2014-04-15,,full
N82646,1,188306,Active,2014-04-15,,full
N82647,1,188307,Inactive,2014-04-15,2020-06-30,full
N82648,1,188308,Active,2014-04-15,,full
N82650,1,188310,Active,2014-04-15,,full
N82651,1,188311,Active,2014-04-15,,full
N82655,1,188313,Active,2014-04-15,,full
N82657,1,188315,Inactive,2014-04-15,2017-11-01,full
N82659,1,188316,Inactive,2014-04-15,2018-09-30,full
N82662,1,188318,Active,2014-04-15,,full
N82663,1,188319,Active,2014-04-15,,full
N82664,1,188320,Active,2014-04-15,,full
N82665,1,188321,Inactive,2014-04-15,2020-06-30,full
N82668,1,195398,Active,2014-04-15,,full
N82669,1,188323,Active,2014-04-15,,full
N82670,1,188324,Inactive,2014-04-15,2025-06-30,full
N82671,1,188325,Active,2014-04-15,,full
N82676,1,188330,Active,2014-04-15,,full
N82678,1,188332,Active,2014-04-15,,full
N82679,1,188333,Inactive,2012-09-30,2012-09-30,archive
N83001,1,188334,Active,2014-04-15,,full
N83002,1,188335,Active,2014-04-15,,full
N83003,1,188336,Active,2014-04-15,,full
N83005,1,188338,Active,2014-04-15,,full
N83006,1,188339,Active,2014-04-15,,full
N83007,1,188340,Active,2014-04-15,,full
N83008,1,188341,Active,2014-04-15,,full
N83009,1,188342,Active,2014-04-15,,full
N83010,1,188343,Active,2014-04-15,,full
N83012,1,188344,Active,2014-04-15,,full
N83013,1,188345,Active,2014-04-15,,full
N83014,1,188346,Active,2014-04-15,,full
N83015,1,188347,Inactive,2014-04-15,2025-04-30,full
N83016,1,188348,Inactive,2014-04-15,2016-08-10,archive
N83017,1,188349,Active,2014-04-15,,full
N83018,1,188350,Active,2014-04-15,,full
N83019,1,188351,Active,2014-04-15,,full
N83020,1,188352,Active,2014-04-15,,full
N83021,1,188353,Active,2014-04-15,,full
N83022,1,188354,Inactive,2014-04-15,2021-08-31,full
N83023,1,188355,Active,2014-04-15,,full
N83024,1,188356,Active,2014-04-15,,full
N83025,1,188357,Active,2014-04-15,,full
N83026,1,188358,Active,2014-04-15,,full
N83027,1,188359,Active,2014-04-15,,full
N83028,1,188360,Active,2014-04-15,,full
N83030,1,188361,Active,2014-04-15,,full
N83031,1,188362,Active,2014-04-15,,full
N83032,1,188363,Active,2014-04-15,,full
N83033,1,188364,Active,2014-04-15,,full
N83035,1,188365,Active,2014-04-15,,full
N83041,1,188368,Active,2014-04-15,,full
N83043,1,188370,Active,2014-04-15,,full
N83045,1,195399,Active,2014-04-15,,full
N83047,1,188373,Active,2014-04-15,,full
N83049,1,188374,Active,2014-04-15,,full
N83050,1,188375,Active,2014-04-15,,full
N83053,1,188376,Active,2014-04-15,,full
N83054,1,188377,Active,2014-04-15,,full
N83055,1,188378,Inactive,2014-04-15,2024-10-31,full
N83056,1,188379,Inactive,2014-04-15,2017-01-27,archive
N83057,1,188380,Inactive,2014-04-15,2016-06-08,archive
N83060,1,188383,Inactive,2014-04-15,2023-12-31,full
N83601,1,188384,Active,2014-04-15,,full
N83603,1,188385,Active,2014-04-15,,full
N83604,1,188386,Inactive,2014-04-15,2024-06-30,full
N83605,1,188387,Active,2014-04-15,,full
N83608,1,188389,Active,2014-04-15,,full
N83609,1,188390,Active,2014-04-15,,full
N83610,1,188391,Active,2014-04-15,,full
N83611,1,188392,Inactive,2014-04-15,2018-09-30,full
N83612,1,188393,Inactive,2014-04-15,2017-08-16,full
N83614,1,188394,Active,2014-04-15,,full
N83619,1,195400,Active,2014-04-15,,full
N83620,1,188396,Active,2014-04-15,,full
N83621,1,188397,Active,2014-04-15,,full
N83622,1,188398,Active,2014-04-15,,full
N83624,1,188399,Active,2014-04-15,,full
N83628,1,188401,Inactive,2014-04-15,2025-06-30,full
N83633,1,188403,Active,2014-04-15,,full
N83635,1,188405,Inactive,2014-04-15,2025-02-28,full
N83636,1,188406,Inactive,2014-04-15,2017-07-05,full
N83637,1,188407,Active,2014-04-15,,full
N84001,1,188412,Active,2014-04-15,,full
N84002,1,188413,Active,2014-04-15,,full
N84003,1,188414,Active,2014-04-15,,full
N84004,1,188415,Active,2014-04-15,,full
N84005,1,188416,Active,2014-04-15,,full
N84006,1,188417,Active,2014-04-15,,full
N84007,1,188418,Active,2014-04-15,,full
N84008,1,188419,Active,2014-04-15,,full
N84009,1,188420,Inactive,2014-04-15,2017-08-16,full
N84010,1,188421,Active,2014-04-15,,full
N84011,1,188422,Active,2014-04-15,,full
N84012,1,188423,Active,2014-04-15,,full
N84013,1,188424,Active,2014-04-15,,full
N84014,1,188425,Active,2014-04-15,,full
N84015,1,188426,Active,2014-04-15,,full
N84016,1,188427,Active,2014-04-15,,full
N84017,1,188428,Active,2014-04-15,,full
N84018,1,188429,Active,2014-04-15,,full
N84019,1,188430,Active,2014-04-15,,full
N84020,1,188431,Active,2014-04-15,,full
N84021,1,188432,Active,2014-04-15,,full
N84023,1,188433,Active,2014-04-15,,full
N84024,1,188434,Active,2014-04-15,,full
N84025,1,188435,Active,2014-04-15,,full
N84026,1,188436,Inactive,2014-04-15,2025-07-31,full
N84027,1,188437,Active,2014-04-15,,full
N84028,1,188438,Active,2014-04-15,,full
N84029,1,188439,Active,2014-04-15,,full
N84032,1,188440,Inactive,2014-04-15,2016-01-06,archive
N84034,1,188441,Active,2014-04-15,,full
N84035,1,195402,Active,2014-04-15,,full
N84036,1,188442,Inactive,2014-04-15,2019-07-31,full
N84037,1,188443,Inactive,2014-04-15,2025-12-31,full
N84038,1,188444,Active,2014-04-15,,full
N84041,1,188446,Active,2014-04-15,,full
N84043,1,188447,Active,2014-04-15,,full
N84605,1,188448,Active,2014-04-15,,full
N84611,1,188449,Inactive,2014-04-15,2022-11-30,full
N84613,1,188450,Active,2014-04-15,,full
N84614,1,188451,Active,2014-04-15,,full
N84615,1,188452,Active,2014-04-15,,full
N84616,1,188453,Inactive,2014-04-15,2015-05-31,archive
N84617,1,188454,Active,2014-04-15,,full
N84618,1,188455,Inactive,2014-04-15,2024-06-30,full
N84621,1,188457,Active,2014-04-15,,full
N84622,1,188458,Inactive,2014-04-15,2016-08-10,archive
N84624,1,188460,Inactive,2014-04-15,2022-07-31,full
N84625,1,188461,Active,2014-04-15,,full
N84626,1,188462,Active,2014-04-15,,full
N84627,1,188463,Inactive,2014-04-15,2025-07-31,full
N84630,1,188466,Active,2014-04-15,,full
N85001,1,188473,Inactive,2014-04-15,2021-06-30,full
N85002,1,188474,Active,2014-04-15,,full
N85003,1,188475,Inactive,2014-04-15,2025-06-30,full
N85004,1,188476,Inactive,2014-04-15,2014-06-30,archive
N85005,1,188477,Active,2014-04-15,,full
N85006,1,195403,Active,2014-04-15,,full
N85007,1,188478,Active,2014-04-15,,full
N85008,1,188479,Active,2014-04-15,,full
N85009,1,188480,Inactive,2014-04-15,2025-06-30,full
N85011,1,188481,Inactive,2014-04-15,2014-06-30,archive
N85012,1,188482,Active,2014-04-15,,full
N85013,1,188483,Active,2014-04-15,,full
N85014,1,188484,Inactive,2014-04-15,2024-10-31,full
N85015,1,188485,Active,2014-04-15,,full
N85016,1,188486,Active,2014-04-15,,full
N85017,1,188487,Active,2014-04-15,,full
N85018,1,188488,Active,2014-04-15,,full
N85019,1,188489,Active,2014-04-15,,full
N85020,1,188490,Active,2014-04-15,,full
N85021,1,188491,Active,2014-04-15,,full
N85022,1,188492,Active,2014-04-15,,full
N85023,1,188493,Active,2014-04-15,,full
N85024,1,188494,Active,2014-04-15,,full
N85025,1,188495,Active,2014-04-15,,full
N85027,1,188496,Active,2014-04-15,,full
N85028,1,188497,Active,2014-04-15,,full
N85029,1,188498,Inactive,2014-04-15,2017-01-31,archive
N85031,1,188499,Active,2014-04-15,,full
N85032,1,188500,Active,2014-04-15,,full
N85034,1,188501,Inactive,2014-04-15,2021-06-30,full
N85037,1,188503,Active,2014-04-15,,full
N85038,1,188504,Active,2014-04-15,,full
N85040,1,188505,Inactive,2014-04-15,2023-12-31,full
N85041,1,188506,Inactive,2014-04-15,2017-07-05,full
N85044,1,188507,Active,2014-04-15,,full
N85046,1,188509,Active,2014-04-15,,full
N85047,1,188510,Active,2014-04-15,,full
N85048,1,188511,Active,2014-04-15,,full
N85051,1,188512,Active,2014-04-15,,full
N85052,1,188513,Active,2014-04-15,,full
N85053,1,188514,Inactive,2014-04-15,2020-11-30,full
N85054,1,188515,Active,2014-04-15,,full
N85056,1,188516,Inactive,2014-04-15,2015-10-07,archive
N85057,1,188517,Active,2014-04-15,,full
N85058,1,188518,Inactive,2014-04-15,2018-09-30,full
N85059,1,188519,Active,2014-04-15,,full
N85614,1,188521,Inactive,2013-07-31,2013-07-31,archive
N85616,1,188522,Active,2014-04-15,,full
N85617,1,188523,Active,2014-04-15,,full
N85619,1,188524,Inactive,2014-04-15,2018-04-30,full
N85620,1,188525,Active,2014-04-15,,full
N85624,1,188527,Inactive,2012-09-30,2012-09-30,archive
N85625,1,188528,Active,2014-04-15,,full
N85629,1,188530,Active,2014-04-15,,full
N85633,1,188532,Active,2014-04-15,,full
N85634,1,188533,Active,2014-04-15,,full
N85635,1,188534,Inactive,2014-04-15,2014-06-30,archive
N85640,1,188537,Active,2014-04-15,,full
N85643,1,188540,Active,2014-04-15,,full
N85648,1,188545,Active,2014-04-15,,full
P81002,1,188546,Active,2014-04-15,,full
P81003,1,188547,Active,2014-04-15,,full
P81004,1,188548,Inactive,2014-04-15,2022-11-30,full
P81005,1,188549,Active,2014-04-15,,full
P81006,1,188550,Active,2014-04-15,,full
P81008,1,188552,Active,2014-04-15,,full
P81010,1,188553,Active,2014-04-15,,full
P81011,1,188554,Inactive,2014-04-15,2017-11-01,full
P81013,1,188555,Active,2014-04-15,,full
P81014,1,188556,Active,2014-04-15,,full
P81015,1,188557,Active,2014-04-15,,full
P81016,1,188558,Active,2014-04-15,,full
P81017,1,188559,Active,2014-04-15,,full
P81018,1,188560,Active,2014-04-15,,full
P81020,1,188561,Active,2014-04-15,,full
P81022,1,188563,Active,2014-04-15,,full
P81025,1,188564,Active,2014-04-15,,full
P81027,1,188565,Active,2014-04-15,,full
P81028,1,188566,Inactive,2014-04-15,2019-07-31,full
P81029,1,188567,Active,2014-04-15,,full
P81031,1,188569,Active,2014-04-15,,full
P81032,1,188570,Active,2014-04-15,,full
P81033,1,188571,Active,2014-04-15,,full
P81035,1,188572,Active,2014-04-15,,full
P81036,1,188573,Active,2014-04-15,,full
P81037,1,188574,Active,2014-04-15,,full
P81038,1,188575,Active,2014-04-15,,full
P81039,1,188576,Active,2014-04-15,,full
P81040,1,188577,Active,2014-04-15,,full
P81041,1,188578,Active,2014-04-15,,full
P81042,1,188579,Active,2014-04-15,,full
P81043,1,188580,Active,2014-04-15,,full
P81044,1,188581,Active,2014-04-15,,full
P81045,1,188582,Active,2014-04-15,,full
P81046,1,188583,Active,2014-04-15,,full
P81047,1,188584,Active,2014-04-15,,full
P81051,1,188585,Active,2014-04-15,,full
P81053,1,188587,Active,2014-04-15,,full
P81054,1,188588,Active,2014-04-15,,full
P81055,1,188589,Active,2014-04-15,,full
P81056,1,188590,Inactive,2014-04-15,2018-07-04,full
P81057,1,188591,Active,2014-04-15,,full
P81058,1,188592,Active,2014-04-15,,full
P81059,1,188593,Active,2014-04-15,,full
P81061,1,188594,Active,2014-04-15,,full
P81062,1,188595,Active,2014-04-15,,full
P81063,1,188596,Active,2014-04-15,,full
P81064,1,188597,Inactive,2014-04-15,2018-07-04,full
P81065,1,188598,Active,2014-04-15,,full
P81066,1,188599,Active,2014-04-15,,full
P81067,1,188600,Active,2014-04-15,,full
P81069,1,188601,Active,2014-04-15,,full
P81070,1,188602,Active,2014-04-15,,full
P81071,1,188603,Active,2014-04-15,,full
P81072,1,188604,Active,2014-04-15,,full
P81073,1,188605,Active,2014-04-15,,full
P81074,1,188606,Active,2014-04-15,,full
P81076,1,188607,Active,2014-04-15,,full
P81077,1,188608,Active,2014-04-15,,full
P81078,1,188609,Active,2014-04-15,,full
P81079,1,188610,Active,2014-04-15,,full
P81081,1,188611,Active,2014-04-15,,full
P81082,1,188612,Active,2014-04-15,,full
P81083,1,188613,Active,2014-04-15,,full
P81084,1,188614,Active,2014-04-15,,full
P81085,1,188615,Inactive,2014-04-15,2018-05-02,full
P81086,1,188616,Active,2014-04-15,,full
P81087,1,188617,Active,2014-04-15,,full
P81088,1,188618,Active,2014-04-15,,full
P81089,1,188619,Active,2014-04-15,,full
P81091,1,188620,Inactive,2014-04-15,2018-05-02,full
P81092,1,188621,Active,2014-04-15,,full
P81093,1,188622,Inactive,2014-04-15,2022-07-31,full
P81095,1,188623,Active,2014-04-15,,full
P81096,1,188624,Active,2014-04-15,,full
P81099,1,188625,Active,2014-04-15,,full
P81100,1,188626,Active,2014-04-15,,full
P81103,1,188627,Active,2014-04-15,,full
P81104,1,188628,Inactive,2014-04-15,2019-05-01,full
P81107,1,188630,Active,2014-04-15,,full
P81109,1,188632,Inactive,2014-04-15,2016-06-08,archive
P81112,1,188633,Active,2014-04-15,,full
P81113,1,188634,Active,2014-04-15,,full
P81115,1,188636,Active,2014-04-15,,full
P81117,1,188637,Active,2014-04-15,,full
P81118,1,188638,Active,2014-04-15,,full
P81119,1,188639,Active,2014-04-15,,full
P81121,1,188640,Inactive,2014-04-15,2018-02-01,full
P81123,1,188641,Active,2014-04-15,,full
P81125,1,188643,Active,2014-04-15,,full
P81127,1,188645,Active,2014-04-15,,full
P81128,1,188646,Active,2014-04-15,,full
P81129,1,188647,Active,2014-04-15,,full
P81130,1,188648,Active,2014-04-15,,full
P81132,1,188650,Active,2014-04-15,,full
P81133,1,188651,Active,2014-04-15,,full
P81134,1,188652,Inactive,2014-04-15,2021-06-30,full
P81136,1,188653,Active,2014-04-15,,full
P81137,1,188654,Active,2014-04-15,,full
P81138,1,188655,Active,2014-04-15,,full
P81140,1,188656,Active,2014-04-15,,full
P81143,1,188657,Active,2014-04-15,,full
P81146,1,188658,Inactive,2014-04-15,2020-06-30,full
P81147,1,188659,Active,2014-04-15,,full
P81149,1,188660,Active,2014-04-15,,full
P81150,1,188661,Active,2014-04-15,,full
P81152,1,188662,Inactive,2014-04-15,2019-12-04,full
P81153,1,188663,Inactive,2014-04-15,2018-02-01,full
P81154,1,188664,Active,2014-04-15,,full
P81155,1,188665,Active,2014-04-15,,full
P81157,1,188666,Active,2014-04-15,,full
P81159,1,188667,Active,2014-04-15,,full
P81160,1,188668,Active,2014-04-15,,full
P81163,1,188670,Inactive,2014-04-15,2019-05-01,full
P81165,1,188671,Active,2014-04-15,,full
P81166,1,188672,Active,2014-04-15,,full
P81167,1,188673,Active,2014-04-15,,full
P81169,1,188675,Active,2014-04-15,,full
P81170,1,188676,Active,2014-04-15,,full
P81171,1,188677,Active,2014-04-15,,full
P81172,1,188678,Active,2014-04-15,,full
P81173,1,188679,Inactive,2014-04-15,2021-06-30,full
P81176,1,188681,Inactive,2014-04-15,2018-12-20,full
P81177,1,188682,Inactive,2014-04-15,2020-06-30,full
P81179,1,188683,Active,2014-04-15,,full
P81180,1,188684,Active,2014-04-15,,full
P81181,1,188685,Active,2014-04-15,,full
P81182,1,188686,Active,2014-04-15,,full
P81184,1,188688,Active,2014-04-15,,full
P81185,1,188689,Active,2014-04-15,,full
P81186,1,188690,Active,2014-04-15,,full
P81190,1,188691,Inactive,2014-04-15,2018-12-20,full
P81191,1,188692,Active,2014-04-15,,full
P81196,1,188693,Active,2014-04-15,,full
P81197,1,188694,Active,2014-04-15,,full
P81201,1,188696,Active,2014-04-15,,full
P81204,1,188697,Inactive,2014-04-15,2022-04-30,full
P81208,1,188698,Active,2014-04-15,,full
P81210,1,188699,Inactive,2014-04-15,2020-06-30,full
P81212,1,188700,Active,2014-04-15,,full
P81213,1,188701,Active,2014-04-15,,full
P81214,1,188702,Active,2014-04-15,,full
P81215,1,188703,Inactive,2014-04-15,2019-07-31,full
P81218,1,188705,Active,2014-04-15,,full
P81607,1,188706,Inactive,2014-04-15,2018-12-20,full
P81620,1,188708,Active,2014-04-15,,full
P81622,1,188709,Active,2014-04-15,,full
P81624,1,188711,Inactive,2014-04-15,2016-08-10,archive
P81629,1,188712,Inactive,2014-04-15,2015-02-25,archive
P81633,1,188714,Active,2014-04-15,,full
P81634,1,188715,Inactive,2014-04-15,2017-08-16,full
P81642,1,188717,Inactive,2014-04-15,2021-06-30,full
P81643,1,188718,Inactive,2014-04-15,2019-07-31,full
P81646,1,188719,Active,2014-04-15,,full
P81647,1,188720,Active,2014-04-15,,full
P81655,1,188724,Active,2014-04-15,,full
P81659,1,188727,Inactive,2014-04-15,2020-06-30,full
P81664,1,188728,Active,2014-04-15,,full
P81667,1,188730,Inactive,2014-04-15,2019-07-31,full
P81668,1,188731,Active,2014-04-15,,full
P81674,1,188734,Active,2014-04-15,,full
P81677,1,188736,Inactive,2014-04-15,2014-10-07,archive
P81681,1,188740,Active,2014-04-15,,full
P81683,1,188742,Active,2014-04-15,,full
P81684,1,188743,Inactive,2014-04-15,2018-12-20,full
P81685,1,188744,Active,2014-04-15,,full
P81686,1,188745,Active,2014-04-15,,full
P81687,1,188746,Active,2014-04-15,,full
P81688,1,188747,Inactive,2012-09-30,2012-09-30,archive
P81689,1,188748,Inactive,2014-04-15,2021-06-30,full
P81690,1,188749,Inactive,2014-04-15,2019-12-04,full
P81691,1,188750,Inactive,2014-04-15,2017-11-01,full
P81692,1,188751,Active,2014-04-15,,full
P81694,1,188753,Active,2014-04-15,,full
P81695,1,188754,Active,2014-04-15,,full
P81699,1,188755,Active,2014-04-15,,full
P81700,1,188756,Inactive,2014-04-15,2018-04-30,full
P81701,1,188757,Active,2014-04-15,,full
P81704,1,188759,Active,2014-04-15,,full
P81705,1,188760,Inactive,2014-04-15,2015-02-25,archive
P81707,1,188762,Active,2014-04-15,,full
P81709,1,188763,Active,2014-04-15,,full
P81710,1,188764,Active,2014-04-15,,full
P81711,1,188765,Active,2014-04-15,,full
P81712,1,188766,Inactive,2014-04-15,2018-07-04,full
P81713,1,188767,Inactive,2014-04-15,2020-11-30,full
P81714,1,188768,Active,2014-04-15,,full
P81721,1,188773,Active,2014-04-15,,full
P81722,1,188774,Inactive,2014-04-15,2018-02-01,full
P81724,1,188775,Active,2014-04-15,,full
P81726,1,188776,Active,2014-04-15,,full
P81727,1,188777,Inactive,2014-04-15,2020-06-30,full
P81730,1,188780,Active,2014-04-15,,full
P81731,1,188781,Active,2014-04-15,,full
P81732,1,188782,Active,2014-04-15,,full
P81733,1,188783,Inactive,2014-04-15,2018-09-30,full
P81734,1,188784,Active,2014-04-15,,full
P81735,1,188785,Active,2014-04-15,,full
P81736,1,188786,Active,2014-04-15,,full
P81737,1,188787,Inactive,2014-04-15,2025-04-30,full
P81738,1,188788,Inactive,2014-04-15,2024-03-31,full
P81740,1,188790,Active,2014-04-15,,full
P81741,1,188791,Active,2014-04-15,,full
P81742,1,188792,Active,2014-04-15,,full
P81745,1,188793,Inactive,2014-04-15,2016-01-06,archive
P81746,1,188794,Inactive,2014-04-15,2016-08-10,archive
P81748,1,188795,Active,2014-04-15,,full
P81749,1,188796,Inactive,2014-04-15,2019-12-04,full
P81750,1,188797,Inactive,2014-04-15,2020-06-30,full
P81754,1,188800,Inactive,2014-04-15,2018-09-30,full
P81755,1,188801,Active,2014-04-15,,full
P81756,1,188802,Inactive,2014-04-15,2020-11-30,full
P81757,1,188803,Active,2014-04-15,,full
P81758,1,188804,Inactive,2014-04-15,2019-12-04,full
P81760,1,188806,Inactive,2014-04-15,2018-12-20,full
P81762,1,188808,Inactive,2014-04-15,2017-07-05,full
P81763,1,188809,Inactive,2014-04-15,2019-07-31,full
P81764,1,188810,Inactive,2014-04-15,2017-04-30,full
P81769,1,188812,Inactive,2014-04-15,2021-06-30,full
P81770,1,188813,Active,2014-04-15,,full
P81771,1,188814,Active,2014-04-15,,full
P81772,1,188815,Inactive,2014-04-15,2018-09-30,full
P81774,1,188817,Inactive,2014-04-15,2019-12-04,full
P81775,1,188818,Inactive,2012-09-30,2012-09-30,archive
P81778,1,188820,Inactive,2014-04-15,2020-11-30,full
P81779,1,230299,Inactive,2015-02-26,2016-06-08,archive
P81780,1,188822,Active,2014-04-15,,full
P81785,1,188826,Inactive,2014-04-15,2019-12-04,full
P81797,1,230300,Inactive,2015-02-26,2016-06-08,archive
P82001,1,188843,Active,2014-04-15,,full
P82002,1,188844,Active,2014-04-15,,full
P82003,1,188845,Active,2014-04-15,,full
P82004,1,188846,Active,2014-04-15,,full
P82005,1,188847,Active,2014-04-15,,full
P82006,1,188848,Active,2014-04-15,,full
P82007,1,188849,Active,2014-04-15,,full
P82008,1,188850,Active,2014-04-15,,full
P82009,1,188851,Active,2014-04-15,,full
P82010,1,188852,Active,2014-04-15,,full
P82011,1,188853,Active,2014-04-15,,full
P82012,1,188854,Active,2014-04-15,,full
P82013,1,188855,Active,2014-04-15,,full
P82014,1,188856,Active,2014-04-15,,full
P82015,1,188857,Active,2014-04-15,,full
P82016,1,188858,Active,2014-04-15,,full
P82018,1,188859,Active,2014-04-15,,full
P82020,1,188861,Active,2014-04-15,,full
P82021,1,188862,Active,2014-04-15,,full
P82022,1,188863,Active,2014-04-15,,full
P82023,1,188864,Active,2014-04-15,,full
P82025,1,188865,Active,2014-04-15,,full
P82029,1,188866,Active,2014-04-15,,full
P82030,1,188867,Active,2014-04-15,,full
P82031,1,188868,Active,2014-04-15,,full
P82033,1,188869,Active,2014-04-15,,full
P82034,1,188870,Active,2014-04-15,,full
P82036,1,188871,Active,2014-04-15,,full
P82037,1,188872,Active,2014-04-15,,full
P82607,1,188874,Active,2014-04-15,,full
P82609,1,188875,Active,2014-04-15,,full
P82613,1,188877,Active,2014-04-15,,full
P82616,1,188879,Active,2014-04-15,,full
P82624,1,188881,Active,2014-04-15,,full
P82625,1,188882,Active,2014-04-15,,full
P82626,1,188883,Active,2014-04-15,,full
P82627,1,188884,Active,2014-04-15,,full
P82629,1,188886,Active,2014-04-15,,full
P82633,1,188888,Active,2014-04-15,,full
P82634,1,188889,Active,2014-04-15,,full
P82640,1,188891,Active,2014-04-15,,full
P82643,1,188894,Active,2014-04-15,,full
P82652,1,188895,Active,2014-04-15,,full
P82657,1,188899,Inactive,2014-04-15,2014-08-31,archive
P82660,1,188901,Active,2014-04-15,,full
P83001,1,188904,Active,2014-04-15,,full
P83004,1,188906,Active,2014-04-15,,full
P83005,1,188907,Active,2014-04-15,,full
P83006,1,188908,Active,2014-04-15,,full
P83007,1,188909,Active,2014-04-15,,full
P83008,1,188910,Inactive,2014-04-15,2019-12-04,full
P83009,1,188911,Active,2014-04-15,,full
P83010,1,188912,Active,2014-04-15,,full
P83011,1,188913,Active,2014-04-15,,full
P83012,1,188914,Active,2014-04-15,,full
P83015,1,188916,Active,2014-04-15,,full
P83017,1,188918,Active,2014-04-15,,full
P83019,1,188920,Inactive,2014-04-15,2019-12-04,full
P83020,1,188921,Inactive,2014-04-15,2022-11-30,full
P83021,1,188922,Active,2014-04-15,,full
P83023,1,188924,Inactive,2014-04-15,2019-12-04,full
P83024,1,188925,Active,2014-04-15,,full
P83025,1,188926,Active,2014-04-15,,full
P83026,1,188927,Inactive,2014-04-15,2017-02-28,archive
P83027,1,188928,Active,2014-04-15,,full
P83029,1,188930,Inactive,2014-04-15,2019-12-04,full
P83030,1,188931,Inactive,2014-04-15,2017-02-28,archive
P83603,1,188932,Active,2014-04-15,,full
P83605,1,188934,Active,2014-04-15,,full
P83608,1,188936,Active,2014-04-15,,full
P83609,1,188937,Active,2014-04-15,,full
P83611,1,188938,Active,2014-04-15,,full
P83612,1,188939,Active,2014-04-15,,full
P83620,1,188941,Active,2014-04-15,,full
P83621,1,188942,Active,2014-04-15,,full
P83623,1,188943,Active,2014-04-15,,full
P84004,1,188946,Active,2014-04-15,,full
P84005,1,188947,Active,2014-04-15,,full
P84009,1,188948,Active,2014-04-15,,full
P84010,1,188949,Active,2014-04-15,,full
P84012,1,188951,Active,2014-04-15,,full
P84014,1,188952,Active,2014-04-15,,full
P84016,1,188954,Active,2014-04-15,,full
P84017,1,188955,Active,2014-04-15,,full
P84018,1,188956,Active,2014-04-15,,full
P84019,1,188957,Active,2014-04-15,,full
P84020,1,188958,Active,2014-04-15,,full
P84021,1,188959,Active,2014-04-15,,full
P84022,1,188960,Active,2014-04-15,,full
P84023,1,188961,Active,2014-04-15,,full
P84024,1,188962,Active,2014-04-15,,full
P84025,1,188963,Active,2014-04-15,,full
P84026,1,188964,Active,2014-04-15,,full
P84027,1,188965,Active,2014-04-15,,full
P84028,1,188966,Active,2014-04-15,,full
P84029,1,188967,Active,2014-04-15,,full
P84030,1,188968,Active,2014-04-15,,full
P84032,1,188969,Active,2014-04-15,,full
P84033,1,188970,Active,2014-04-15,,full
P84034,1,188971,Active,2014-04-15,,full
P84035,1,188972,Active,2014-04-15,,full
P84037,1,188973,Active,2014-04-15,,full
P84038,1,188974,Active,2014-04-15,,full
P84039,1,188975,Active,2014-04-15,,full
P84040,1,188976,Active,2014-04-15,,full
P84041,1,188977,Active,2014-04-15,,full
P84042,1,188978,Active,2014-04-15,,full
P84043,1,188979,Active,2014-04-15,,full
P84045,1,188980,Active,2014-04-15,,full
P84046,1,188981,Active,2014-04-15,,full
P84047,1,188982,Active,2014-04-15,,full
P84048,1,188983,Active,2014-04-15,,full
P84049,1,188984,Active,2014-04-15,,full
P84050,1,188985,Active,2014-04-15,,full
P84051,1,188986,Active,2014-04-15,,full
P84052,1,188987,Active,2014-04-15,,full
P84053,1,188988,Active,2014-04-15,,full
P84054,1,188989,Active,2014-04-15,,full
P84055,1,188990,Inactive,2014-04-15,2021-01-31,full
P84056,1,188991,Active,2014-04-15,,full
P84057,1,188992,Inactive,2014-04-15,2016-01-06,archive
P84059,1,188994,Active,2014-04-15,,full
P84061,1,188996,Active,2014-04-15,,full
P84062,1,188997,Inactive,2014-04-15,2021-06-30,full
P84063,1,188998,Inactive,2014-04-15,2016-01-06,archive
P84064,1,188999,Active,2014-04-15,,full
P84065,1,189000,Active,2014-04-15,,full
P84066,1,189001,Active,2014-04-15,,full
P84067,1,189002,Active,2014-04-15,,full
P84068,1,189003,Active,2014-04-15,,full
P84070,1,189004,Active,2014-04-15,,full
P84071,1,189005,Active,2014-04-15,,full
P84072,1,189006,Active,2014-04-15,,full
P84074,1,189008,Active,2014-04-15,,full
P84605,1,189009,Active,2014-04-15,,full
P84611,1,189010,Active,2014-04-15,,full
P84616,1,189012,Inactive,2014-04-15,2023-02-28,full
P84623,1,189014,Inactive,2014-04-15,2018-09-30,full
P84626,1,189015,Active,2014-04-15,,full
P84627,1,189016,Inactive,2014-04-15,2016-06-08,archive
P84630,1,189018,Active,2014-04-15,,full
P84631,1,189019,Inactive,2014-04-15,2020-07-31,full
P84635,1,189021,Active,2014-04-15,,full
P84637,1,189022,Active,2014-04-15,,full
P84639,1,189024,Active,2014-04-15,,full
P84640,1,189025,Inactive,2014-04-15,2025-06-30,full
P84644,1,189028,Active,2014-04-15,,full
P84645,1,189029,Active,2014-04-15,,full
P84650,1,189031,Active,2014-04-15,,full
P84651,1,189032,Active,2014-04-15,,full
P84652,1,189033,Inactive,2014-04-15,2022-11-30,full
P84659,1,189034,Inactive,2014-04-15,2016-01-06,archive
P84663,1,189037,Active,2014-04-15,,full
P84665,1,189038,Active,2014-04-15,,full
P84669,1,189041,Active,2014-04-15,,full
P84672,1,189042,Active,2014-04-15,,full
P84673,1,189043,Active,2014-04-15,,full
P84676,1,189045,Inactive,2014-04-15,2017-11-01,full
P84677,1,189046,Inactive,2014-04-15,2016-02-29,archive
P84678,1,189047,Active,2014-04-15,,full
P84679,1,189048,Active,2014-04-15,,full
P84682,1,189049,Inactive,2014-04-15,2020-11-30,full
P84683,1,189050,Active,2014-04-15,,full
P84684,1,189051,Active,2014-04-15,,full
P84689,1,189053,Active,2014-04-15,,full
P84690,1,189054,Active,2014-04-15,,full
P85001,1,189061,Inactive,2014-04-15,2022-03-31,full
P85002,1,189062,Active,2014-04-15,,full
P85003,1,189063,Active,2014-04-15,,full
P85004,1,189064,Active,2014-04-15,,full
P85005,1,189065,Active,2014-04-15,,full
P85006,1,189066,Inactive,2014-04-15,2021-08-31,full
P85007,1,189067,Active,2014-04-15,,full
P85008,1,189068,Inactive,2014-04-15,2023-12-31,full
P85010,1,189070,Active,2014-04-15,,full
P85011,1,189071,Active,2014-04-15,,full
P85012,1,189072,Active,2014-04-15,,full
P85013,1,189073,Active,2014-04-15,,full
P85014,1,189074,Active,2014-04-15,,full
P85015,1,189075,Active,2014-04-15,,full
P85016,1,189076,Active,2014-04-15,,full
P85017,1,189077,Active,2014-04-15,,full
P85018,1,189078,Active,2014-04-15,,full
P85019,1,189079,Active,2014-04-15,,full
P85020,1,189080,Active,2014-04-15,,full
P85021,1,189081,Active,2014-04-15,,full
P85022,1,189082,Active,2014-04-15,,full
P85025,1,189084,Inactive,2014-04-15,2019-12-04,full
P85026,1,189085,Active,2014-04-15,,full
P85028,1,189086,Inactive,2014-04-15,2024-10-31,full
P85029,1,189087,Inactive,2014-04-15,2015-05-31,archive
P85601,1,189088,Active,2014-04-15,,full
P85602,1,189089,Inactive,2014-04-15,2023-12-31,full
P85603,1,189090,Inactive,2014-04-15,2017-01-04,archive
P85605,1,189091,Active,2014-04-15,,full
P85606,1,189092,Active,2014-04-15,,full
P85607,1,189093,Inactive,2014-04-15,2023-12-31,full
P85608,1,189094,Active,2014-04-15,,full
P85610,1,189095,Active,2014-04-15,,full
P85612,1,189097,Active,2014-04-15,,full
P85613,1,189098,Inactive,2014-04-15,2021-06-30,full
P85614,1,189099,Active,2014-04-15,,full
P85615,1,189100,Active,2014-04-15,,full
P85619,1,189101,Inactive,2012-09-30,2015-06-30,archive
P85620,1,189102,Inactive,2014-04-15,2023-12-31,full
P85621,1,189103,Inactive,2014-04-15,2024-10-31,full
P85622,1,189104,Active,2014-04-15,,full
P86001,1,189107,Active,2014-04-15,,full
P86002,1,189108,Active,2014-04-15,,full
P86003,1,189109,Active,2014-04-15,,full
P86004,1,189110,Active,2014-04-15,,full
P86005,1,189111,Active,2014-04-15,,full
P86006,1,189112,Active,2014-04-15,,full
P86007,1,189113,Active,2014-04-15,,full
P86008,1,189114,Active,2014-04-15,,full
P86009,1,189115,Active,2014-04-15,,full
P86010,1,189116,Active,2014-04-15,,full
P86011,1,189117,Active,2014-04-15,,full
P86012,1,189118,Active,2014-04-15,,full
P86013,1,189119,Active,2014-04-15,,full
P86014,1,189120,Active,2014-04-15,,full
P86015,1,189121,Active,2014-04-15,,full
P86016,1,189122,Active,2014-04-15,,full
P86017,1,189123,Active,2014-04-15,,full
P86018,1,189124,Active,2014-04-15,,full
P86019,1,189125,Active,2014-04-15,,full
P86021,1,189126,Active,2014-04-15,,full
P86022,1,189127,Active,2014-04-15,,full
P86023,1,189128,Active,2014-04-15,,full
P86026,1,189130,Active,2014-04-15,,full
P86602,1,189131,Active,2014-04-15,,full
P86605,1,189132,Inactive,2014-04-15,2018-02-01,full
P86606,1,189133,Active,2014-04-15,,full
P86608,1,189134,Active,2014-04-15,,full
P86609,1,189135,Active,2014-04-15,,full
P86614,1,189139,Active,2014-04-15,,full
P86619,1,189140,Active,2014-04-15,,full
P86620,1,189141,Active,2014-04-15,,full
P86622,1,189143,Inactive,2014-04-15,2014-06-30,archive
P86624,1,189144,Active,2014-04-15,,full
P86627,1,189147,Inactive,2012-09-30,2012-09-30,archive
P87002,1,189148,Active,2014-04-15,,full
P87003,1,189149,Inactive,2014-04-15,2021-08-31,full
P87004,1,189150,Active,2014-04-15,,full
P87008,1,189152,Active,2014-04-15,,full
P87014,1,189153,Inactive,2014-04-15,2021-06-30,full
P87015,1,189154,Active,2014-04-15,,full
P87016,1,189155,Active,2014-04-15,,full
P87017,1,189156,Active,2014-04-15,,full
P87019,1,189158,Active,2014-04-15,,full
P87020,1,189159,Active,2014-04-15,,full
P87022,1,189161,Active,2014-04-15,,full
P87024,1,189163,Active,2014-04-15,,full
P87025,1,189164,Active,2014-04-15,,full
P87026,1,189165,Active,2014-04-15,,full
P87027,1,189166,Active,2014-04-15,,full
P87028,1,189167,Active,2014-04-15,,full
P87032,1,189169,Active,2014-04-15,,full
P87035,1,189171,Active,2014-04-15,,full
P87036,1,189172,Inactive,2014-04-15,2021-06-30,full
P87039,1,189173,Inactive,2014-04-15,2021-08-31,full
P87040,1,189174,Active,2014-04-15,,full
P87610,1,189177,Active,2014-04-15,,full
P87613,1,189180,Active,2014-04-15,,full
P87614,1,189181,Inactive,2012-09-30,2012-09-30,archive
P87618,1,189184,Inactive,2014-04-15,2024-06-30,full
P87620,1,189185,Active,2014-04-15,,full
P87624,1,189187,Active,2014-04-15,,full
P87625,1,189188,Active,2014-04-15,,full
P87627,1,189190,Active,2014-04-15,,full
P87629,1,189192,Inactive,2014-04-15,2016-01-06,archive
P87630,1,189193,Active,2014-04-15,,full
P87632,1,189194,Inactive,2014-04-15,2014-06-30,archive
P87634,1,189195,Active,2014-04-15,,full
P87637,1,189196,Inactive,2014-04-15,2014-06-30,archive
P87639,1,189198,Active,2014-04-15,,full
P87641,1,189199,Inactive,2014-04-15,2016-06-08,archive
P87642,1,195413,Inactive,2012-09-30,2012-09-30,archive
P87645,1,189200,Inactive,2012-09-30,2012-09-30,archive
P87648,1,189201,Active,2014-04-15,,full
P87649,1,189202,Active,2014-04-15,,full
P87651,1,189203,Active,2014-04-15,,full
P87652,1,189204,Inactive,2014-04-15,2020-07-31,full
P87654,1,189205,Active,2014-04-15,,full
P87657,1,189206,Active,2014-04-15,,full
P87658,1,189207,Active,2014-04-15,,full
P87659,1,189208,Inactive,2014-04-15,2021-08-31,full
P87660,1,189209,Inactive,2014-04-15,2021-08-31,full
P87661,1,189210,Active,2014-04-15,,full
P87663,1,189212,Inactive,2012-09-30,2012-09-30,archive
P87668,1,189217,Inactive,2014-04-15,2018-05-02,full
P88001,1,189219,Inactive,2014-04-15,2016-06-08,archive
P88002,1,189220,Active,2014-04-15,,full
P88003,1,189221,Active,2014-04-15,,full
P88004,1,189222,Inactive,2014-04-15,2017-02-28,archive
P88005,1,189223,Active,2014-04-15,,full
P88006,1,189224,Active,2014-04-15,,full
P88007,1,189225,Active,2014-04-15,,full
P88008,1,189226,Active,2014-04-15,,full
P88009,1,189227,Active,2014-04-15,,full
P88010,1,189228,Inactive,2014-04-15,2018-09-30,full
P88011,1,189229,Active,2014-04-15,,full
P88012,1,189230,Active,2014-04-15,,full
P88013,1,189231,Active,2014-04-15,,full
P88014,1,189232,Active,2014-04-15,,full
P88015,1,189233,Active,2014-04-15,,full
P88016,1,189234,Active,2014-04-15,,full
P88017,1,189235,Active,2014-04-15,,full
P88018,1,189236,Active,2014-04-15,,full
P88019,1,189237,Active,2014-04-15,,full
P88020,1,189238,Active,2014-04-15,,full
P88021,1,189239,Active,2014-04-15,,full
P88023,1,189240,Active,2014-04-15,,full
P88024,1,189241,Active,2014-04-15,,full
P88025,1,189242,Active,2014-04-15,,full
P88026,1,189243,Active,2014-04-15,,full
P88028,1,189244,Inactive,2014-04-15,2019-05-01,full
P88031,1,189246,Active,2014-04-15,,full
P88033,1,189247,Inactive,2014-04-15,2015-02-25,archive
P88034,1,189248,Inactive,2014-04-15,2023-12-31,full
P88041,1,189251,Active,2014-04-15,,full
P88042,1,189252,Active,2014-04-15,,full
P88043,1,189253,Active,2014-04-15,,full
P88044,1,189254,Active,2014-04-15,,full
P88600,1,189255,Inactive,2014-04-15,2022-03-31,full
P88603,1,189256,Inactive,2013-03-31,2013-03-31,archive
P88604,1,189257,Inactive,2014-04-15,2018-05-02,full
P88606,1,189258,Active,2014-04-15,,full
P88607,1,189259,Inactive,2014-04-15,2023-12-31,full
P88610,1,189261,Inactive,2014-04-15,2023-12-31,full
P88615,1,189264,Active,2014-04-15,,full
P88617,1,189266,Inactive,2014-04-15,2020-06-30,full
P88618,1,189267,Inactive,2014-04-15,2018-05-02,full
P88620,1,189268,Inactive,2014-04-15,2018-02-01,full
P88623,1,189269,Active,2014-04-15,,full
P88624,1,189270,Inactive,2014-04-15,2020-07-31,full
P88625,1,189271,Active,2014-04-15,,full
P88628,1,189272,Inactive,2014-04-15,2015-02-25,archive
P88632,1,189276,Active,2014-04-15,,full
P88633,1,189277,Inactive,2014-04-15,2017-11-01,full
P89002,1,189280,Active,2014-04-15,,full
P89003,1,189281,Active,2014-04-15,,full
P89004,1,189282,Active,2014-04-15,,full
P89005,1,189283,Active,2014-04-15,,full
P89006,1,189284,Active,2014-04-15,,full
P89007,1,189285,Active,2014-04-15,,full
P89008,1,189286,Active,2014-04-15,,full
P89010,1,189287,Active,2014-04-15,,full
P89011,1,189288,Active,2014-04-15,,full
P89012,1,189289,Active,2014-04-15,,full
P89013,1,189290,Active,2014-04-15,,full
P89014,1,189291,Active,2014-04-15,,full
P89015,1,189292,Active,2014-04-15,,full
P89016,1,189293,Active,2014-04-15,,full
P89017,1,189294,Inactive,2014-04-15,2019-12-04,full
P89018,1,189295,Active,2014-04-15,,full
P89019,1,189296,Inactive,2014-04-15,2018-05-02,full
P89020,1,189297,Active,2014-04-15,,full
P89021,1,189298,Active,2014-04-15,,full
P89022,1,189299,Active,2014-04-15,,full
P89023,1,189300,Active,2014-04-15,,full
P89025,1,189301,Active,2014-04-15,,full
P89026,1,189302,Active,2014-04-15,,full
P89027,1,189303,Inactive,2014-04-15,2017-11-01,full
P89029,1,189304,Active,2014-04-15,,full
P89030,1,189305,Active,2014-04-15,,full
P89033,1,189306,Inactive,2014-04-15,2019-07-31,full
P89602,1,189307,Active,2014-04-15,,full
P89609,1,189311,Active,2014-04-15,,full
P89612,1,189312,Active,2014-04-15,,full
P89613,1,189313,Active,2014-04-15,,full
P89616,1,189314,Inactive,2014-04-15,2015-05-31,archive
P89618,1,189316,Active,2014-04-15,,full
P91003,1,189320,Active,2014-04-15,,full
P91004,1,189321,Active,2014-04-15,,full
P91006,1,189323,Active,2014-04-15,,full
P91007,1,189324,Active,2014-04-15,,full
P91008,1,189325,Active,2014-04-15,,full
P91009,1,189326,Active,2014-04-15,,full
P91011,1,189328,Active,2014-04-15,,full
P91012,1,189329,Active,2014-04-15,,full
P91013,1,189330,Active,2014-04-15,,full
P91014,1,189331,Active,2014-04-15,,full
P91016,1,189332,Active,2014-04-15,,full
P91017,1,189333,Active,2014-04-15,,full
P91018,1,189334,Active,2014-04-15,,full
P91019,1,189335,Active,2014-04-15,,full
P91020,1,189336,Active,2014-04-15,,full
P91021,1,189337,Active,2014-04-15,,full
P91025,1,189339,Inactive,2014-04-15,2017-01-27,archive
P91026,1,189340,Active,2014-04-15,,full
P91027,1,189341,Inactive,2014-04-15,2017-02-28,archive
P91029,1,189343,Active,2014-04-15,,full
P91030,1,189344,Inactive,2014-04-15,2015-03-31,archive
P91032,1,189345,Inactive,2014-04-15,2022-03-31,full
P91034,1,189347,Inactive,2012-09-30,2012-09-30,archive
P91035,1,189348,Active,2014-04-15,,full
P91036,1,189349,Inactive,2012-09-30,2012-09-30,archive
P91037,1,189350,Inactive,2012-09-30,2012-09-30,archive
P91603,1,189352,Active,2014-04-15,,full
P91604,1,189353,Active,2014-04-15,,full
P91605,1,189354,Inactive,2014-04-15,2017-01-04,archive
P91615,1,189358,Inactive,2014-04-15,2020-06-30,full
P91617,1,189360,Active,2014-04-15,,full
P91619,1,189361,Inactive,2014-04-15,2022-04-30,full
P91623,1,189363,Active,2014-04-15,,full
P91625,1,189364,Inactive,2014-04-15,2022-07-31,full
P91627,1,189365,Active,2014-04-15,,full
P91629,1,189366,Active,2014-04-15,,full
P91630,1,189367,Inactive,2014-04-15,2014-06-30,archive
P91631,1,189368,Active,2014-04-15,,full
P91632,1,189369,Inactive,2012-09-30,2012-09-30,archive
P91633,1,189370,Inactive,2014-04-15,2024-01-31,full
P92001,1,189374,Active,2014-04-15,,full
P92002,1,189375,Active,2014-04-15,,full
P92003,1,189376,Active,2014-04-15,,full
P92004,1,189377,Active,2014-04-15,,full
P92005,1,189378,Active,2014-04-15,,full
P92006,1,189379,Active,2014-04-15,,full
P92007,1,189380,Active,2014-04-15,,full
P92008,1,189381,Active,2014-04-15,,full
P92010,1,189382,Active,2014-04-15,,full
P92011,1,189383,Active,2014-04-15,,full
P92012,1,189384,Active,2014-04-15,,full
P92014,1,189385,Active,2014-04-15,,full
P92015,1,189386,Active,2014-04-15,,full
P92016,1,189387,Active,2014-04-15,,full
P92017,1,189388,Active,2014-04-15,,full
P92019,1,189389,Active,2014-04-15,,full
P92020,1,189390,Active,2014-04-15,,full
P92021,1,189391,Active,2014-04-15,,full
P92023,1,189392,Active,2014-04-15,,full
P92024,1,189393,Active,2014-04-15,,full
P92026,1,189395,Active,2014-04-15,,full
P92028,1,189397,Active,2014-04-15,,full
P92029,1,189398,Active,2014-04-15,,full
P92030,1,189399,Active,2014-04-15,,full
P92031,1,189400,Active,2014-04-15,,full
P92033,1,189402,Active,2014-04-15,,full
P92034,1,189403,Active,2014-04-15,,full
P92035,1,189404,Inactive,2014-04-15,2022-11-30,full
P92038,1,189405,Active,2014-04-15,,full
P92041,1,189406,Active,2014-04-15,,full
P92042,1,189407,Active,2014-04-15,,full
P92602,1,189410,Active,2014-04-15,,full
P92605,1,189412,Active,2014-04-15,,full
P92606,1,189413,Inactive,2014-04-15,2016-06-08,archive
P92607,1,189414,Active,2014-04-15,,full
P92615,1,189417,Active,2014-04-15,,full
P92616,1,189418,Inactive,2014-04-15,2023-12-31,full
P92619,1,189420,Inactive,2014-04-15,2019-12-04,full
P92620,1,189421,Active,2014-04-15,,full
P92621,1,189422,Active,2014-04-15,,full
P92623,1,189424,Inactive,2014-04-15,2022-03-31,full
P92626,1,189426,Active,2014-04-15,,full
P92630,1,189427,Active,2014-04-15,,full
P92632,1,189428,Inactive,2014-04-15,2016-06-08,archive
P92633,1,189429,Active,2014-04-15,,full
P92634,1,189430,Active,2014-04-15,,full
P92635,1,189431,Active,2014-04-15,,full
P92637,1,189432,Active,2014-04-15,,full
P92639,1,189433,Active,2014-04-15,,full
P92642,1,189434,Active,2014-04-15,,full
P92643,1,189435,Inactive,2014-04-15,2018-09-30,full
P92646,1,189437,Active,2014-04-15,,full
P92647,1,189438,Active,2014-04-15,,full
P92648,1,189439,Active,2014-04-15,,full
P92651,1,189442,Active,2014-04-15,,full
P92652,1,189443,Inactive,2014-04-15,2021-06-30,full
P92653,1,189444,Inactive,2014-04-15,2025-04-30,full
Y00020,1,190142,Active,2014-04-15,,full
Y00022,1,190144,Inactive,2012-09-30,2012-09-30,archive
Y00025,1,190147,Inactive,2014-04-15,2019-12-04,full
Y00026,1,190148,Active,2014-04-15,,full
Y00028,1,190150,Inactive,2014-04-15,2020-11-30,full
Y00033,1,190155,Active,2014-04-15,,full
Y00050,1,190172,Active,2014-04-15,,full
Y00054,1,190176,Active,2014-04-15,,full
Y00056,1,190178,Active,2014-04-15,,full
Y00057,1,190179,Active,2014-04-15,,full
Y00058,1,190180,Inactive,2014-04-15,2023-12-31,full
Y00060,1,190182,Active,2014-04-15,,full
Y00061,1,190183,Inactive,2014-04-15,2015-05-31,archive
Y00075,1,190197,Inactive,2014-04-15,2019-01-31,full
Y00078,1,190200,Active,2014-04-15,,full
Y00079,1,190201,Inactive,2014-04-15,2017-11-01,full
Y00080,1,190202,Active,2014-04-15,,full
Y00081,1,190203,Active,2014-04-15,,full
Y00090,1,190212,Active,2014-04-15,,full
Y00092,1,190213,Inactive,2014-04-15,2019-04-30,full
Y00105,1,190224,Inactive,2014-04-15,2019-04-30,full
Y00110,1,190229,Inactive,2014-04-15,2024-03-31,full
Y00137,1,190254,Active,2014-04-15,,full
Y00140,1,190257,Active,2014-04-15,,full
Y00151,1,190268,Inactive,2014-04-15,2020-06-30,full
Y00155,1,190273,Active,2014-04-15,,full
Y00159,1,190276,Active,2014-04-15,,full
Y00164,1,190281,Inactive,2014-04-15,2019-12-04,full
Y00182,1,190297,Active,2014-04-15,,full
Y00183,1,190298,Inactive,2014-04-15,2014-06-30,archive
Y00184,1,190299,Active,2014-04-15,,full
Y00185,1,190300,Active,2014-04-15,,full
Y00186,1,190301,Active,2014-04-15,,full
Y00189,1,190304,Inactive,2014-04-15,2019-12-04,full
Y00197,1,190312,Inactive,2012-09-30,2012-09-30,archive
Y00198,1,190313,Inactive,2014-04-15,2019-12-04,full
Y00200,1,190315,Active,2014-04-15,,full
Y00204,1,190319,Inactive,2013-03-31,2013-03-31,archive
Y00206,1,190321,Active,2014-04-15,,full
Y00212,1,190327,Inactive,2014-04-15,2022-07-31,full
Y00228,1,190343,Active,2014-04-15,,full
Y00243,1,190358,Inactive,2014-04-15,2019-12-04,full
Y00252,1,190367,Active,2014-04-15,,full
Y00260,1,190375,Inactive,2014-04-15,2023-12-31,full
Y00265,1,190380,Active,2014-04-15,,full
Y00268,1,190383,Inactive,2014-04-15,2019-07-31,full
Y00278,1,190392,Active,2014-04-15,,full
Y00280,1,190394,Inactive,2014-04-15,2019-07-31,full
Y00286,1,190400,Active,2014-04-15,,full
Y00293,1,190407,Active,2014-04-15,,full
Y00297,1,190411,Active,2014-04-15,,full
Y00304,1,190418,Inactive,2014-04-15,2017-08-16,full
Y00312,1,190426,Active,2014-04-15,,full
Y00313,1,190427,Inactive,2014-04-15,2016-01-05,full
Y00315,1,190429,Inactive,2014-04-15,2014-06-30,archive
Y00316,1,190430,Active,2014-04-15,,full
Y00328,1,190441,Inactive,2014-04-15,2025-04-30,full
Y00332,1,190445,Inactive,2014-04-15,2014-11-30,archive
Y00334,1,190447,Inactive,2014-04-15,2017-02-28,archive
Y00344,1,190457,Active,2014-04-15,,full
Y00347,1,190460,Active,2014-04-15,,full
Y00351,1,190464,Active,2014-04-15,,full
Y00352,1,190465,Active,2014-04-15,,full
Y00368,1,190481,Inactive,2012-09-30,2012-09-30,archive
Y00386,1,190498,Inactive,2014-04-15,2014-06-30,archive
Y00399,1,190511,Active,2014-04-15,,full
Y00403,1,190515,Active,2014-04-15,,full
Y00411,1,190523,Active,2014-04-15,,full
Y00412,1,190524,Active,2014-04-15,,full
Y00436,1,190548,Inactive,2014-04-15,2016-06-08,archive
Y00437,1,190549,Active,2014-04-15,,full
Y00443,1,190555,Inactive,2012-09-30,2012-09-30,archive
Y00445,1,190557,Active,2014-04-15,,full
Y00446,1,190558,Active,2014-04-15,,full
Y00449,1,190561,Inactive,2014-04-15,2022-11-30,full
Y00451,1,190563,Inactive,2014-04-15,2016-06-08,archive
Y00454,1,190566,Inactive,2014-04-15,2021-06-30,full
Y00469,1,190580,Active,2014-04-15,,full
Y00471,1,190582,Active,2014-04-15,,full
Y00475,1,190586,Active,2014-04-15,,full
Y00484,1,190595,Inactive,2014-04-15,2018-09-30,full
Y00486,1,190596,Active,2014-04-15,,full
Y00492,1,190602,Active,2014-04-15,,full
Y00507,1,190617,Active,2014-04-15,,full
Y00522,1,190632,Inactive,2014-04-15,2025-04-30,full
Y00527,1,190637,Inactive,2014-04-15,2018-12-20,full
Y00542,1,190652,Inactive,2014-04-15,2024-06-30,full
Y00560,1,190669,Active,2014-04-15,,full
Y00561,1,190670,Inactive,2014-04-15,2023-12-31,full
Y00568,1,190677,Active,2014-04-15,,full
Y00570,1,230303,Inactive,2015-02-26,2015-05-19,full
Y00589,1,190696,Inactive,2014-04-15,2024-10-31,full
Y00592,1,190699,Inactive,2014-04-15,2019-12-04,full
Y00612,1,190719,Active,2014-04-15,,full
Y00683,1,190789,Inactive,2014-04-15,2019-12-04,full
Y00726,1,190830,Active,2014-04-15,,full
Y00758,1,190862,Active,2014-04-15,,full
Y00774,1,190878,Active,2014-04-15,,full
Y00844,1,230305,Inactive,2015-02-26,2016-08-16,full
Y00902,1,191003,Active,2014-04-15,,full
Y00912,1,191012,Inactive,2014-04-15,2025-02-28,full
Y00915,1,191015,Inactive,2014-04-15,2016-08-10,archive
Y00918,1,191018,Active,2014-04-15,,full
Y00955,1,191053,Inactive,2014-04-15,2019-01-31,full
Y00969,1,191067,Active,2014-04-15,,full
Y00984,1,191081,Inactive,2014-04-15,2019-07-31,full
Y00996,1,191093,Active,2014-04-15,,full
Y00999,1,191096,Active,2014-04-15,,full
Y01008,1,191105,Active,2014-04-15,,full
Y01009,1,191106,Inactive,2014-04-15,2016-08-10,archive
Y01011,1,191108,Active,2014-04-15,,full
Y01050,1,191145,Active,2014-04-15,,full
Y01051,1,191146,Active,2014-04-15,,full
Y01057,1,491365,Active,2022-09-28,,full
Y01059,1,191154,Inactive,2012-09-30,2012-09-30,archive
Y01066,1,191161,Active,2014-04-15,,full
Y01068,1,191163,Active,2014-04-15,,full
Y01084,1,230306,Inactive,2015-02-26,2015-05-13,full
Y01090,1,191185,Active,2014-04-15,,full
Y01108,1,191203,Active,2014-04-15,,full
Y01118,1,191213,Active,2014-04-15,,full
Y01124,1,191219,Inactive,2014-04-15,2025-04-30,full
Y01127,1,191222,Active,2014-04-15,,full
Y01132,1,191227,Active,2014-04-15,,full
Y01139,1,191234,Inactive,2014-04-15,2022-04-30,full
Y01163,1,191258,Active,2014-04-15,,full
Y01165,1,191260,Inactive,2014-04-15,2024-03-31,full
Y01177,1,191272,Inactive,2014-04-15,2018-12-20,full
Y01200,1,191294,Inactive,2014-04-15,2018-12-20,full
Y01206,1,191299,Active,2014-04-15,,full
Y01221,1,191314,Active,2014-04-15,,full
Y01253,1,191346,Active,2014-04-15,,full
Y01262,1,195441,Active,2014-04-15,,full
Y01280,1,191372,Active,2014-04-15,,full
Y01281,1,191373,Active,2014-04-15,,full
Y01291,1,191383,Active,2014-04-15,,full
Y01297,1,191389,Active,2014-04-15,,full
Y01652,1,191436,Active,2014-04-15,,full
Y01655,1,191439,Active,2014-04-15,,full
Y01680,1,191464,Inactive,2014-04-15,2016-01-06,archive
Y01690,1,230307,Active,2015-02-26,,full
Y01695,1,191479,Active,2014-04-15,,full
Y01719,1,191503,Active,2014-04-15,,full
Y01756,1,191539,Active,2014-04-15,,full
Y01792,1,233129,Inactive,2014-06-30,2015-07-08,archive
Y01794,1,191575,Active,2014-04-15,,full
Y01795,1,191576,Active,2014-04-15,,full
Y01812,1,191593,Active,2014-04-15,,full
Y01822,1,191603,Inactive,2014-04-15,2014-06-17,full
Y01839,1,191620,Active,2014-04-15,,full
Y01851,1,191632,Inactive,2014-04-15,2018-09-30,full
Y01922,1,191701,Active,2014-04-15,,full
Y01924,1,191703,Active,2014-04-15,,full
Y01929,1,191708,Active,2014-04-15,,full
Y01942,1,191721,Inactive,2012-09-30,2012-09-30,archive
Y01948,1,191726,Active,2014-04-15,,full
Y01962,1,191740,Inactive,2014-04-15,2020-06-30,full
Y01964,1,191742,Active,2014-04-15,,full
Y02002,1,191779,Active,2014-04-15,,full
Y02045,1,191821,Active,2014-04-15,,full
Y02071,1,191846,Inactive,2014-04-15,2016-08-23,full
Y02117,1,191891,Active,2014-04-15,,full
Y02121,1,191895,Inactive,2014-04-15,2017-08-16,full
Y02128,1,191902,Active,2014-04-15,,full
Y02129,1,191903,Inactive,2014-04-15,2020-11-30,full
Y02162,1,191936,Inactive,2014-04-15,2020-06-30,full
Y02164,1,191938,Inactive,2014-04-15,2017-11-01,full
Y02177,1,191950,Active,2014-04-15,,full
Y02181,1,191954,Inactive,2014-04-15,2017-04-30,full
Y02212,1,191984,Active,2014-04-15,,full
Y02222,1,191994,Inactive,2014-04-15,2023-12-31,full
Y02260,1,192032,Inactive,2014-04-15,2023-02-28,full
Y02274,1,192046,Active,2014-04-15,,full
Y02319,1,192087,Active,2014-04-15,,full
Y02321,1,192089,Active,2014-04-15,,full
Y02322,1,192090,Active,2014-04-15,,full
Y02325,1,192093,Active,2014-04-15,,full
Y02332,1,192100,Active,2014-04-15,,full
Y02342,1,192110,Active,2014-04-15,,full
Y02344,1,192112,Inactive,2014-04-15,2024-06-30,full
Y02354,1,192122,Active,2014-04-15,,full
Y02378,1,192146,Active,2014-04-15,,full
Y02379,1,192147,Inactive,2014-04-15,2017-01-31,archive
Y02384,1,192152,Inactive,2014-04-15,2017-01-27,archive
Y02404,1,192171,Inactive,2014-04-15,2018-09-30,full
Y02414,1,192181,Inactive,2014-04-15,2025-04-30,full
Y02421,1,192188,Inactive,2014-04-15,2018-05-02,full
Y02422,1,192189,Inactive,2014-04-15,2018-09-30,full
Y02423,1,192190,Active,2014-04-15,,full
Y02424,1,192191,Inactive,2013-07-31,2013-07-31,archive
Y02442,1,192208,Inactive,2014-04-15,2025-04-30,full
Y02458,1,230308,Inactive,2015-02-26,2015-03-17,full
Y02461,1,192226,Inactive,2014-04-15,2018-05-02,full
Y02462,1,192227,Inactive,2014-04-15,2020-06-30,full
Y02463,1,192228,Active,2014-04-15,,full
Y02464,1,192229,Inactive,2014-04-15,2018-05-02,full
Y02466,1,192231,Active,2014-04-15,,full
Y02469,1,192234,Active,2014-04-15,,full
Y02471,1,192236,Inactive,2014-04-15,2020-06-30,full
Y02472,1,192237,Inactive,2014-04-15,2017-01-04,archive
Y02476,1,192241,Active,2014-04-15,,full
Y02477,1,192242,Inactive,2014-04-15,2018-05-02,full
Y02483,1,192248,Inactive,2014-04-15,2019-04-30,full
Y02490,1,230309,Inactive,2015-02-26,2019-03-12,full
Y02494,1,192259,Active,2014-04-15,,full
Y02495,1,192260,Active,2014-04-15,,full
Y02496,1,192261,Inactive,2014-04-15,2018-09-30,full
Y02499,1,192264,Inactive,2014-04-15,2018-05-02,full
Y02501,1,192266,Inactive,2014-04-15,2018-12-20,full
Y02506,1,192271,Inactive,2014-04-15,2022-11-30,full
Y02507,1,192272,Inactive,2014-04-15,2017-04-30,full
Y02508,1,192273,Inactive,2014-04-15,2017-04-30,full
Y02509,1,192274,Inactive,2014-04-15,2018-04-17,full
Y02510,1,192275,Active,2014-04-15,,full
Y02511,1,192276,Inactive,2014-04-15,2018-09-30,full
Y02512,1,192277,Inactive,2014-04-15,2018-05-02,full
Y02513,1,192278,Inactive,2012-09-30,2012-09-30,archive
Y02514,1,192279,Active,2014-04-15,,full
Y02515,1,192280,Inactive,2014-04-15,2017-04-30,full
Y02516,1,192281,Inactive,2014-04-15,2017-04-30,full
Y02517,1,192282,Active,2014-04-15,,full
Y02519,1,192284,Active,2014-04-15,,full
Y02520,1,195446,Active,2014-04-15,,full
Y02521,1,192285,Active,2014-04-15,,full
Y02525,1,192289,Inactive,2014-04-15,2016-10-04,full
Y02526,1,192290,Active,2014-04-15,,full
Y02529,1,192293,Inactive,2014-04-15,2015-10-07,archive
Y02530,1,230310,Inactive,2015-02-26,2015-03-17,full
Y02531,1,192295,Inactive,2014-04-15,2017-01-04,archive
Y02553,1,192317,Inactive,2012-09-30,2012-09-30,archive
Y02566,1,192330,Inactive,2014-04-15,2017-04-30,full
Y02567,1,192331,Active,2014-04-15,,full
Y02568,1,192332,Inactive,2014-04-15,2018-09-30,full
Y02569,1,192333,Inactive,2014-04-15,2018-02-01,full
Y02570,1,192334,Inactive,2014-04-15,2020-06-30,full
Y02571,1,192335,Active,2014-04-15,,full
Y02572,1,192336,Inactive,2014-04-15,2025-07-31,full
Y02575,1,192339,Active,2014-04-15,,full
Y02578,1,192342,Active,2014-04-15,,full
Y02579,1,192343,Inactive,2013-07-31,2013-07-31,archive
Y02580,1,192344,Inactive,2014-04-15,2015-03-31,archive
Y02581,1,192345,Inactive,2014-04-15,2018-02-01,full
Y02583,1,192346,Inactive,2014-04-15,2020-06-30,full
Y02585,1,192348,Inactive,2014-04-15,2021-08-31,full
Y02586,1,192349,Active,2014-04-15,,full
Y02589,1,192351,Active,2014-04-15,,full
Y02592,1,192354,Inactive,2014-04-15,2016-01-06,archive
Y02593,1,192355,Inactive,2012-09-30,2012-09-30,archive
Y02594,1,192356,Active,2014-04-15,,full
Y02596,1,192358,Inactive,2014-04-15,2018-09-30,full
Y02597,1,192359,Inactive,2014-04-15,2018-12-20,full
Y02601,1,230311,Inactive,2015-02-26,2015-05-31,archive
Y02605,1,192367,Active,2014-04-15,,full
Y02606,1,192368,Active,2014-04-15,,full
Y02607,1,192369,Inactive,2014-04-15,2014-06-30,archive
Y02610,1,192372,Inactive,2014-04-15,2020-06-30,full
Y02611,1,192373,Active,2014-04-15,,full
Y02612,1,192374,Inactive,2014-04-15,2016-06-08,archive
Y02613,1,192375,Inactive,2014-04-15,2016-06-08,archive
Y02614,1,192376,Inactive,2014-04-15,2017-03-14,full
Y02616,1,192378,Inactive,2014-04-15,2017-01-31,archive
Y02620,1,192382,Active,2014-04-15,,full
Y02622,1,192384,Active,2014-04-15,,full
Y02624,1,192386,Inactive,2014-04-15,2019-12-04,full
Y02625,1,192387,Active,2014-04-15,,full
Y02626,1,192388,Active,2014-04-15,,full
Y02627,1,192389,Active,2014-04-15,,full
Y02628,1,192390,Inactive,2014-04-15,2015-09-15,full
Y02633,1,192395,Active,2014-04-15,,full
Y02635,1,192397,Inactive,2014-04-15,2017-01-04,archive
Y02636,1,192398,Active,2014-04-15,,full
Y02638,1,192400,Inactive,2014-04-15,2019-12-04,full
Y02639,1,192401,Active,2014-04-15,,full
Y02640,1,192402,Inactive,2014-04-15,2016-06-08,archive
Y02644,1,192406,Inactive,2014-04-15,2017-04-30,full
Y02645,1,192407,Active,2014-04-15,,full
Y02646,1,192408,Active,2014-04-15,,full
Y02647,1,192409,Inactive,2014-04-15,2015-10-07,archive
Y02650,1,192412,Inactive,2014-04-15,2018-02-01,full
Y02653,1,192415,Active,2014-04-15,,full
Y02656,1,192417,Inactive,2014-04-15,2024-03-31,full
Y02657,1,192418,Active,2014-04-15,,full
Y02658,1,192419,Inactive,2014-04-15,2023-12-31,full
Y02660,1,192421,Inactive,2014-04-15,2018-05-02,full
Y02662,1,192423,Inactive,2014-04-15,2018-02-01,full
Y02663,1,192424,Active,2014-04-15,,full
Y02664,1,192425,Inactive,2014-04-15,2015-10-07,archive
Y02666,1,192427,Active,2014-04-15,,full
Y02669,1,192430,Active,2014-04-15,,full
Y02671,1,192432,Active,2014-04-15,,full
Y02672,1,192433,Active,2014-04-15,,full
Y02673,1,192434,Inactive,2014-04-15,2015-10-07,archive
Y02674,1,192435,Active,2014-04-15,,full
Y02676,1,192437,Active,2014-04-15,,full
Y02684,1,192445,Active,2014-04-15,,full
Y02685,1,230312,Inactive,2015-02-26,2016-09-07,archive
Y02686,1,192447,Active,2014-04-15,,full
Y02688,1,229265,Inactive,2015-02-11,2018-09-30,full
Y02692,1,192453,Active,2014-04-15,,full
Y02701,1,192462,Active,2014-04-15,,full
Y02702,1,192463,Inactive,2014-04-15,2015-10-07,archive
Y02704,1,192465,Inactive,2014-04-15,2020-06-30,full
Y02707,1,192467,Active,2014-04-15,,full
Y02708,1,192468,Inactive,2014-04-15,2016-06-08,archive
Y02710,1,192470,Inactive,2014-04-15,2020-06-30,full
Y02711,1,192471,Inactive,2014-04-15,2019-04-30,full
Y02712,1,192472,Inactive,2012-09-30,2012-09-30,archive
Y02713,1,192473,Active,2014-04-15,,full
Y02718,1,192478,Active,2014-04-15,,full
Y02719,1,192479,Inactive,2014-04-15,2017-01-04,archive
Y02720,1,192480,Active,2014-04-15,,full
Y02721,1,192481,Active,2014-04-15,,full
Y02725,1,192485,Inactive,2014-04-15,2016-06-08,archive
Y02726,1,192486,Inactive,2014-04-15,2016-06-08,archive
Y02727,1,192487,Inactive,2013-07-31,2013-07-31,archive
Y02735,1,192495,Inactive,2014-04-15,2020-11-30,full
Y02736,1,192496,Active,2014-04-15,,full
Y02747,1,192507,Active,2014-04-15,,full
Y02748,1,192508,Inactive,2014-04-15,2016-06-30,archive
Y02751,1,192511,Active,2014-04-15,,full
Y02753,1,192512,Active,2014-04-15,,full
Y02754,1,192513,Inactive,2014-04-15,2020-11-30,full
Y02755,1,192514,Active,2014-04-15,,full
Y02757,1,192516,Active,2014-04-15,,full
Y02766,1,230313,Inactive,2015-02-26,2015-05-13,full
Y02767,1,192525,Active,2014-04-15,,full
Y02769,1,192527,Active,2014-04-15,,full
Y02772,1,192530,Inactive,2013-10-31,2013-10-31,archive
Y02778,1,192535,Inactive,2014-04-15,2018-09-30,full
Y02784,1,192541,Inactive,2014-04-15,2016-06-08,archive
Y02786,1,192543,Inactive,2014-04-15,2016-06-30,archive
Y02787,1,192544,Active,2014-04-15,,full
Y02790,1,192547,Active,2014-04-15,,full
Y02794,1,192551,Active,2014-04-15,,full
Y02795,1,192552,Active,2014-04-15,,full
Y02807,1,192564,Active,2014-04-15,,full
Y02811,1,192569,Active,2014-04-15,,full
Y02812,1,192570,Inactive,2014-04-15,2019-12-04,full
Y02815,1,192573,Inactive,2014-04-15,2017-04-30,full
Y02816,1,192574,Inactive,2014-04-15,2022-11-30,full
Y02818,1,192576,Inactive,2013-03-31,2013-03-31,archive
Y02823,1,192581,Inactive,2014-04-15,2018-07-04,full
Y02826,1,192584,Inactive,2014-04-15,2020-04-28,full
Y02827,1,192585,Active,2014-04-15,,full
Y02833,1,192591,Inactive,2014-04-15,2017-04-30,full
Y02834,1,192592,Inactive,2014-04-15,2015-02-28,archive
Y02838,1,192596,Inactive,2014-04-15,2018-05-02,full
Y02842,1,192600,Active,2014-04-15,,full
Y02846,1,192604,Inactive,2014-04-15,2017-01-04,archive
Y02847,1,192605,Active,2014-04-15,,full
Y02849,1,192607,Active,2014-04-15,,full
Y02850,1,192608,Inactive,2014-04-15,2016-01-06,archive
Y02854,1,192612,Active,2014-04-15,,full
Y02857,1,192615,Inactive,2014-04-15,2016-06-08,archive
Y02867,1,192625,Active,2014-04-15,,full
Y02868,1,192626,Inactive,2014-04-15,2018-09-30,full
Y02873,1,192631,Active,2014-04-15,,full
Y02875,1,192632,Active,2014-04-15,,full
Y02880,1,192637,Inactive,2014-04-15,2016-01-06,archive
Y02884,1,192641,Inactive,2014-04-15,2018-05-02,full
Y02885,1,192642,Active,2014-04-15,,full
Y02886,1,192643,Active,2014-04-15,,full
Y02887,1,192644,Inactive,2014-04-15,2020-06-30,full
Y02890,1,192647,Active,2014-04-15,,full
Y02893,1,192650,Active,2014-04-15,,full
Y02896,1,192653,Inactive,2014-04-15,2018-12-20,full
Y02897,1,192654,Inactive,2014-04-15,2016-09-07,archive
Y02900,1,192656,Active,2014-04-15,,full
Y02902,1,192658,Inactive,2014-04-15,2015-11-10,full
Y02906,1,192662,Active,2014-04-15,,full
Y02914,1,192670,Active,2014-04-15,,full
Y02916,1,230314,Inactive,2015-02-26,2015-03-17,full
Y02928,1,192683,Active,2014-04-15,,full
Y02933,1,192688,Active,2014-04-15,,full
Y02934,1,230315,Inactive,2015-02-26,2017-08-09,full
Y02936,1,192691,Active,2014-04-15,,full
Y02939,1,192694,Inactive,2014-04-15,2014-06-30,archive
Y02945,1,230316,Inactive,2015-02-26,2016-08-16,full
Y02946,1,192699,Active,2014-04-15,,full
Y02955,1,192708,Inactive,2014-04-15,2015-03-31,archive
Y02957,1,192710,Inactive,2014-04-15,2019-04-30,full
Y02960,1,192713,Active,2014-04-15,,full
Y02961,1,192714,Inactive,2014-04-15,2020-06-30,full
Y02962,1,192715,Inactive,2014-04-15,2025-02-28,full
Y02963,1,192716,Inactive,2014-04-15,2016-08-10,archive
Y02964,1,192717,Inactive,2012-09-30,2012-09-30,archive
Y02967,1,192720,Inactive,2014-04-15,2016-08-16,full
Y02968,1,192721,Inactive,2014-04-15,2018-09-30,full
Y02973,1,230377,Active,2015-02-26,,full
Y02974,1,192727,Active,2014-04-15,,full
Y02977,1,192730,Inactive,2014-04-15,2015-05-31,archive
Y02986,1,192738,Active,2014-04-15,,full
Y02987,1,192739,Active,2014-04-15,,full
Y02988,1,192740,Inactive,2014-04-15,2017-01-04,archive
Y02995,1,192747,Inactive,2014-04-15,2016-09-07,archive
Y02999,1,192751,Inactive,2014-04-15,2018-02-01,full
Y03005,1,230317,Inactive,2015-02-26,2015-03-17,full
Y03007,1,192759,Inactive,2014-04-15,2016-04-05,full
Y03019,1,230318,Inactive,2015-02-26,2016-08-16,full
Y03020,1,230319,Inactive,2015-02-26,2016-08-16,full
Y03023,1,192775,Active,2014-04-15,,full
Y03035,1,192787,Active,2014-04-15,,full
Y03038,1,230320,Inactive,2015-02-26,2015-03-17,full
Y03049,1,192801,Active,2014-04-15,,full
Y03051,1,192803,Inactive,2014-04-15,2021-06-30,full
Y03052,1,192804,Active,2014-04-15,,full
Y03054,1,192806,Inactive,2014-04-15,2018-09-30,full
Y03063,1,192815,Active,2014-04-15,,full
Y03079,1,192831,Active,2014-04-15,,full
Y03094,1,279325,Inactive,2016-04-06,2025-09-30,full
Y03096,1,230321,Inactive,2015-02-26,2016-08-16,full
Y03097,1,230322,Inactive,2015-02-26,2025-02-28,full
Y03098,1,230323,Inactive,2015-02-26,2016-08-16,full
Y03099,1,230324,Inactive,2015-02-26,2016-08-16,full
Y03101,1,230325,Inactive,2015-02-26,2025-02-28,full
Y03102,1,230326,Inactive,2015-02-26,2016-08-10,archive
Y03103,1,299358,Active,2017-12-06,,full
Y03112,1,192864,Inactive,2014-04-15,2021-06-30,full
Y03124,1,192876,Active,2014-04-15,,full
Y03134,1,195449,Inactive,2013-10-31,2013-10-31,archive
Y03135,1,192886,Active,2014-04-15,,full
Y03154,1,230327,Inactive,2015-02-26,2015-04-21,full
Y03200,1,230328,Inactive,2015-02-26,2015-10-07,archive
Y03210,1,230329,Inactive,2015-02-26,2016-08-16,full
Y03217,1,230330,Inactive,2015-02-26,2016-08-16,full
Y03218,1,230331,Inactive,2015-02-26,2016-08-16,full
Y03222,1,192971,Active,2014-04-15,,full
Y03272,1,230332,Inactive,2015-02-26,2016-08-23,full
Y03287,1,230333,Inactive,2015-02-26,2015-03-17,full
Y03296,1,193044,Inactive,2014-04-15,2024-10-31,full
Y03303,1,230334,Active,2015-02-26,,full
Y03329,1,230335,Inactive,2015-02-26,2017-08-16,full
Y03362,1,193109,Inactive,2014-04-15,2019-05-01,full
Y03363,1,193110,Inactive,2014-04-15,2018-02-01,full
Y03364,1,193111,Inactive,2014-04-15,2018-12-20,full
Y03366,1,193113,Active,2014-04-15,,full
Y03376,1,230336,Inactive,2015-02-26,2016-08-16,full
Y03377,1,230337,Inactive,2015-02-26,2016-08-16,full
Y03378,1,230338,Inactive,2015-02-26,2016-08-16,full
Y03379,1,230339,Inactive,2015-02-26,2016-08-16,full
Y03380,1,230340,Inactive,2015-02-26,2016-08-16,full
Y03381,1,230341,Inactive,2015-02-26,2016-08-16,full
Y03382,1,230342,Inactive,2015-02-26,2016-08-16,full
Y03383,1,230343,Inactive,2015-02-26,2016-08-16,full
Y03387,1,193133,Inactive,2014-04-15,2016-08-16,full
Y03402,1,193148,Active,2014-04-15,,full
Y03430,1,193176,Inactive,2014-04-15,2016-06-08,archive
Y03433,1,230344,Active,2015-02-26,,full
Y03434,1,230345,Active,2015-02-26,,full
Y03436,1,230346,Inactive,2015-02-26,2016-08-10,archive
Y03441,1,193187,Active,2014-04-15,,full
Y03445,1,193191,Inactive,2013-07-31,2013-07-31,archive
Y03454,1,230347,Inactive,2015-02-26,2018-09-04,full
Y03470,1,230348,Inactive,2015-02-26,2015-04-21,full
Y03472,1,230349,Inactive,2015-02-26,2015-04-21,full
Y03478,1,230350,Inactive,2015-02-26,2015-05-31,archive
Y03504,1,230351,Inactive,2015-02-26,2016-08-16,full
Y03506,1,195572,Inactive,2014-04-23,2018-09-30,full
Y03516,1,193263,Inactive,2013-10-31,2013-10-31,archive
Y03546,1,230352,Inactive,2015-02-26,2015-03-03,full
Y03575,1,230353,Inactive,2015-02-26,2016-08-16,full
Y03584,1,193370,Active,2014-04-15,,full
Y03587,1,193376,Inactive,2014-04-15,2022-04-30,full
Y03595,1,193392,Active,2014-04-15,,full
Y03597,1,193396,Active,2014-04-15,,full
Y03602,1,193406,Active,2014-04-15,,full
Y03656,1,193514,Inactive,2014-04-15,2024-06-30,full
Y03661,1,193524,Inactive,2014-04-15,2020-06-30,full
Y03663,1,193528,Active,2014-04-15,,full
Y03664,1,193530,Active,2014-04-15,,full
Y03671,1,199606,Inactive,2014-11-26,2025-04-30,full
Y03699,1,230354,Inactive,2015-02-26,2015-03-03,full
Y03708,1,230355,Inactive,2015-02-26,2015-03-03,full
Y03738,1,230356,Inactive,2015-02-26,2015-03-17,full
Y03755,1,193656,Active,2014-04-15,,full
Y04225,1,194582,Active,2014-04-15,,full
Y04266,1,230357,Active,2015-02-26,,full
Y04273,1,194678,Active,2014-04-15,,full
Y04333,1,194798,Inactive,2014-04-15,2019-12-04,full
Y04480,1,230358,Inactive,2015-02-26,2017-08-16,full
Y04595,1,230359,Inactive,2015-02-26,2016-08-23,full
Y04659,1,230360,Inactive,2015-02-26,2019-12-04,full
Y04660,1,199051,Inactive,2014-10-29,2017-01-27,archive
Y04662,1,233023,Active,2015-07-01,,full
Y04664,1,197952,Active,2014-09-10,,full
Y04786,1,278511,Inactive,2016-03-02,2019-12-04,full
Y04800,1,230362,Inactive,2015-02-26,2016-06-30,archive
Y04804,1,230363,Inactive,2015-02-26,2016-08-23,full
Y04809,1,230364,Active,2015-02-26,,full
Y04882,1,201456,Active,2015-01-07,,full
Y04883,1,201458,Inactive,2015-01-07,2021-06-30,full
Y04884,1,201460,Active,2015-01-07,,full
Y04887,1,201438,Inactive,2015-01-07,2017-11-01,full
Y04925,1,230389,Active,2015-02-26,,full
Y04926,1,230386,Inactive,2015-02-26,2019-12-04,full
Y04927,1,230384,Inactive,2015-02-26,2019-05-01,full
Y04942,1,230501,Inactive,2015-03-04,2023-12-31,full
Y04943,1,230803,Inactive,2015-03-12,2018-02-01,full
Y04944,1,230813,Inactive,2015-03-12,2018-02-01,full
Y04945,1,230825,Inactive,2015-03-12,2018-02-01,full
Y04947,1,230805,Inactive,2015-03-12,2022-07-31,full
Y04949,1,230827,Inactive,2015-03-12,2020-06-30,full
Y04951,1,230821,Inactive,2015-03-12,2022-11-30,full
Y04952,1,230809,Inactive,2015-03-12,2022-07-31,full
Y04957,1,231107,Active,2015-03-25,,full
Y04965,1,231109,Active,2015-03-25,,full
Y04968,1,231134,Inactive,2015-03-25,2025-04-30,full
Y04969,1,231115,Active,2015-03-25,,full
Y04977,1,231139,Active,2015-03-25,,full
Y04979,1,231325,Inactive,2015-04-08,2018-05-02,full
Y04995,1,232893,Active,2015-06-24,,full
Y05008,1,231831,Inactive,2015-05-14,2018-02-01,full
Y05021,1,232184,Inactive,2015-06-03,2018-02-01,full
Y05023,1,232177,Active,2015-06-03,,full
Y05029,1,232196,Inactive,2015-06-03,2015-06-16,full
Y05030,1,232198,Inactive,2015-06-03,2015-06-16,full
Y05031,1,232200,Inactive,2015-06-03,2015-06-16,full
Y05032,1,232202,Inactive,2015-06-03,2015-06-16,full
Y05080,1,233026,Active,2015-07-01,,full
Y05086,1,233044,Inactive,2015-07-01,2017-08-16,full
Y05087,1,233046,Inactive,2015-07-01,2017-08-16,full
Y05088,1,233048,Active,2015-07-01,,full
Y05125,1,233891,Active,2015-08-19,,full
Y05159,1,234382,Inactive,2015-09-16,2018-05-02,full
Y05161,1,289089,Active,2017-02-09,,full
Y05162,1,289090,Active,2017-02-09,,full
Y05163,1,289091,Active,2017-02-09,,full
Y05167,1,234405,Active,2015-09-16,,full
Y05187,1,289092,Active,2017-02-09,,full
Y05190,1,292949,Active,2017-05-24,,full
Y05197,1,276110,Inactive,2015-11-11,2016-08-23,full
Y05212,1,275867,Active,2015-11-04,,full
Y05230,1,276144,Inactive,2015-11-11,2016-08-23,full
Y05238,1,276214,Inactive,2015-11-18,2019-12-04,full
Y05239,1,276216,Inactive,2015-11-18,2019-12-04,full
Y05240,1,276218,Inactive,2015-11-18,2019-12-04,full
Y05248,1,276346,Active,2015-11-25,,full
Y05250,1,276543,Active,2015-12-02,,full
Y05251,1,276547,Inactive,2015-12-02,2023-12-31,full
Y05252,1,276545,Inactive,2015-12-02,2023-12-31,full
Y05253,1,276557,Inactive,2015-12-02,2023-12-31,full
Y05257,1,277243,Active,2016-01-13,,full
Y05258,1,276559,Active,2015-12-02,,full
Y05267,1,276640,Inactive,2015-12-09,2019-05-01,full
Y05268,1,276638,Inactive,2015-12-09,2019-05-01,full
Y05279,1,277116,Inactive,2016-01-06,2023-12-31,full
Y05286,1,277104,Active,2016-01-06,,full
Y05291,1,277250,Active,2016-01-13,,full
Y05317,1,278382,Active,2016-02-24,,full
Y05318,1,278372,Active,2016-02-24,,full
Y05330,1,278247,Active,2016-02-17,,full
Y05346,1,278525,Active,2016-03-02,,full
Y05349,1,278521,Active,2016-03-02,,full
Y05363,1,278754,Active,2016-03-16,,full
Y05364,1,278758,Active,2016-03-16,,full
Y05369,1,278868,Active,2016-03-23,,full
Y05385,1,279340,Inactive,2016-04-06,2017-08-10,full
Y05412,1,282882,Active,2016-05-19,,full
Y05416,1,283158,Inactive,2016-05-26,2017-08-10,full
Y05448,1,283788,Inactive,2016-06-22,2016-07-05,full
Y05472,1,392792,Active,2020-03-25,,full
Y05502,1,289093,Inactive,2017-02-09,2022-11-30,full
Y05548,1,286303,Inactive,2016-09-28,2019-05-01,full
Y05569,1,286700,Inactive,2016-10-19,2019-05-01,full
Y05622,1,287627,Active,2016-11-24,,full
Y05665,1,288490,Inactive,2017-01-11,2018-12-20,full
Y05690,1,289768,Active,2017-03-01,,full
Y05701,1,290149,Inactive,2017-03-15,2017-08-10,full
Y05733,1,290919,Active,2017-03-31,,full
Y05750,1,291470,Active,2017-04-26,,full
Y05826,1,294834,Active,2017-07-26,,full
Y05840,1,295375,Inactive,2017-08-16,2019-01-31,full
Y05857,1,295704,Active,2017-09-06,,full
Y05960,1,342775,Active,2019-01-30,,full
Y06007,1,301145,Active,2018-03-08,,full
Y06095,1,303303,Active,2018-05-09,,full
Y06113,1,304737,Active,2018-06-27,,full
Y06125,1,309492,Active,2018-11-22,,full
Y06153,1,386762,Active,2019-11-06,,full
Y06218,1,306979,Active,2018-09-19,,full
Y06247,1,479035,Active,2022-01-05,,full
Y06275,1,307472,Active,2018-10-10,,full
Y06320,1,341647,Inactive,2018-12-05,2022-03-31,full
Y06345,1,342702,Active,2019-01-23,,full
Y06354,1,386882,Active,2019-11-13,,full
Y06356,1,343112,Active,2019-02-14,,full
Y06378,1,343801,Active,2019-03-13,,full
Y06389,1,343826,Active,2019-03-13,,full
Y06443,1,345436,Active,2019-05-15,,full
Y06487,1,379858,Active,2019-07-03,,full
Y06499,1,381968,Active,2019-07-10,,full
Y06507,1,382554,Inactive,2019-07-31,2024-10-31,full
Y06545,1,386514,Active,2019-10-23,,full
Y06592,1,389936,Active,2020-01-08,,full
Y06659,1,392907,Active,2020-04-01,,full
Y06792,1,395691,Active,2020-06-03,,full
Y06810,1,395812,Active,2020-06-10,,full
Y06957,1,403142,Inactive,2020-12-16,2023-12-31,full
Y07014,1,412661,Active,2021-03-31,,full
Y07020,1,412833,Active,2021-04-01,,full
Y07024,1,413580,Active,2021-04-01,,full
Y07025,1,413582,Active,2021-04-21,,full
Y07040,1,428390,Active,2021-05-01,,full
Y07057,1,449673,Active,2021-06-02,,full
Y07059,1,474695,Active,2021-09-01,,full
Y07060,1,475863,Active,2021-09-01,,full
Y07274,1,481694,Inactive,2022-03-16,2025-09-30,full
Y07275,1,481696,Active,2022-03-16,,full
Y07697,1,492625,Active,2022-09-01,,full
Y07819,1,496305,Active,2022-12-01,,full
Y08082,1,510872,Active,2023-09-20,,full
Y08124,1,514002,Inactive,2023-10-12,2025-02-28,full
Y08368,1,520939,Active,2024-03-13,,full
Y08371,1,521784,Active,2024-03-20,,full
Y08411,1,523842,Active,2024-03-01,,full
Y08516,1,528115,Active,2024-07-17,,full
Y08543,1,529847,Inactive,2024-08-14,2025-09-30,full
Y08645,1,536097,Active,2024-11-01,,full
Y08852,1,547679,Active,2025-08-01,,full
Y08886,1,549284,Active,2025-10-02,,full
Y09077,1,555776,Active,2026-03-20,,full
