"year","total_DDD"
"2015",12633432.3778782
"2016",12327290.4907117
"2017",11978161.9408268
"2018",11686924.3228676
"2019",11495372.322591
"2020",11482581.8825853
"2021",10844891.9711881
"2022",10490942.2960356
"2023",10222654.5213566
"2024",9988142.07948581
