"Region","total_DDD","total_DDD_2024","population","DDD/population"
"East of England",13697698.1756204,1207062.73799868,6401418,0.18856177459411
"London",15184622.7868623,1497900.54447895,8869043,0.16889088760523
"Midlands",19740715.9492787,1699712.43283461,10951858,0.155198545565018
"North East And Yorkshire",16690147.1600848,1408070.03717996,8220282,0.171292181603984
"North West",16615282.353014,1384311.48247759,7515718,0.184188853610206
"South East",19028894.7036369,1694795.40282298,9387286,0.180541575362994
"South West",12193033.0770296,1096289.44169305,5766937,0.190099084087974
