"Region","total_DDD","total_DDD_2024","population","DDDs_per_1000"
"East of England",13697698.1756204,1207062.73799868,6401418,188.56
"London",15184622.7868623,1497900.54447895,8869043,168.89
"Midlands",19740715.9492787,1699712.43283461,10951858,155.2
"North East And Yorkshire",16690147.1600848,1408070.03717996,8220282,171.29
"North West",16615282.353014,1384311.48247759,7515718,184.19
"South East",19028894.7036369,1694795.40282298,9387286,180.54
"South West",12193033.0770296,1096289.44169305,5766937,190.1
