"year","total_DDD"
"2019",812148.730572687
"2020",782373.248123117
"2021",785848.676739827
"2022",794855.111836744
"2023",817384.634463298
"2024",898302.207284048
