"region","total_DDD","total_DDD_2024","population","DDD/population"
"East Of England",281061.386323817,48386.4973726991,6401418,0.00755871548658423
"London",1173080.06384219,227666.731385391,8869043,0.0256698193238426
"Midlands",1130304.47405777,214674.400011239,10951858,0.0196016420237771
"North East And Yorkshire",614624.653484755,107095.950858145,8220282,0.0130282575291389
"North West",664240.421461986,118021.946658653,7515718,0.01570334952145
"South East",623867.513416431,109345.962388509,9387286,0.0116483041412085
"South West",403734.096432776,73110.7186094113,5766937,0.0126775649897704
